equipment_id,base_visitor_point,max_visitor_point,stay_interval,relottery_interval,text_description_id_1,text_description_id_2,text_flavor,agito_visitor_point_reward_id,resource_id,agito_visitor_voice_id,open_date
1001010,5,1000,60,0,2020001,1,1,100101001,791500001,1,2001-01-01T00:00:00
1001020,5,1000,50,0,2020002,1,1,100102001,791500002,1,2001-01-01T00:00:00
1001050,5,1000,60,0,2020050,1,1,100105001,791500077,1,2001-01-01T00:00:00
1001060,5,1000,60,0,2020051,1,1,100106001,791500086,1,2001-01-01T00:00:00
1001070,5,1000,60,0,2020066,1,1,100107001,791500093,1,2022-07-15T10:35:00
1001080,5,1000,70,0,2020090,1,1,100108001,791500117,1,2022-10-31T10:35:00
1001090,5,1000,70,0,2020104,1,1,100109001,791500132,1,2022-12-31T10:30:00
1001100,5,1000,70,0,2020114,1,1,100110001,791500141,1,2023-02-10T10:35:00
1001110,5,1000,70,0,2020123,1,1,100111001,791500150,201,2023-03-16T10:35:00
1001120,5,1000,70,0,2020150,1,1,100112001,791500177,201,2023-07-14T10:35:00
1001130,5,1000,70,0,2020155,1,1,100113001,791500182,1,2023-08-10T10:35:00
1001140,5,1000,70,0,2020174,1,1,100114001,791500203,1,2023-10-30T10:35:00
1001150,5,1000,70,0,2020189,1,1,100115001,791500214,201,2023-12-15T10:35:00
1001160,5,1000,70,0,2020198,1,1,100116001,791500225,1,2024-02-08T10:35:00
1001170,5,1000,70,0,2020207,1,1,100117001,791500234,201,2024-03-16T10:35:00
1001180,5,1000,70,0,2020231,1,1,100118001,791500261,201,2024-06-28T10:35:00
1001190,5,1000,70,0,2020237,1,1,100119001,791500264,201,2024-08-06T10:35:00
1001200,5,1000,70,0,2020257,1,1,100120001,791500284,1,2024-11-07T10:35:00
1001210,5,1000,70,0,2020277,1,1,100121001,791500304,201,2025-02-10T10:35:00
1001220,5,1000,70,0,2020295,1,1,100122001,791500322,201,2025-04-24T10:35:00
1001230,5,1000,70,0,2020313,1,1,100123001,791500340,201,2025-07-11T10:35:00
1001240,5,1000,70,0,2020319,1,1,100124001,791500346,1,2025-08-07T10:35:00
1001250,5,1000,70,0,2020340,1,1,100125001,791500367,1,2025-11-10T10:35:00
1001260,5,1000,70,0,2020357,1,1,100126001,791500382,1,2026-01-27T10:35:00
1001270,5,1000,70,0,2020378,1,1,100127001,791500408,1,2026-04-24T10:35:00
1001280,5,1000,70,0,2020399,1,1,100128001,791500432,1,2026-07-22T10:35:00
1002010,5,1000,60,0,2020004,1,1,100201001,791500003,2,2001-01-01T00:00:00
1002020,5,1000,50,0,2020005,1,1,100202001,791500004,2,2001-01-01T00:00:00
1002040,5,1000,60,0,2020046,1,1,100204001,791500076,2,2001-01-01T00:00:00
1002050,5,1000,60,0,2020057,1,1,100205001,791500083,2,2001-01-01T00:00:00
1002060,5,1000,60,0,2020070,1,1,100206001,791500096,2,2022-07-31T10:30:00
1002070,5,1000,70,0,2020093,1,1,100207001,791500120,202,2022-11-15T10:35:00
1002080,5,1000,70,0,2020115,1,1,100208001,791500142,2,2023-02-10T10:35:00
1002090,5,1000,70,0,2020124,1,1,100209001,791500151,202,2023-03-16T10:35:00
1002100,5,1000,70,0,2020134,1,1,100210001,791500161,2,2023-05-05T10:35:00
1002110,5,1000,70,0,2020162,1,1,100211001,791500188,2,2023-08-31T10:35:00
1002120,5,1000,70,0,2020176,1,1,100212001,791500194,202,2023-11-03T10:30:00
1002130,5,1000,70,0,2020181,1,1,100213001,791500208,2,2023-11-16T10:35:00
1002140,5,1000,70,0,2020202,1,1,100214001,791500228,202,2024-02-16T10:35:00
1002150,5,1000,70,0,2020217,1,1,100215001,791500244,2,2024-04-30T10:35:00
1002160,5,1000,70,0,2020225,1,1,100216001,791500252,202,2024-05-31T10:35:00
1002170,5,1000,70,0,2020258,1,1,100217001,791500285,2,2024-11-07T10:35:00
1002180,5,1000,70,0,2020266,1,1,100218001,791500293,2,2024-12-16T10:35:00
1002190,5,1000,70,0,2020278,1,1,100219001,791500305,202,2025-02-10T10:35:00
1002200,5,1000,70,0,2020289,1,1,100220001,791500316,2,2025-03-28T10:35:00
1002210,5,1000,70,0,2020307,1,1,100221001,791500336,2,2025-06-13T10:35:00
1002220,5,1000,70,0,2020320,1,1,100222001,791500347,202,2025-08-07T10:35:00
1002230,5,1000,70,0,2020338,1,1,100223001,791500365,202,2025-10-30T10:35:00
1002240,5,1000,70,0,2020352,1,1,100224001,791500379,202,2025-12-29T10:35:00
1002250,5,1000,70,0,2020361,1,1,100225001,791500388,202,2026-02-09T10:35:00
1002270,5,1000,70,0,2020384,1,1,100227001,791500414,202,2026-05-15T10:35:00
1002280,5,1000,70,0,2020403,1,1,100228001,791500435,202,2026-08-06T10:35:00
1003010,5,1000,50,0,2020007,1,1,100301001,791500008,3,2001-01-01T00:00:00
1003020,5,1000,60,0,2020045,1,1,100302001,791500074,3,2001-01-01T00:00:00
1003030,5,1000,60,0,2020055,1,1,100303001,791500081,3,2001-01-01T00:00:00
1003040,5,1000,60,0,2020071,1,1,100304001,791500097,3,2022-07-31T10:30:00
1003050,5,1000,60,0,2020129,1,1,100305001,791500156,203,2023-04-14T10:35:00
1003060,5,1000,70,0,2020172,1,1,100306001,791500201,3,2023-10-24T10:35:00
1003070,5,1000,70,0,2020199,1,1,100307001,791500226,203,2024-02-08T10:35:00
1003080,5,1000,70,0,2020210,1,1,100308001,791500240,3,2024-03-30T10:35:00
1003090,5,1000,70,0,2020232,1,1,100309001,791500263,203,2024-06-28T10:35:00
1003100,5,1000,70,0,2020292,1,1,100310001,791500319,203,2025-04-11T10:35:00
1003110,5,1000,70,0,2020309,1,1,100311001,791500334,3,2025-06-13T10:35:00
1003120,5,1000,70,0,2020350,1,1,100312001,791500377,203,2025-12-12T10:35:00
1003130,5,1000,70,0,2020362,1,1,100313001,791500389,203,2026-02-09T10:35:00
1003140,5,1000,70,0,2020382,1,1,100314001,791500412,3,2026-05-01T10:35:00
1003150,5,1000,70,0,2020402,1,1,100315001,791500436,203,2026-08-06T10:35:00
1004010,5,1000,60,0,2020008,1,1,100401001,791500019,4,2001-01-01T00:00:00
1004020,5,1000,50,0,2020009,1,1,100402001,791500020,4,2001-01-01T00:00:00
1004030,5,1000,60,0,2020072,1,1,100403001,791500098,4,2022-07-31T10:30:00
1004040,5,1000,70,0,2020096,1,1,100404001,791500123,4,2022-11-30T10:35:00
1004050,5,1000,60,0,2020109,1,1,100405001,791500136,204,2023-01-17T10:35:00
1004060,5,1000,70,0,2020182,1,1,100406001,791500209,4,2023-11-16T10:35:00
1004070,5,1000,70,0,2020205,1,1,100407001,791500231,204,2024-02-29T10:35:00
1004080,5,1000,70,0,2020235,1,1,100408001,791500256,4,2024-07-23T10:35:00
1004090,5,1000,70,0,2020263,1,1,100409001,791500290,204,2024-11-29T10:35:00
1004100,5,1000,70,0,2020311,1,1,100410001,791500338,204,2025-06-27T10:35:00
1004110,5,1000,70,0,2020336,1,1,100411001,791500363,204,2025-10-23T10:35:00
1004120,5,1000,70,0,2020366,1,1,100412001,791500396,204,2026-02-27T10:35:00
1004130,5,1000,70,0,2020394,1,1,100413001,791500424,4,2026-06-29T10:35:00
1005010,5,1000,60,0,2020011,1,1,100501001,791500027,5,2001-01-01T00:00:00
1005020,5,1000,70,0,2020082,1,1,100502001,791500107,5,2022-09-16T10:35:00
1005030,5,1000,70,0,2020188,1,1,100503001,791500216,205,2023-12-15T10:35:00
1005040,5,1000,70,0,2020208,1,1,100504001,791500235,205,2024-03-16T10:35:00
1005050,5,1000,70,0,2020264,1,1,100505001,791500291,205,2024-11-29T10:35:00
1005060,5,1000,70,0,2020293,1,1,100506001,791500320,205,2025-04-11T10:35:00
1005070,5,1000,70,0,2020332,1,1,100507001,791500359,205,2025-09-26T10:35:00
1005080,5,1000,70,0,2020367,1,1,100508001,791500397,205,2026-02-27T10:35:00
1006010,5,1000,60,0,2020016,1,1,100601001,791500021,6,2001-01-01T00:00:00
1006020,5,1000,50,0,2020017,1,1,100602001,791500022,6,2001-01-01T00:00:00
1006030,5,1000,60,0,2020064,1,1,100603001,791500091,6,2022-06-30T10:35:00
1006040,5,1000,70,0,2020105,1,1,100604001,791500131,6,2022-12-31T10:30:00
1006050,5,1000,70,0,2020112,1,1,100605001,791500139,6,2023-01-31T10:35:00
1006060,5,1000,70,0,2020142,1,1,100606001,791500169,6,2023-05-31T10:35:00
1006070,5,1000,60,0,2020153,1,1,100607001,791500180,206,2023-07-31T10:35:00
1006080,5,1000,70,0,2020179,1,1,100608001,791500206,6,2023-11-07T10:35:00
1006090,5,1000,70,0,2020204,1,1,100609001,791500232,206,2024-02-29T10:35:00
1006100,5,1000,70,0,2020226,1,1,100610001,791500253,206,2024-05-31T10:35:00
1006110,5,1000,70,0,2020243,1,1,100611001,791500270,6,2024-08-29T10:35:00
1006120,5,1000,70,0,2020255,1,1,100612001,791500282,206,2024-10-25T10:35:00
1006130,5,1000,70,0,2020310,1,1,100613001,791500337,206,2025-06-27T10:35:00
1006140,5,1000,70,0,2020323,1,1,100614001,791500350,206,2025-08-14T10:35:00
1006150,5,1000,70,0,2020346,1,1,100615001,791500373,206,2025-11-28T10:35:00
1006160,5,1000,70,0,2020379,1,1,100616001,791500409,6,2026-04-24T10:35:00
1006170,5,1000,70,0,2020393,1,1,100617001,791500423,6,2026-06-29T10:35:00
1007010,5,1000,60,0,2020018,1,1,100701001,791500009,7,2001-01-01T00:00:00
1007020,5,1000,60,0,2020058,1,1,100702001,791500084,7,2001-01-01T00:00:00
1007030,5,1000,60,0,2020076,1,1,100703001,791500103,7,2022-08-30T10:35:00
1007040,5,1000,70,0,2020087,1,1,100704001,791500112,7,2022-10-17T10:35:00
1007050,5,1000,70,0,2020126,1,1,100705001,791500153,7,2023-03-31T10:35:00
1007060,5,1000,60,0,2020145,1,1,100706001,791500172,7,2023-06-15T10:35:00
1007070,5,1000,70,0,2020156,1,1,100707001,791500183,7,2023-08-10T10:35:00
1007080,5,1000,70,0,2020184,1,1,100708001,791500211,7,2023-11-30T10:35:00
1007090,5,1000,70,0,2020246,1,1,100709001,791500273,7,2024-09-13T10:35:00
1007100,5,1000,70,0,2020283,1,1,100710001,791500310,7,2025-02-27T10:35:00
1007110,5,1000,70,0,2020304,1,1,100711001,791500331,7,2025-05-30T10:35:00
1007120,5,1000,70,0,2020341,1,1,100712001,791500368,7,2025-11-10T10:35:00
1007130,5,1000,70,0,2020381,1,1,100713001,791500411,7,2026-05-01T10:35:00
1008010,5,1000,70,0,2020127,1,1,100801001,791500154,8,2023-03-31T10:35:00
1008020,5,1000,70,0,2020284,1,1,100802001,791500311,8,2025-02-27T10:35:00
1009010,5,1000,50,0,2020010,1,1,100901001,791500033,9,2001-01-01T00:00:00
1016010,5,1000,60,0,2020023,1,1,101601001,791500015,16,2001-01-01T00:00:00
1016020,5,1000,60,0,2020054,1,1,101602001,791500079,16,2001-01-01T00:00:00
1016030,5,1000,60,0,2020079,1,1,101603001,791500115,16,2022-09-10T10:35:00
1016040,5,1000,70,0,2020101,1,1,101604001,791500128,16,2022-12-15T10:35:00
1016050,5,1000,70,0,2020136,1,1,101605001,791500165,16,2023-05-13T10:35:00
1016060,5,1000,60,0,2020164,1,1,101606001,791500191,16,2023-09-15T10:35:00
1016070,5,1000,70,0,2020190,1,1,101607001,791500217,16,2023-12-29T10:35:00
1016080,5,1000,70,0,2020219,1,1,101608001,791500246,16,2024-05-08T10:35:00
1016090,5,1000,70,0,2020286,1,1,101609001,791500313,16,2025-03-14T10:35:00
1016100,5,1000,70,0,2020325,1,1,101610001,791500352,16,2025-08-29T10:35:00
1016110,5,1000,70,0,2020372,1,1,101611001,791500402,16,2026-03-27T10:35:00
1016120,5,1000,70,0,2020397,1,1,101612001,791500430,16,2026-07-14T10:35:00
1017010,5,1000,60,0,2020020,1,1,101701001,791500005,17,2001-01-01T00:00:00
1017020,5,1000,60,0,2020021,1,1,101702001,791500006,17,2001-01-01T00:00:00
1017040,5,1000,60,0,2020040,1,1,101704001,791500072,17,2001-01-01T00:00:00
1017050,5,1000,60,0,2020053,1,1,101705001,791500078,17,2001-01-01T00:00:00
1017060,5,1000,60,0,2020073,1,1,101706001,791500100,17,2022-08-15T10:30:00
1017070,5,1000,70,0,2020098,1,1,101707001,791500125,17,2022-11-30T10:35:00
1017080,5,1000,70,0,2020107,1,1,101708001,791500134,17,2023-01-04T10:30:00
1017090,5,1000,70,0,2020117,1,1,101709001,791500144,17,2023-02-17T10:35:00
1017100,5,1000,60,0,2020120,1,1,101710001,791500147,217,2023-02-28T10:35:00
1017110,5,1000,70,0,2020132,1,1,101711001,791500159,17,2023-04-28T10:35:00
1017120,5,1000,70,0,2020147,1,1,101712001,791500174,17,2023-06-30T10:35:00
1017130,5,1000,70,0,2020159,1,1,101713001,791500186,17,2023-08-18T10:35:00
1017140,5,1000,70,0,2020167,1,1,101714001,791500196,17,2023-09-29T10:35:00
1017150,5,1000,70,0,2020178,1,1,101715001,791500205,17,2023-11-07T10:35:00
1017160,5,1000,70,0,2020201,1,1,101716001,791500229,217,2024-02-16T10:35:00
1017170,5,1000,70,0,2020213,1,1,101717001,791500237,17,2024-04-12T10:35:00
1017180,5,1000,70,0,2020228,1,1,101718001,791500258,217,2024-06-14T10:35:00
1017190,5,1000,70,0,2020240,1,1,101719001,791500269,217,2024-08-14T10:35:00
1017200,5,1000,70,0,2020260,1,1,101720001,791500287,17,2024-11-15T10:35:00
1017210,5,1000,70,0,2020269,1,1,101721001,791500296,217,2024-12-30T10:35:00
1017220,5,1000,70,0,2020280,1,1,101722001,791500307,217,2025-02-18T10:35:00
1017230,5,1000,70,0,2020299,1,1,101723001,791500326,217,2025-05-15T10:35:00
1017240,5,1000,70,0,2020322,1,1,101724001,791500349,217,2025-08-14T10:35:00
1017250,5,1000,70,0,2020331,1,1,101725001,791500358,217,2025-09-26T10:35:00
1017260,5,1000,70,0,2020343,1,1,101726001,791500370,17,2025-11-18T10:35:00
1017270,5,1000,70,0,2020365,1,1,101727001,791500390,217,2026-02-17T10:35:00
1017280,5,1000,70,0,2020375,1,1,101728001,791500405,217,2026-04-10T10:35:00
1017290,5,1000,70,0,2020390,1,1,101729001,791500420,17,2026-06-16T10:35:00
1017300,5,1000,70,0,2020396,1,1,101730001,791500429,17,2026-07-14T10:35:00
1018010,5,1000,60,0,2020024,1,1,101801001,791500011,18,2001-01-01T00:00:00
1018020,5,1000,60,0,2020039,1,1,101802001,791500065,18,2001-01-01T00:00:00
1018030,5,1000,60,0,2020060,1,1,101803001,791500087,18,2001-01-01T00:00:00
1018040,5,1000,70,0,2020118,1,1,101804001,791500145,18,2023-02-17T10:35:00
1018050,5,1000,70,0,2020170,1,1,101805001,791500199,218,2023-10-13T10:35:00
1018060,5,1000,70,0,2020229,1,1,101806001,791500259,218,2024-06-14T10:35:00
1018070,5,1000,70,0,2020234,1,1,101807001,791500255,18,2024-07-23T10:35:00
1018080,5,1000,70,0,2020272,1,1,101808001,791500299,218,2025-01-15T10:35:00
1018090,5,1000,70,0,2020302,1,1,101809001,791500329,218,2025-05-22T10:35:00
1018100,5,1000,70,0,2020328,1,1,101810001,791500355,18,2025-09-17T10:35:00
1018110,5,1000,70,0,2020369,1,1,101811001,791500399,218,2026-03-13T10:35:00
1019010,5,1000,70,0,2020245,1,1,101901001,791500272,19,2024-08-29T10:35:00
1019020,5,1000,70,0,2020091,1,1,101902001,791500118,19,2022-10-31T10:35:00
1020010,5,1000,60,0,2020025,1,1,102001001,791500035,20,2001-01-01T00:00:00
1021010,5,1000,60,0,2020026,1,1,102101001,791500024,21,2001-01-01T00:00:00
1021020,5,1000,60,0,2020075,1,1,102102001,791500102,21,2022-08-15T10:30:00
1021030,5,1000,70,0,2020192,1,1,102103001,791500218,21,2023-12-29T10:35:00
1021040,5,1000,70,0,2020261,1,1,102104001,791500288,21,2024-11-15T10:35:00
1021050,5,1000,70,0,2020345,1,1,102105001,791500372,21,2025-11-18T10:35:00
1021060,5,1000,70,0,2020355,1,1,102106001,791500385,21,2026-01-13T10:35:00
1021070,5,1000,70,0,2020377,1,1,102107001,791500406,21,2026-04-10T10:35:00
1022010,5,1000,60,0,2020027,1,1,102201001,791500036,22,2001-01-01T00:00:00
1024010,5,1000,60,0,2020139,1,1,102401001,791500164,24,2023-05-19T10:35:00
1027010,5,1000,70,0,2020214,1,1,102701001,791500239,27,2024-04-12T10:35:00
1027020,5,1000,70,0,2020326,1,1,102702001,791500353,27,2025-08-29T10:35:00
1032010,5,1000,70,0,2020185,1,1,103201001,791500212,32,2023-11-30T10:35:00
1032020,5,1000,70,0,2020290,1,1,103202001,791500317,32,2025-03-28T10:35:00
1033010,5,1000,60,0,2020048,1,1,103301001,791500054,33,2001-01-01T00:00:00
1037010,5,1000,70,0,2020267,1,1,103701001,791500294,37,2024-12-16T10:35:00
1040010,5,1000,70,0,2020148,1,1,104001001,791500175,40,2023-06-30T10:35:00
1040020,5,1000,70,0,2020275,1,1,104002001,791500302,40,2025-01-29T10:35:00
1040030,5,1000,70,0,2020373,1,1,104003001,791500403,40,2026-03-27T10:35:00
1044010,5,1000,70,0,2020197,1,1,104401001,791500223,44,2024-01-26T10:35:00
1044020,5,1000,70,0,2020305,1,1,104402001,791500332,44,2025-05-30T10:35:00
1049020,5,1000,45,0,2020077,1,1,104902001,791500104,49,2022-08-30T10:35:00
1049030,5,1000,70,0,2020099,1,1,104903001,791500126,49,2022-12-07T10:35:00
1049040,5,1000,70,0,2020252,1,1,104904001,791500279,49,2024-10-11T10:35:00
1049050,5,1000,70,0,2020391,1,1,104905001,791500421,49,2026-06-16T10:35:00
1083010,5,1000,50,0,2020042,1,1,108301001,791500067,83,2001-01-01T00:00:00
1083020,5,1000,70,0,2020084,1,1,108302001,791500109,83,2022-09-30T10:35:00
1083030,5,1000,70,0,2020161,1,1,108303001,791500189,83,2023-08-31T10:35:00
1083040,5,1000,70,0,2020221,1,1,108304001,791500247,283,2024-05-16T10:35:00
1083050,5,1000,70,0,2020241,1,1,108305001,791500268,283,2024-08-14T10:35:00
1083060,5,1000,70,0,2020317,1,1,108306001,791500344,283,2025-07-25T10:35:00
1083070,5,1000,70,0,2020353,1,1,108307001,791500380,283,2025-12-29T10:35:00
1084010,5,1000,60,0,2020013,1,1,108401001,791500068,84,2001-01-01T00:00:00
1084020,5,1000,70,0,2020085,1,1,108402001,791500110,84,2022-09-30T10:35:00
1084030,5,1000,70,0,2020250,1,1,108403001,791500276,84,2024-09-27T10:35:00
1084040,5,1000,70,0,2020334,1,1,108404001,791500361,84,2025-10-10T10:35:00
1085010,5,1000,45,0,2020014,1,1,108501001,791500017,85,2001-01-01T00:00:00
1085020,5,1000,50,0,2020015,1,1,108502001,791500018,85,2001-01-01T00:00:00
1085030,5,1000,60,0,2020037,1,1,108503001,791500070,85,2001-01-01T00:00:00
1085040,5,1000,60,0,2020063,1,1,108504001,791500092,85,2022-06-30T10:35:00
1085050,5,1000,70,0,2020081,1,1,108505001,791500106,85,2022-09-16T10:35:00
1085060,5,1000,70,0,2020141,1,1,108506001,791500168,85,2023-05-31T10:35:00
1085070,5,1000,70,0,2020158,1,1,108507001,791500185,85,2023-08-18T10:35:00
1085080,5,1000,70,0,2020168,1,1,108508001,791500198,85,2023-09-29T10:35:00
1085090,5,1000,70,0,2020194,1,1,108509001,791500220,85,2024-01-12T10:35:00
1085100,5,1000,70,0,2020238,1,1,108510001,791500265,85,2024-08-06T10:35:00
1085110,5,1000,70,0,2020249,1,1,108511001,791500277,85,2024-09-27T10:35:00
1085120,5,1000,70,0,2020281,1,1,108512001,791500308,85,2025-02-18T10:35:00
1085130,5,1000,70,0,2020297,1,1,108513001,791500324,85,2025-04-30T10:35:00
1085140,5,1000,70,0,2020316,1,1,108514001,791500343,85,2025-07-25T10:35:00
1085150,5,1000,70,0,2020349,1,1,108515001,791500376,85,2025-12-12T10:35:00
1085160,5,1000,70,0,2020364,1,1,108516001,791500391,85,2026-02-17T10:35:00
1085170,5,1000,70,0,2020387,1,1,108517001,791500417,85,2026-06-01T10:35:00
1085180,5,1000,70,0,2020400,1,1,108518001,791500433,85,2026-07-22T10:35:00
1089010,5,1000,70,0,2020223,1,1,108901001,791500251,289,2024-05-23T10:35:00
1090010,5,1000,70,0,2020270,1,1,109001001,791500297,290,2024-12-30T10:35:00
1090020,5,1000,70,0,2020347,1,1,109002001,791500374,290,2025-11-28T10:35:00
2001010,5,1000,60,0,2020003,1,1,200101001,791500038,1,2001-01-01T00:00:00
2001020,5,1000,60,0,2020069,1,1,200102001,791500099,1,2022-07-31T10:30:00
2001030,5,1000,60,0,2020122,1,1,200103001,791500149,201,2023-02-28T10:35:00
2001040,5,1000,70,0,2020216,1,1,200104001,791500243,1,2024-04-30T10:35:00
2001050,5,1000,70,0,2020308,1,1,200105001,791500335,1,2025-06-13T10:35:00
2001060,5,1000,70,0,2020337,1,1,200106001,791500364,201,2025-10-23T10:35:00
2001070,5,1000,70,0,2020360,1,1,200107001,791500387,201,2026-02-09T10:35:00
2001090,5,1000,70,0,2020404,1,1,200109001,791500437,201,2026-08-06T10:35:00
2002010,5,1000,60,0,2020144,1,1,200201001,791500171,2,2023-06-15T10:35:00
2002020,5,1000,70,0,2020233,1,1,200202001,791500262,202,2024-06-28T10:35:00
2002030,5,1000,70,0,2020276,1,1,200203001,791500303,2,2025-01-29T10:35:00
2002040,5,1000,70,0,2020401,1,1,200204001,791500434,2,2026-07-22T10:35:00
2003010,5,1000,60,0,2020006,1,1,200301001,791500007,3,2001-01-01T00:00:00
2003030,5,1000,70,0,2020089,1,1,200303001,791500114,3,2022-10-17T10:35:00
2003040,5,1000,70,0,2020108,1,1,200304001,791500135,3,2023-01-04T10:30:00
2003050,5,1000,70,0,2020116,1,1,200305001,791500143,3,2023-02-10T10:35:00
2003060,5,1000,70,0,2020239,1,1,200306001,791500266,203,2024-08-06T10:35:00
2003070,5,1000,70,0,2020268,1,1,200307001,791500295,3,2024-12-16T10:35:00
2003080,5,1000,70,0,2020279,1,1,200308001,791500306,203,2025-02-10T10:35:00
2003090,5,1000,70,0,2020296,1,1,200309001,791500323,203,2025-04-24T10:35:00
2003100,5,1000,70,0,2020342,1,1,200310001,791500369,3,2025-11-10T10:35:00
2003110,5,1000,70,0,2020385,1,1,200311001,791500415,203,2026-05-15T10:35:00
2004010,5,1000,60,0,2020041,1,1,200401001,791500073,4,2001-01-01T00:00:00
2004020,5,1000,60,0,2020061,1,1,200402001,791500088,4,2022-06-30T10:35:00
2004030,5,1000,70,0,2020157,1,1,200403001,791500184,4,2023-08-10T10:35:00
2004040,5,1000,70,0,2020303,1,1,200404001,791500330,204,2025-05-22T10:35:00
2004050,5,1000,70,0,2020321,1,1,200405001,791500348,204,2025-08-07T10:35:00
2004060,5,1000,70,0,2020380,1,1,200406001,791500410,4,2026-04-24T10:35:00
2005010,5,1000,60,0,2020052,1,1,200501001,791500080,5,2001-01-01T00:00:00
2005020,5,1000,70,0,2020312,1,1,200502001,791500339,205,2025-06-27T10:35:00
2005030,5,1000,70,0,2020395,1,1,200503001,791500425,5,2026-06-29T10:35:00
2006010,5,1000,70,0,2020086,1,1,200601001,791500111,6,2022-09-30T10:35:00
2006020,5,1000,70,0,2020160,1,1,200602001,791500187,6,2023-08-18T10:35:00
2006030,5,1000,70,0,2020187,1,1,200603001,791500215,206,2023-12-15T10:35:00
2006040,5,1000,70,0,2020265,1,1,200604001,791500292,206,2024-11-29T10:35:00
2006050,5,1000,70,0,2020368,1,1,200605001,791500398,206,2026-02-27T10:35:00
2007020,5,1000,60,0,2020038,1,1,200702001,791500069,7,2001-01-01T00:00:00
2007030,5,1000,70,0,2020102,1,1,200703001,791500129,7,2022-12-15T10:35:00
2007040,5,1000,70,0,2020171,1,1,200704001,791500200,207,2023-10-13T10:35:00
2007050,5,1000,70,0,2020200,1,1,200705001,791500227,207,2024-02-08T10:35:00
2007060,5,1000,70,0,2020218,1,1,200706001,791500245,7,2024-05-08T10:35:00
2007070,5,1000,70,0,2020259,1,1,200707001,791500286,7,2024-11-07T10:35:00
2007080,5,1000,70,0,2020314,1,1,200708001,791500341,207,2025-07-11T10:35:00
2007090,5,1000,70,0,2020324,1,1,200709001,791500351,7,2025-08-14T10:35:00
2007100,5,1000,70,0,2020354,1,1,200710001,791500381,7,2025-12-29T10:35:00
2007110,5,1000,70,0,2020363,1,1,200711001,791500392,7,2026-02-17T10:35:00
2008010,5,1000,60,0,2020019,1,1,200801001,791500061,8,2001-01-01T00:00:00
2008020,5,1000,70,0,2020247,1,1,200802001,791500274,0,2024-09-13T10:35:00
2008030,5,1000,70,0,2020383,1,1,200803001,791500413,8,2026-05-01T10:35:00
2009010,5,1000,60,0,2020047,1,1,200901001,791500075,9,2001-01-01T00:00:00
2012010,5,1000,70,0,2020100,1,1,201201001,791500127,0,2022-12-07T10:35:00
2012020,5,1000,60,0,2020165,1,1,201202001,791500192,0,2023-09-15T10:35:00
2012030,5,1000,70,0,2020183,1,1,201203001,791500210,0,2023-11-16T10:35:00
2012040,5,1000,70,0,2020273,1,1,201204001,791500300,0,2025-01-15T10:35:00
2012050,5,1000,70,0,2020333,1,1,201205001,791500360,0,2025-09-26T10:35:00
2012060,5,1000,70,0,2020371,1,1,201206001,791500401,0,2026-03-13T10:35:00
2013010,5,1000,60,0,2020166,1,1,201301001,791500193,0,2023-09-15T10:35:00
2013020,5,1000,70,0,2020227,1,1,201302001,791500254,0,2024-05-31T10:35:00
2013030,5,1000,70,0,2020339,1,1,201303001,791500366,0,2025-10-30T10:35:00
2015010,5,1000,65,0,2020034,1,1,201501001,791500053,0,2001-01-01T00:00:00
2015020,5,1000,70,0,2020274,1,1,201502001,791500301,0,2025-01-15T10:35:00
2016020,5,1000,70,0,2020119,1,1,201602001,791500146,16,2023-02-17T10:35:00
2016030,5,1000,70,0,2020128,1,1,201603001,791500155,16,2023-03-31T10:35:00
2016040,5,1000,70,0,2020244,1,1,201604001,791500271,16,2024-08-29T10:35:00
2016050,5,1000,70,0,2020262,1,1,201605001,791500289,16,2024-11-15T10:35:00
2016060,5,1000,70,0,2020344,1,1,201606001,791500371,16,2025-11-18T10:35:00
2017010,5,1000,60,0,2020022,1,1,201701001,791500042,17,2001-01-01T00:00:00
2017020,5,1000,60,0,2020065,1,1,201702001,791500090,17,2022-06-30T10:35:00
2017030,5,1000,70,0,2020193,1,1,201703001,791500222,217,2024-01-12T10:35:00
2017040,5,1000,70,0,2020254,1,1,201704001,791500281,17,2024-10-11T10:35:00
2018010,5,1000,60,0,2020074,1,1,201801001,791500101,18,2022-08-15T10:30:00
2018020,5,1000,60,0,2020140,1,1,201802001,791500163,18,2023-05-19T10:35:00
2018030,5,1000,70,0,2020180,1,1,201803001,791500207,18,2023-11-07T10:35:00
2018040,5,1000,70,0,2020191,1,1,201804001,791500219,18,2023-12-29T10:35:00
2018050,5,1000,70,0,2020203,1,1,201805001,791500230,218,2024-02-16T10:35:00
2018060,5,1000,70,0,2020282,1,1,201806001,791500309,218,2025-02-18T10:35:00
2018070,5,1000,70,0,2020398,1,1,201807001,791500431,218,2026-07-14T10:35:00
2019010,5,1000,70,0,2020137,1,1,201901001,791500166,19,2023-05-13T10:35:00
2019020,5,1000,70,0,2020215,1,1,201902001,791500238,19,2024-04-12T10:35:00
2019030,5,1000,70,0,2020287,1,1,201903001,791500315,19,2025-03-14T10:35:00
2020010,5,1000,70,0,2020376,1,1,202001001,791500407,20,2026-04-10T10:35:00
2021010,5,1000,60,0,2020059,1,1,202101001,791500085,21,2001-01-01T00:00:00
2021020,5,1000,70,0,2020113,1,1,202102001,791500140,21,2023-01-31T10:35:00
2021030,5,1000,70,0,2020138,1,1,202103001,791500167,21,2023-05-13T10:35:00
2021040,5,1000,70,0,2020149,1,1,202104001,791500176,21,2023-06-30T10:35:00
2021050,5,1000,70,0,2020173,1,1,202105001,791500202,21,2023-10-24T10:35:00
2021060,5,1000,70,0,2020288,1,1,202106001,791500314,21,2025-03-14T10:35:00
2023010,5,1000,60,0,2020028,1,1,202301001,791500037,0,2001-01-01T00:00:00
2024010,5,1000,60,0,2020062,1,1,202401001,791500089,24,2001-01-01T00:00:00
2024020,5,1000,70,0,2020329,1,1,202402001,791500356,24,2025-09-17T10:35:00
2027010,5,1000,60,0,2020078,1,1,202701001,791500105,27,2022-08-30T10:35:00
2027020,5,1000,70,0,2020133,1,1,202702001,791500160,27,2023-04-28T10:35:00
2027030,5,1000,70,0,2020291,1,1,202703001,791500318,27,2025-03-28T10:35:00
2027040,5,1000,70,0,2020356,1,1,202704001,791500386,27,2026-01-13T10:35:00
2027050,5,1000,70,0,2020392,1,1,202705001,791500422,27,2026-06-16T10:35:00
2032010,5,1000,60,0,2020049,1,1,203201001,791500046,32,2001-01-01T00:00:00
2032020,5,1000,70,0,2020092,1,1,203202001,791500119,32,2022-10-31T10:35:00
2032030,5,1000,70,0,2020196,1,1,203203001,791500224,32,2024-01-26T10:35:00
2032040,5,1000,70,0,2020330,1,1,203204001,791500357,32,2025-09-17T10:35:00
2032050,5,1000,70,0,2020374,1,1,203205001,791500404,32,2026-03-27T10:35:00
2033010,5,1000,70,0,2020327,1,1,203301001,791500354,33,2025-08-29T10:35:00
2034010,5,1000,65,0,2020029,1,1,203401001,791500051,0,2001-01-01T00:00:00
2034020,5,1000,45,0,2020080,1,1,203402001,791500116,0,2022-09-10T10:35:00
2034030,5,1000,70,0,2020248,1,1,203403001,791500275,0,2024-09-13T10:35:00
2037010,5,1000,65,0,2020030,1,1,203701001,791500057,37,2001-01-01T00:00:00
2039010,5,1000,65,0,2020031,1,1,203901001,791500052,0,2001-01-01T00:00:00
2040010,5,1000,65,0,2020033,1,1,204001001,791500026,40,2001-01-01T00:00:00
2040020,5,1000,70,0,2020083,1,1,204002001,791500108,40,2022-09-16T10:35:00
2040030,5,1000,70,0,2020097,1,1,204003001,791500124,40,2022-11-30T10:35:00
2040040,5,1000,70,0,2020306,1,1,204004001,791500333,40,2025-05-30T10:35:00
2041010,5,1000,65,0,2020032,1,1,204101001,791500060,0,2001-01-01T00:00:00
2042010,5,1000,70,0,2020103,1,1,204201001,791500130,0,2022-12-15T10:35:00
2042020,5,1000,70,0,2020348,1,1,204202001,791500375,0,2025-11-28T10:35:00
2043010,5,1000,45,0,2020036,1,1,204301001,791500058,0,2001-01-01T00:00:00
2044010,5,1000,45,0,2020056,1,1,204401001,791500082,44,2001-01-01T00:00:00
2044020,5,1000,70,0,2020106,1,1,204402001,791500133,44,2022-12-31T10:30:00
2044030,5,1000,45,0,2020131,1,1,204403001,791500158,244,2023-04-14T10:35:00
2044040,5,1000,70,0,2020143,1,1,204404001,791500170,44,2023-05-31T10:35:00
2044050,5,1000,70,0,2020175,1,1,204405001,791500204,44,2023-10-30T10:35:00
2044060,5,1000,70,0,2020236,1,1,204406001,791500257,44,2024-07-23T10:35:00
2044070,5,1000,70,0,2020298,1,1,204407001,791500325,244,2025-04-30T10:35:00
2044080,5,1000,70,0,2020370,1,1,204408001,791500400,244,2026-03-13T10:35:00
2049010,5,1000,70,0,2020135,1,1,204901001,791500162,49,2023-05-05T10:35:00
2050010,5,1000,70,0,2020253,1,1,205001001,791500280,0,2024-10-11T10:35:00
2051010,5,1000,70,0,2020386,1,1,205101001,791500416,0,2026-05-15T10:35:00
2059010,5,1000,60,0,2020146,1,1,205901001,791500173,0,2023-06-15T10:35:00
2059020,5,1000,70,0,2020186,1,1,205902001,791500213,0,2023-11-30T10:35:00
2064010,5,1000,70,0,2020358,1,1,206401001,791500383,0,2026-01-27T10:35:00
2082010,5,1000,45,0,2020044,1,1,208201001,791500013,0,2001-01-01T00:00:00
2082020,5,1000,45,0,2020121,1,1,208202001,791500148,0,2023-02-28T10:35:00
2082030,5,1000,70,0,2020169,1,1,208203001,791500197,0,2023-09-29T10:35:00
2082040,5,1000,70,0,2020300,1,1,208204001,791500327,0,2025-05-15T10:35:00
2082050,5,1000,70,0,2020351,1,1,208205001,791500378,0,2025-12-12T10:35:00
2083010,5,1000,60,0,2020012,1,1,208301001,791500062,83,2001-01-01T00:00:00
2083020,5,1000,60,0,2020067,1,1,208302001,791500094,83,2022-07-15T10:35:00
2083040,5,1000,70,0,2020206,1,1,208304001,791500233,283,2024-02-29T10:35:00
2083050,5,1000,70,0,2020251,1,1,208305001,791500278,0,2024-09-27T10:35:00
2083060,5,1000,70,0,2020285,1,1,208306001,791500312,83,2025-02-27T10:35:00
2084020,5,1000,50,0,2020043,1,1,208402001,791500071,84,2001-01-01T00:00:00
2084030,5,1000,60,0,2020068,1,1,208403001,791500095,84,2022-07-15T10:35:00
2084040,5,1000,70,0,2020212,1,1,208404001,791500242,84,2024-03-30T10:35:00
2085010,5,1000,45,0,2020130,1,1,208501001,791500157,85,2023-04-14T10:35:00
2085020,5,1000,70,0,2020211,1,1,208502001,791500241,85,2024-03-30T10:35:00
2085030,5,1000,70,0,2020335,1,1,208503001,791500362,85,2025-10-10T10:35:00
2086010,5,1000,70,0,2020125,1,1,208601001,791500152,0,2023-03-16T10:35:00
2086020,5,1000,70,0,2020151,1,1,208602001,791500179,0,2023-07-14T10:35:00
2086030,5,1000,70,0,2020220,1,1,208603001,791500248,0,2024-05-16T10:35:00
2086040,5,1000,70,0,2020242,1,1,208604001,791500267,0,2024-08-14T10:35:00
2086050,5,1000,70,0,2020301,1,1,208605001,791500328,0,2025-05-15T10:35:00
2086060,5,1000,70,0,2020318,1,1,208606001,791500345,0,2025-07-25T10:35:00
2086080,5,1000,70,0,2020388,1,1,208608001,791500419,0,2026-06-01T10:35:00
2087010,5,1000,45,0,2020111,1,1,208701001,791500138,0,2023-01-17T10:35:00
2087020,5,1000,70,0,2020222,1,1,208702001,791500249,0,2024-05-16T10:35:00
2089010,5,1000,45,0,2020110,1,1,208901001,791500137,289,2023-01-17T10:35:00
2089020,5,1000,70,0,2020271,1,1,208902001,791500298,289,2024-12-30T10:35:00
2090010,5,1000,70,0,2020152,1,1,209001001,791500178,290,2023-07-14T10:35:00
2090020,5,1000,70,0,2020224,1,1,209002001,791500250,290,2024-05-23T10:35:00
2094010,5,1000,70,0,2020195,1,1,209401001,791500221,0,2024-01-12T10:35:00
2100010,5,1000,70,0,2020315,1,1,210001001,791500342,0,2025-07-11T10:35:00
2101010,5,1000,70,0,2020359,1,1,210101001,791500384,0,2026-01-27T10:35:00
2108010,5,1000,70,0,2020294,1,1,210801001,791500321,0,2025-04-11T10:35:00
2109010,5,1000,70,0,2020094,1,1,210901001,791500121,0,2022-11-15T10:35:00
2109020,5,1000,70,0,2020209,1,1,210902001,791500236,0,2024-03-16T10:35:00
2109030,5,1000,70,0,2020389,1,1,210903001,791500418,0,2026-06-01T10:35:00
2110010,5,1000,70,0,2020095,1,1,211001001,791500122,0,2022-11-15T10:35:00
2110020,5,1000,70,0,2020230,1,1,211002001,791500260,0,2024-06-14T10:35:00
2111010,5,1000,45,0,2020154,1,1,211101001,791500181,0,2023-07-31T10:35:00
2111020,5,1000,70,0,2020256,1,1,211102001,791500283,0,2024-10-25T10:35:00
2112010,5,1000,50,0,2020035,1,1,211201001,791500059,0,2001-01-01T00:00:00
2112020,5,1000,70,0,2020088,1,1,211202001,791500113,0,2022-10-17T10:35:00
2112030,5,1000,70,0,2020163,1,1,211203001,791500190,0,2023-08-31T10:35:00
2113010,5,1000,50,0,2020035,1,1,211301001,791500055,0,2001-01-01T00:00:00
2121010,5,1000,70,0,2020177,1,1,212101001,791500195,0,2023-11-03T10:30:00
