stage_id,join_reward_group_id,clear_reward_group_id,damage_ranking_reward_id
5110011,1401004,1402004,1112004
5110021,1401006,1402006,1112006
5110022,1401012,1402016,1112012
5110031,1401007,1402007,1112007
5110041,1401008,1402012,1112008
5110051,1401009,1402013,1112009
5110061,1401011,1402015,1112011
5110082,1401014,1402018,1112014
5110092,1401015,1402019,1112015
5110102,1401017,1402021,1112017
5110113,1401018,1402022,1112018
5110123,1401019,1402023,1112019
5110134,1401020,1402024,1112020
5110143,1401021,1402025,1112021
5110153,1401022,1402026,1112022
5110165,1401023,1402027,1112023
5110174,1401024,1402028,1112024
5110186,1401025,1402029,1112025
5110194,1401026,1402030,1112026
5110204,1401027,1402031,1112027
5111001,1401001,1402008,1112001
5112001,1401002,1402009,1112002
5113001,1401003,1402010,1112003
5114001,1401005,1402011,1112005
5115001,1401010,1402014,1112010
5116001,1401013,1402017,1112013
6102001,1401016,1402020,1112016
