id,key,value,type,priority,open_date,close_date,open_time,close_time
10701,loading_timeout,180,2,1,2016-11-16T00:00:00,2200-12-31T00:00:00,0,0
10702,minimum_retry_num,10,2,1,2016-11-16T00:00:00,2200-12-31T00:00:00,0,0
10703,random_correction_min,0.97,3,1,2016-11-16T00:00:00,2200-12-31T00:00:00,0,0
10704,random_correction_max,1.03,3,1,2016-11-16T00:00:00,2200-12-31T00:00:00,0,0
10705,all_correction_1,1,3,1,2016-11-16T00:00:00,2200-12-31T00:00:00,0,0
10706,all_correction_2,0.75,3,1,2016-11-16T00:00:00,2200-12-31T00:00:00,0,0
10707,all_correction_3,0.6,3,1,2016-11-16T00:00:00,2200-12-31T00:00:00,0,0
10708,all_correction_4,0.45,3,1,2016-11-16T00:00:00,2200-12-31T00:00:00,0,0
10709,all_correction_5,0.4,3,1,2016-11-16T00:00:00,2200-12-31T00:00:00,0,0
10710,consecutive_correction_1,1,3,1,2016-11-16T00:00:00,2200-12-31T00:00:00,0,0
10711,consecutive_correction_2,0.8,3,1,2016-11-16T00:00:00,2200-12-31T00:00:00,0,0
10712,consecutive_correction_3,0.65,3,1,2016-11-16T00:00:00,2200-12-31T00:00:00,0,0
10713,consecutive_correction_4,0.55,3,1,2016-11-16T00:00:00,2200-12-31T00:00:00,0,0
10714,consecutive_correction_5,0.5,3,1,2016-11-16T00:00:00,2200-12-31T00:00:00,0,0
10715,consecutive_correction_6,0.45,3,1,2016-11-16T00:00:00,2200-12-31T00:00:00,0,0
10716,consecutive_correction_7,0.4,3,1,2016-11-16T00:00:00,2200-12-31T00:00:00,0,0
10717,consecutive_correction_8,0.37,3,1,2016-11-16T00:00:00,2200-12-31T00:00:00,0,0
10718,consecutive_correction_9,0.36,3,1,2016-11-16T00:00:00,2200-12-31T00:00:00,0,0
10719,consecutive_correction_10,0.35,3,1,2016-11-16T00:00:00,2200-12-31T00:00:00,0,0
10720,defence_correction,0.5,3,1,2016-11-16T00:00:00,2200-12-31T00:00:00,0,0
10721,damage_correction,0.1,3,1,2016-11-16T00:00:00,2200-12-31T00:00:00,0,0
10722,accuracy_expr_a,0.000055,3,1,2016-11-16T00:00:00,2200-12-31T00:00:00,0,0
10723,accuracy_expr_b,0.4,3,1,2016-11-16T00:00:00,2200-12-31T00:00:00,0,0
10724,accuracy_expr_n,1,3,1,2016-11-16T00:00:00,2200-12-31T00:00:00,0,0
10725,accuracy_constant,10000,2,1,2016-11-16T00:00:00,2200-12-31T00:00:00,0,0
10726,dodge_correction_constant,0.3,3,1,2016-11-16T00:00:00,2200-12-31T00:00:00,0,0
10727,critical_expr_a,0.000003,3,1,2016-11-16T00:00:00,2200-12-31T00:00:00,0,0
10728,critical_expr_b,0.03,3,1,2016-11-16T00:00:00,2200-12-31T00:00:00,0,0
10729,critical_expr_n,1,3,1,2016-11-16T00:00:00,2200-12-31T00:00:00,0,0
10730,hate_expr_a,140.005,3,1,2016-11-16T00:00:00,2200-12-31T00:00:00,0,0
10731,hate_expr_b,0,3,1,2016-11-16T00:00:00,2200-12-31T00:00:00,0,0
10732,hate_expr_n,0.3,3,1,2016-11-16T00:00:00,2200-12-31T00:00:00,0,0
10733,skill_success_correction_min,0.5,3,1,2016-11-16T00:00:00,2200-12-31T00:00:00,0,0
10734,skill_success_correction_max,1.5,3,1,2016-11-16T00:00:00,2200-12-31T00:00:00,0,0
10735,skill_success_correction_expr_a,0.00001,3,1,2016-11-16T00:00:00,2200-12-31T00:00:00,0,0
10736,skill_success_correction_expr_b,1,3,1,2016-11-16T00:00:00,2200-12-31T00:00:00,0,0
10737,skill_success_correction_expr_n,1,3,1,2016-11-16T00:00:00,2200-12-31T00:00:00,0,0
10738,action_start_time_min,0.3,3,1,2016-11-16T00:00:00,2200-12-31T00:00:00,0,0
10739,action_start_time_max,2,3,1,2016-11-16T00:00:00,2200-12-31T00:00:00,0,0
10740,action_start_agility_correction_constant,30000,2,1,2016-11-16T00:00:00,2200-12-31T00:00:00,0,0
10741,action_start_agility_correction_min,0.5,3,1,2016-11-16T00:00:00,2200-12-31T00:00:00,0,0
10742,action_start_agility_correction_max,1,3,1,2016-11-16T00:00:00,2200-12-31T00:00:00,0,0
10743,ailment_auto_recovery_interval,3,3,1,2016-11-16T00:00:00,2200-12-31T00:00:00,0,0
10744,paralysis_time,2,3,1,2016-11-16T00:00:00,2200-12-31T00:00:00,0,0
10745,cure_correction_constant,0.25,3,1,2016-11-16T00:00:00,2200-12-31T00:00:00,0,0
10746,combo_break_rate,0.3,3,1,2016-11-16T00:00:00,2200-12-31T00:00:00,0,0
10747,potion_cool_time,15,3,1,2016-11-16T00:00:00,2200-12-31T00:00:00,0,0
10748,player_max_count,3,2,1,2016-11-16T00:00:00,2200-12-31T00:00:00,0,0
10749,compensation_start_timing,30,2,1,2016-11-16T00:00:00,2200-12-31T00:00:00,0,0
10750,compensation_interval_basic,10,2,1,2016-11-16T00:00:00,2200-12-31T00:00:00,0,0
10751,compensation_interval_fluctuation,5,2,1,2016-11-16T00:00:00,2200-12-31T00:00:00,0,0
10752,compensation_probability_1,100,2,1,2016-11-16T00:00:00,2200-12-31T00:00:00,0,0
10753,compensation_probability_2,80,2,1,2016-11-16T00:00:00,2200-12-31T00:00:00,0,0
10754,compensation_probability_3,60,2,1,2016-11-16T00:00:00,2200-12-31T00:00:00,0,0
10755,client_summary_db_reacquire_minutes,60,2,1,2016-11-16T00:00:00,2200-12-31T00:00:00,0,0
10756,client_summary_db_max_store_data,1000,2,1,2016-11-16T00:00:00,2200-12-31T00:00:00,0,0
10757,tutorial_compensation_start_timing,1,2,1,2016-11-16T00:00:00,2200-12-31T00:00:00,0,0
10758,tutorial_compensation_interval_basic,3,2,1,2016-11-16T00:00:00,2200-12-31T00:00:00,0,0
10759,tutorial_compensation_interval_fluctuation,1,2,1,2016-11-16T00:00:00,2200-12-31T00:00:00,0,0
10760,tutorial_compensation_probability_1,100,2,1,2016-11-16T00:00:00,2200-12-31T00:00:00,0,0
10761,tutorial_compensation_probability_2,100,2,1,2016-11-16T00:00:00,2200-12-31T00:00:00,0,0
10762,tutorial_compensation_probability_3,100,2,1,2016-11-16T00:00:00,2200-12-31T00:00:00,0,0
20101,reward_fever_time_boost_value,3.5,3,1,2016-11-16T00:00:00,2200-12-31T00:00:00,0,0
20102,reward_anima_potion_boost_value,4,3,1,2016-11-16T00:00:00,2200-12-31T00:00:00,0,0
20103,reward_level_boost_value_0,1,3,1,2016-11-16T00:00:00,2200-12-31T00:00:00,0,0
20104,reward_level_boost_value_1,1,3,1,2016-11-16T00:00:00,2200-12-31T00:00:00,0,0
20105,reward_level_boost_value_2,1,3,1,2016-11-16T00:00:00,2200-12-31T00:00:00,0,0
20106,reward_level_boost_value_3,1,3,1,2016-11-16T00:00:00,2200-12-31T00:00:00,0,0
20107,reward_level_boost_value_4,0.6,3,1,2016-11-16T00:00:00,2200-12-31T00:00:00,0,0
20108,reward_level_boost_value_5,0.45,3,1,2016-11-16T00:00:00,2200-12-31T00:00:00,0,0
20109,reward_level_boost_value_6,0.35,3,1,2016-11-16T00:00:00,2200-12-31T00:00:00,0,0
20110,reward_level_boost_value_7,0.2786,3,1,2016-11-16T00:00:00,2200-12-31T00:00:00,0,0
20111,reward_level_boost_value_8,0.225,3,1,2016-11-16T00:00:00,2200-12-31T00:00:00,0,0
20112,reward_level_boost_value_9,0.1833,3,1,2016-11-16T00:00:00,2200-12-31T00:00:00,0,0
20113,reward_level_boost_value_10,0.15,3,1,2016-11-16T00:00:00,2200-12-31T00:00:00,0,0
20114,reward_weight_boost_type_nomal,1,2,1,2016-11-16T00:00:00,2200-12-31T00:00:00,0,0
20115,reward_weight_boost_type_equipment,2,2,1,2016-11-16T00:00:00,2200-12-31T00:00:00,0,0
20116,reward_weight_boost_type_anima,3,2,1,2016-11-16T00:00:00,2200-12-31T00:00:00,0,0
20117,weapon_level_up_cost_multiple,80,2,1,2016-11-16T00:00:00,2200-12-31T00:00:00,0,0
20118,armor_level_up_cost_multiple,80,2,1,2016-11-16T00:00:00,2200-12-31T00:00:00,0,0
20119,accessory_level_up_cost_multiple,64,2,1,2016-11-16T00:00:00,2200-12-31T00:00:00,0,0
20120,max_rune_sell_count,40,2,1,2016-11-16T00:00:00,2200-12-31T00:00:00,0,0
20121,max_equipment_forge_material_count,999,2,1,2016-11-16T00:00:00,2200-12-31T00:00:00,0,0
20122,max_equipment_sell_count,40,2,1,2016-11-16T00:00:00,2200-12-31T00:00:00,0,0
20123,equipment_enhancement_boost_value,4,3,1,2016-11-16T00:00:00,2200-12-31T00:00:00,0,0
20124,equipment_enhancement_blessing_max_rank,3,2,1,2016-11-16T00:00:00,2200-12-31T00:00:00,0,0
20125,battle_continue_time_limit,10,2,1,2016-11-16T00:00:00,2200-12-31T00:00:00,0,0
20126,battle_continue_price,100,2,1,2016-11-16T00:00:00,2200-12-31T00:00:00,0,0
20129,hit_module_damage_interval,0.1,3,1,2016-11-16T00:00:00,2200-12-31T00:00:00,0,0
20130,equipment_limit_break_success_rate,0.5,3,1,2016-11-16T00:00:00,2200-12-31T00:00:00,0,0
20131,equipment_limit_break_correction_rate,0.25,3,1,2016-11-16T00:00:00,2200-12-31T00:00:00,0,0
20132,equipment_limit_break_cost,100000,2,1,2016-11-16T00:00:00,2200-12-31T00:00:00,0,0
20133,equipment_limit_break_max,10,2,1,2016-11-16T00:00:00,2200-12-31T00:00:00,0,0
20134,present_expired_day_type_unlimited,36500,2,1,2016-11-16T00:00:00,2200-12-31T00:00:00,0,0
20135,present_expired_day_type_nomal,30,2,1,2016-11-16T00:00:00,2200-12-31T00:00:00,0,0
20136,order_mission_reroll_cost,15000,2,1,2016-11-16T00:00:00,2200-12-31T00:00:00,0,0
20137,equipment_dungeon_npc_max_hp_d1,50000,2,1,2016-11-16T00:00:00,2200-12-31T00:00:00,0,0
20138,equipment_dungeon_npc_max_hp_d2,100000,2,1,2016-11-16T00:00:00,2200-12-31T00:00:00,0,0
20139,equipment_dungeon_npc_max_hp_d3,500000,2,1,2016-11-16T00:00:00,2200-12-31T00:00:00,0,0
20140,equipment_dungeon_npc_max_hp_d4,1000000,2,1,2016-11-16T00:00:00,2200-12-31T00:00:00,0,0
20141,mercenary_daily_exp_limit_ratio,15,2,1,2016-11-16T00:00:00,2200-12-31T00:00:00,0,0
20142,mercenary_daily_lupi_limit,50000,2,1,2016-11-16T00:00:00,2200-12-31T00:00:00,0,0
20143,mercenary_expiry_period,2880,2,1,2016-11-16T00:00:00,2200-12-31T00:00:00,0,0
20144,order_mission_free_reroll_limit,3,2,1,2016-11-16T00:00:00,2200-12-31T00:00:00,0,0
20145,order_mission_max_rank_cost,160,2,1,2016-11-16T00:00:00,2200-12-31T00:00:00,0,0
20146,reward_party_boost_value_2,1.2,3,1,2016-11-16T00:00:00,2200-12-31T00:00:00,0,0
20147,reward_party_boost_value_3,1.5,3,1,2016-11-16T00:00:00,2200-12-31T00:00:00,0,0
20148,reward_party_boost_value_4,2,3,1,2016-11-16T00:00:00,2200-12-31T00:00:00,0,0
20149,sub_equipment_effect_rate,1,3,1,2016-11-16T00:00:00,2200-12-31T00:00:00,0,0
20150,equipment_enhancement_bonus_m,8,2,1,2016-11-16T00:00:00,2200-12-31T00:00:00,0,0
20151,equipment_enhancement_bonus_n,7,2,1,2016-11-16T00:00:00,2200-12-31T00:00:00,0,0
20152,equipment_enhancement_bonus_rate_8,0.005,3,1,2016-11-16T00:00:00,2200-12-31T00:00:00,0,0
20153,equipment_enhancement_bonus_rate_9,0.01,3,1,2016-11-16T00:00:00,2200-12-31T00:00:00,0,0
20154,equipment_enhancement_bonus_rate_10,0.015,3,1,2016-11-16T00:00:00,2200-12-31T00:00:00,0,0
20155,equipment_enhancement_bonus_rate_11,0.025,3,1,2016-11-16T00:00:00,2200-12-31T00:00:00,0,0
20156,equipment_enhancement_bonus_rate_12,0.03,3,1,2016-11-16T00:00:00,2200-12-31T00:00:00,0,0
20157,equipment_enhancement_bonus_rate_13,0.04,3,1,2016-11-16T00:00:00,2200-12-31T00:00:00,0,0
20158,equipment_enhancement_bonus_rate_14,0.045,3,1,2016-11-16T00:00:00,2200-12-31T00:00:00,0,0
20159,equipment_enhancement_bonus_rate_15,0.06,3,1,2016-11-16T00:00:00,2200-12-31T00:00:00,0,0
20160,equipment_enhancement_bonus_rate_16,0.065,3,1,2016-11-16T00:00:00,2200-12-31T00:00:00,0,0
20161,equipment_enhancement_bonus_rate_17,0.08,3,1,2016-11-16T00:00:00,2200-12-31T00:00:00,0,0
20162,equipment_enhancement_bonus_rate_18,0.085,3,1,2016-11-16T00:00:00,2200-12-31T00:00:00,0,0
20163,equipment_enhancement_bonus_rate_19,0.1,3,1,2016-11-16T00:00:00,2200-12-31T00:00:00,0,0
20164,equipment_enhancement_bonus_rate_20,0.105,3,1,2016-11-16T00:00:00,2200-12-31T00:00:00,0,0
20165,equipment_enhancement_bonus_rate_21,0.12,3,1,2016-11-16T00:00:00,2200-12-31T00:00:00,0,0
20166,equipment_enhancement_bonus_rate_22,0.125,3,1,2016-11-16T00:00:00,2200-12-31T00:00:00,0,0
20167,equipment_enhancement_bonus_rate_23,0.13,3,1,2016-11-16T00:00:00,2200-12-31T00:00:00,0,0
20168,equipment_enhancement_bonus_rate_24,0.145,3,1,2016-11-16T00:00:00,2200-12-31T00:00:00,0,0
20169,equipment_enhancement_bonus_rate_25,0.16,3,1,2016-11-16T00:00:00,2200-12-31T00:00:00,0,0
20170,equipment_enhancement_bonus_rate_26,0.165,3,1,2016-11-16T00:00:00,2200-12-31T00:00:00,0,0
20171,equipment_enhancement_bonus_rate_27,0.17,3,1,2016-11-16T00:00:00,2200-12-31T00:00:00,0,0
20172,equipment_enhancement_bonus_rate_28,0.185,3,1,2016-11-16T00:00:00,2200-12-31T00:00:00,0,0
20173,equipment_enhancement_bonus_rate_29,0.19,3,1,2016-11-16T00:00:00,2200-12-31T00:00:00,0,0
20174,equipment_enhancement_bonus_rate_30,0.205,3,1,2016-11-16T00:00:00,2200-12-31T00:00:00,0,0
20175,guild_master_login_limit_day,30,2,1,2016-11-16T00:00:00,2200-12-31T00:00:00,0,0
20176,treasure_clear_rank_SSS,0,3,10,2016-11-16T00:00:00,2200-12-31T00:00:00,0,0
20177,treasure_clear_rank_SS,0.00001,3,9,2016-11-16T00:00:00,2200-12-31T00:00:00,0,0
20178,treasure_clear_rank_S,0.3,3,8,2016-11-16T00:00:00,2200-12-31T00:00:00,0,0
20179,treasure_clear_rank_A,0.7,3,7,2016-11-16T00:00:00,2200-12-31T00:00:00,0,0
20180,guild_donation_type_lupi,1,2,1,2016-11-16T00:00:00,2200-12-31T00:00:00,0,0
20181,guild_donation_type_star,2,2,1,2016-11-16T00:00:00,2200-12-31T00:00:00,0,0
20182,guild_donation_type_moon,3,2,1,2016-11-16T00:00:00,2200-12-31T00:00:00,0,0
20183,guild_donation_add_xp_lupi,5,2,1,2016-11-16T00:00:00,2200-12-31T00:00:00,0,0
20184,guild_donation_add_xp_star,10,2,1,2016-11-16T00:00:00,2200-12-31T00:00:00,0,0
20185,guild_donation_add_xp_moon,10,2,1,2016-11-16T00:00:00,2200-12-31T00:00:00,0,0
20186,guild_donation_reward_point_lupi,5,2,1,2016-11-16T00:00:00,2200-12-31T00:00:00,0,0
20187,guild_donation_reward_point_star,10,2,1,2016-11-16T00:00:00,2200-12-31T00:00:00,0,0
20188,guild_donation_reward_point_moon,10,2,1,2016-11-16T00:00:00,2200-12-31T00:00:00,0,0
20189,guild_donation_reward_coin_lupi,2,2,1,2016-11-16T00:00:00,2200-12-31T00:00:00,0,0
20190,guild_donation_reward_coin_star,6,2,1,2016-11-16T00:00:00,2200-12-31T00:00:00,0,0
20191,guild_donation_reward_coin_moon,6,2,1,2016-11-16T00:00:00,2200-12-31T00:00:00,0,0
20192,guild_donation_required_lupi,7000,2,1,2016-11-16T00:00:00,2200-12-31T00:00:00,0,0
20193,guild_donation_required_star,45,2,1,2016-11-16T00:00:00,2200-12-31T00:00:00,0,0
20194,guild_donation_required_moon,30,2,1,2016-11-16T00:00:00,2200-12-31T00:00:00,0,0
20195,guild_donation_daily_limit_lupi,30,2,1,2016-11-16T00:00:00,2200-12-31T00:00:00,0,0
20196,guild_donation_daily_limit_star,30,2,1,2016-11-16T00:00:00,2200-12-31T00:00:00,0,0
20197,guild_donation_daily_limit_moon,30,2,1,2016-11-16T00:00:00,2200-12-31T00:00:00,0,0
20198,guild_donation_item_id_star,14001,2,1,2016-11-16T00:00:00,2200-12-31T00:00:00,0,0
20199,guild_donation_item_id_moon,14002,2,1,2016-11-16T00:00:00,2200-12-31T00:00:00,0,0
20200,guild_donation_reset_orb_lupi,200,2,1,2016-11-16T00:00:00,2200-12-31T00:00:00,0,0
20201,guild_donation_reset_orb_star,200,2,1,2016-11-16T00:00:00,2200-12-31T00:00:00,0,0
20202,guild_donation_reset_orb_moon,200,2,1,2016-11-16T00:00:00,2200-12-31T00:00:00,0,0
20203,guild_require_lupi_create,5000,2,1,2016-11-16T00:00:00,2200-12-31T00:00:00,0,0
20204,guild_yell_reward_sender,1,2,1,2016-11-16T00:00:00,2200-12-31T00:00:00,0,0
20205,guild_yell_reward_receiver,500,2,1,2016-11-16T00:00:00,2200-12-31T00:00:00,0,0
20206,guild_require_star_update_symbol,1,2,1,2016-11-16T00:00:00,2200-12-31T00:00:00,0,0
20207,guild_shared_mission_max_acceptable_missions,3,2,1,2016-11-16T00:00:00,2200-12-31T00:00:00,0,0
20208,guild_shared_mission_immediate_clear_cost,1800,2,1,2016-11-16T00:00:00,2200-12-31T00:00:00,0,0
20209,order_mission_max_acceptable_missions,3,2,1,2016-11-16T00:00:00,2200-12-31T00:00:00,0,0
20210,order_mission_max_achievable_missions_per_day,12,2,1,2016-11-16T00:00:00,2200-12-31T00:00:00,0,0
20212,equipment_dungeon_npc_id,60018,2,1,2016-11-16T00:00:00,2200-12-31T00:00:00,0,0
20213,exp_item_formula_a,0.46263,3,1,2016-11-16T00:00:00,2200-12-31T00:00:00,0,0
20214,exp_item_formula_b,-0.06263,3,1,2016-11-16T00:00:00,2200-12-31T00:00:00,0,0
20215,exp_item_formula_n,-0.35,3,1,2016-11-16T00:00:00,2200-12-31T00:00:00,0,0
20216,exp_item_formula_high,1,3,1,2016-11-16T00:00:00,2200-12-31T00:00:00,0,0
20217,exp_item_formula_low,0.1,3,1,2016-11-16T00:00:00,2200-12-31T00:00:00,0,0
20218,exp_item_formula_mround,10,3,1,2016-11-16T00:00:00,2200-12-31T00:00:00,0,0
20227,guild_weekly_mission_number,3,2,1,2016-11-16T00:00:00,2200-12-31T00:00:00,0,0
20228,treasure_clear_rank_B,1,3,7,2016-11-16T00:00:00,2200-12-31T00:00:00,0,0
20229,arena_win_point,20,2,7,2016-11-16T00:00:00,2200-12-31T00:00:00,0,0
20230,arena_lose_point,20,2,7,2016-11-16T00:00:00,2200-12-31T00:00:00,0,0
20231,crystal_param_rate,0.5,3,7,2016-11-16T00:00:00,2200-12-31T00:00:00,0,0
20232,invisible_time,5,2,7,2016-11-16T00:00:00,2200-12-31T00:00:00,0,0
20233,auto_battle_count_max,100,2,1,2016-11-16T00:00:00,2200-12-31T00:00:00,0,0
20234,male_upper_body,34001,2,1,2016-11-16T00:00:00,2200-12-31T00:00:00,0,0
20235,male_lower_body,35001,2,1,2016-11-16T00:00:00,2200-12-31T00:00:00,0,0
20236,female_upper_body,66001,2,1,2016-11-16T00:00:00,2200-12-31T00:00:00,0,0
20237,female_lower_body,67001,2,1,2016-11-16T00:00:00,2200-12-31T00:00:00,0,0
20238,treasure_clear_rank_lupi_rate_B,0.2,3,7,2016-11-16T00:00:00,2200-12-31T00:00:00,0,0
20239,treasure_clear_rank_lupi_rate_A,0.3,3,7,2016-11-16T00:00:00,2200-12-31T00:00:00,0,0
20240,treasure_clear_rank_lupi_rate_S,0.5,3,7,2016-11-16T00:00:00,2200-12-31T00:00:00,0,0
20241,treasure_clear_rank_lupi_rate_SS,0.75,3,7,2016-11-16T00:00:00,2200-12-31T00:00:00,0,0
20242,treasure_clear_rank_lupi_rate_SSS,1,3,7,2016-11-16T00:00:00,2200-12-31T00:00:00,0,0
20243,daily_pack_forget_limit,7,2,7,2016-11-16T00:00:00,2200-12-31T00:00:00,0,0
20244,equipment_option_skill_redraw_orb_rarity_4,30,2,1,2016-11-16T00:00:00,2200-12-31T00:00:00,0,0
20245,equipment_option_skill_redraw_orb_rarity_5,50,2,1,2016-11-16T00:00:00,2200-12-31T00:00:00,0,0
20246,equipment_option_skill_redraw_orb_rarity_6,100,2,1,2016-11-16T00:00:00,2200-12-31T00:00:00,0,0
20247,daily_reset_time,4:00,4,1,2016-11-16T00:00:00,2200-12-31T00:00:00,0,0
20248,gods_player_limit,300,2,1,2016-11-16T00:00:00,2200-12-31T00:00:00,0,0
20249,guild_update_symbol_interval,2,2,1,2016-11-16T00:00:00,2200-12-31T00:00:00,0,0
20250,guild_facitily_lvup_item_sec,180,2,1,2016-11-16T00:00:00,2200-12-31T00:00:00,0,0
20251,weapon_skill_learn_rarity,1,2,1,2016-11-16T00:00:00,2200-12-31T00:00:00,0,0
20252,guild_top_ranking_master_id,11,2,1,2016-11-16T00:00:00,2200-12-31T00:00:00,0,0
20253,login_bonus_come_back_day,30,2,1,2016-11-16T00:00:00,2200-12-31T00:00:00,0,0
20254,first_battle_tutorial_id,111002,2,1,2016-11-16T00:00:00,2200-12-31T00:00:00,0,0
20255,abyss_fever_default_time,1800,2,1,2016-11-16T00:00:00,2200-12-31T00:00:00,0,0
20256,abyss_fever_charge_time,900,2,1,2016-11-16T00:00:00,2200-12-31T00:00:00,0,0
20257,abyss_fever_charge_limit,6,2,1,2016-11-16T00:00:00,2200-12-31T00:00:00,0,0
20258,abyss_fever_charge_cost,100,2,1,2016-11-16T00:00:00,2200-12-31T00:00:00,0,0
20259,abyss_fever_drop_weight_rate,3500,2,1,2016-11-16T00:00:00,2200-12-31T00:00:00,0,0
20260,abyss_fever_exp_rate,7000,2,1,2016-11-16T00:00:00,2200-12-31T00:00:00,0,0
20261,first_install_reward_group_id,0,2,1,2016-11-16T00:00:00,2200-12-31T00:00:00,0,0
20262,field_bgm_id,1,2,1,2016-11-16T00:00:00,2200-12-31T00:00:00,0,0
20263,lobby_bgm_id,10202,2,1,2016-11-16T00:00:00,2200-12-31T00:00:00,0,0
20264,reward_party_boost_value_1,1,3,1,2016-11-16T00:00:00,2200-12-31T00:00:00,0,0
20265,main_menu_button_unlock_condition_avatar,2,2,1,2016-11-16T00:00:00,2200-12-31T00:00:00,0,0
20266,main_menu_button_unlock_condition_character_job,1,2,1,2016-11-16T00:00:00,2200-12-31T00:00:00,0,0
20268,main_menu_button_unlock_condition_blacksmith,1,2,1,2016-11-16T00:00:00,2200-12-31T00:00:00,0,0
20269,main_menu_button_unlock_condition_character_top,1,2,1,2016-11-16T00:00:00,2200-12-31T00:00:00,0,0
20270,main_menu_button_unlock_condition_ranking,2,2,1,2016-11-16T00:00:00,2200-12-31T00:00:00,0,0
20272,main_menu_button_unlock_condition_character_title,3,2,1,2016-11-16T00:00:00,2200-12-31T00:00:00,0,0
20273,main_menu_button_unlock_condition_achievement,3,2,1,2016-11-16T00:00:00,2200-12-31T00:00:00,0,0
20274,main_menu_button_unlock_condition_mission,3,2,1,2016-11-16T00:00:00,2200-12-31T00:00:00,0,0
20275,main_menu_button_unlock_condition_invite,3,2,1,2016-11-16T00:00:00,2200-12-31T00:00:00,0,0
20276,main_menu_button_unlock_condition_dispatch_corps,3,2,1,2016-11-16T00:00:00,2200-12-31T00:00:00,0,0
20277,main_menu_button_unlock_condition_guild,3,2,1,2016-11-16T00:00:00,2200-12-31T00:00:00,0,0
20278,main_menu_button_unlock_condition_friend,3,2,1,2016-11-16T00:00:00,2200-12-31T00:00:00,0,0
20279,main_menu_button_unlock_condition_bag,3,2,1,2016-11-16T00:00:00,2200-12-31T00:00:00,0,0
20280,main_menu_button_unlock_condition_gacha,1,2,1,2016-11-16T00:00:00,2200-12-31T00:00:00,0,0
20281,main_menu_button_unlock_condition_shop,1,2,1,2016-11-16T00:00:00,2200-12-31T00:00:00,0,0
20282,main_menu_button_unlock_condition_settings,1,2,1,2016-11-16T00:00:00,2200-12-31T00:00:00,0,0
20283,main_menu_button_unlock_condition_notify,3,2,1,2016-11-16T00:00:00,2200-12-31T00:00:00,0,0
20284,main_menu_button_unlock_condition_event,3,2,1,2016-11-16T00:00:00,2200-12-31T00:00:00,0,0
20285,field_button_unlock_condition_shop,3,2,1,2016-11-16T00:00:00,2200-12-31T00:00:00,0,0
20286,field_button_unlock_condition_event,3,2,1,2016-11-16T00:00:00,2200-12-31T00:00:00,0,0
20287,field_button_unlock_condition_field_lobby,3,2,1,2016-11-16T00:00:00,2200-12-31T00:00:00,0,0
20288,field_button_unlock_condition_dungeon_top,3,2,1,2016-11-16T00:00:00,2200-12-31T00:00:00,0,0
20289,mercenary_max_employ_count,3,2,1,2016-11-16T00:00:00,2200-12-31T00:00:00,0,0
20290,mercenary_max_hired_count,10,2,1,2016-11-16T00:00:00,2200-12-31T00:00:00,0,0
20291,mercenary_cost_per_12hours,2500,2,1,2016-11-16T00:00:00,2200-12-31T00:00:00,0,0
20292,mercenary_max_reward_count_per_chara,50000,2,1,2016-11-16T00:00:00,2200-12-31T00:00:00,0,0
20293,mercenary_max_reward_count_per_day,250000,2,1,2016-11-16T00:00:00,2200-12-31T00:00:00,0,0
20294,mercenary_reward_quantity_correction,0.02,3,1,2016-11-16T00:00:00,2200-12-31T00:00:00,0,0
20295,mercenary_list_max_lv,5,2,1,2016-11-16T00:00:00,2200-12-31T00:00:00,0,0
20296,mercenary_list_limit_days,3,2,1,2016-11-16T00:00:00,2200-12-31T00:00:00,0,0
20297,mercenary_list_display_count,5,2,1,2016-11-16T00:00:00,2200-12-31T00:00:00,0,0
20298,mercenary_list_display_friend,2,2,1,2016-11-16T00:00:00,2200-12-31T00:00:00,0,0
20299,mercenary_history_display_max_count,100,2,1,2016-11-16T00:00:00,2200-12-31T00:00:00,0,0
20300,mercenary_history_extraction_pool_count,300,2,1,2016-11-16T00:00:00,2200-12-31T00:00:00,0,0
20301,inventory_slot_init,200,2,1,2016-11-16T00:00:00,2200-12-31T00:00:00,0,0
20302,inventory_expansion_count,5,2,1,2016-11-16T00:00:00,2200-12-31T00:00:00,0,0
20303,inventory_expansion_cost,30,2,1,2016-11-16T00:00:00,2200-12-31T00:00:00,0,0
20304,inventory_slot_limit,400,2,1,2016-11-16T00:00:00,2200-12-31T00:00:00,0,0
20305,guild_default_member_num,20,2,1,2016-11-16T00:00:00,2200-12-31T00:00:00,0,0
20306,default_hp_potion_rate,40,2,1,2016-11-16T00:00:00,2200-12-31T00:00:00,0,0
20307,default_mp_potion_rate,40,2,1,2016-11-16T00:00:00,2200-12-31T00:00:00,0,0
20308,default_hp_potion_rank,1,2,1,2016-11-16T00:00:00,2200-12-31T00:00:00,0,0
20309,default_mp_potion_rank,1,2,1,2016-11-16T00:00:00,2200-12-31T00:00:00,0,0
20310,can_use_weapon_skill_sub_slot_num,2,2,1,2016-11-16T00:00:00,2200-12-31T00:00:00,0,0
20311,rune_stack_limit,9999,2,1,2016-11-16T00:00:00,2200-12-31T00:00:00,0,0
20312,bulk_sell_limit,40,2,1,2016-11-16T00:00:00,2200-12-31T00:00:00,0,0
20313,player_details_pvp_ranking_threshold,30000,2,1,2016-11-16T00:00:00,2200-12-31T00:00:00,0,0
20314,auto_potion_rate_max,99,2,1,2016-11-16T00:00:00,2200-12-31T00:00:00,0,0
20315,guild_unlock_condition,131001,2,1,2016-11-16T00:00:00,2200-12-31T00:00:00,0,0
20316,name_change_time_limit,10080,2,1,2016-11-16T00:00:00,2200-12-31T00:00:00,0,0
20317,ranking_title_calc_start_date,2020-01-29 04:00:00,4,1,2016-11-16T00:00:00,2200-12-31T00:00:00,0,0
20318,reward_weight_boost_type_event,4,2,1,2016-11-16T00:00:00,2200-12-31T00:00:00,0,0
20319,player_npc_id,90001,2,1,2016-11-16T00:00:00,2200-12-31T00:00:00,0,0
20320,player_npc_level,100,2,1,2016-11-16T00:00:00,2200-12-31T00:00:00,0,0
20321,offer_wall_lmit_value,2,2,1,2016-11-16T00:00:00,2200-12-31T00:00:00,0,0
20322,offer_wall_view_reset_time,4:00:00,2,1,2016-11-16T00:00:00,2200-12-31T00:00:00,0,0
20323,equipment_stylish_correction_rate,0.01,3,1,2016-11-16T00:00:00,2200-12-31T00:00:00,0,0
20324,tutorial_story_event_stage_id,111012,2,1,2016-11-16T00:00:00,2200-12-31T00:00:00,0,0
20325,random_box_open_limit,1000,2,1,2016-11-16T00:00:00,2200-12-31T00:00:00,0,0
20326,hero_charge_limit,2,2,1,2016-11-16T00:00:00,2200-12-31T00:00:00,0,0
20327,hero_charge_price_1,100,2,1,2016-11-16T00:00:00,2200-12-31T00:00:00,0,0
20328,hero_charge_price_2,200,2,1,2016-11-16T00:00:00,2200-12-31T00:00:00,0,0
20329,mercenary_employ_limit_lv,15,2,1,2016-11-16T00:00:00,2200-12-31T00:00:00,0,0
20330,appreview_interval,100,2,1,2016-11-16T00:00:00,2200-12-31T00:00:00,0,0
20332,first_character_add_lv,50,2,1,2016-11-16T00:00:00,2200-12-31T00:00:00,0,0
20333,first_character_delete_lv,0,2,1,2016-11-16T00:00:00,2200-12-31T00:00:00,0,0
20334,exp_item_high_min_exp,5,3,1,2016-11-16T00:00:00,2200-12-31T00:00:00,0,0
20335,mercenary_reward_correction,2,2,1,2016-11-16T00:00:00,2200-12-31T00:00:00,0,0
20336,tutorial_field_text_alert_time,10,2,1,2016-11-16T00:00:00,2200-12-31T00:00:00,0,0
20337,mirrativ_icon_display_condition,1,2,1,2016-11-16T00:00:00,2200-12-31T00:00:00,0,0
20338,shop_daily_pack_day,28,2,1,2016-11-16T00:00:00,2200-12-31T00:00:00,0,0
20339,all_download_first_download_scene,1,2,1,2016-11-16T00:00:00,2200-12-31T00:00:00,0,0
20340,equipment_color_default_texture1,1,2,1,2016-11-16T00:00:00,2200-12-31T00:00:00,0,0
20341,equipment_color_item_display_max_count,999,2,1,2016-11-16T00:00:00,2200-12-31T00:00:00,0,0
20342,gvg_get_guild_information_phase,30,2,1,2016-11-16T00:00:00,2200-12-31T00:00:00,0,0
20343,gvg_entry_available_phase,15,2,1,2016-11-16T00:00:00,2200-12-31T00:00:00,0,0
20344,guild_dungeon_reward_guild_exp,1,2,1,2016-11-16T00:00:00,2200-12-31T00:00:00,0,0
20345,guild_dungeon_reward_guild_lupi,2,2,2,2020-03-05T11:00:00,2020-03-19T11:00:00,0,0
20346,guild_dungeon_reward_guild_lupi,1,2,1,2016-11-16T00:00:00,2200-12-31T00:00:00,0,0
20347,player_default_message,よろしくお願いします。,4,1,2016-11-16T00:00:00,2200-12-31T00:00:00,0,0
20348,battle_background_wave_interval,15,2,1,2016-11-16T00:00:00,2200-12-31T00:00:00,0,0
20349,battle_lowbattery_result_interval,5.0,3,1,2016-11-16T00:00:00,2200-12-31T00:00:00,0,0
20350,force_metal_hit_rate,0.4,3,1,2016-11-16T00:00:00,2200-12-31T00:00:00,0,0
20351,gvg_bid_extend_minutes,2,2,1,2016-11-16T00:00:00,2200-12-31T00:00:00,0,0
20352,gvg_bid_time_limit_extension,1,2,1,2016-11-16T00:00:00,2200-12-31T00:00:00,0,0
20353,gvg_bid_extension_max_count,5,2,1,2016-11-16T00:00:00,2200-12-31T00:00:00,0,0
20354,gve_party_battle_leader_bonus,0.1,3,1,2016-11-16T00:00:00,2200-12-31T00:00:00,0,0
20355,gve_other_guild_correction,0.75,3,1,2016-11-16T00:00:00,2200-12-31T00:00:00,0,0
20356,guild_chat_limit_value,6,2,1,2016-11-16T00:00:00,2200-12-31T00:00:00,0,0
20357,gve_entry_point,1,2,1,2016-11-16T00:00:00,2200-12-31T00:00:00,0,0
20358,shop_close_display_day,7,2,1,2016-11-16T00:00:00,2200-12-31T00:00:00,0,0
20359,achievement_id_equipment_enhancement,3020101,2,1,2016-11-16T00:00:00,2200-12-31T00:00:00,0,0
20360,gve_default_round_for_without_data,2,2,1,2016-11-16T00:00:00,2200-12-31T00:00:00,0,0
20361,gve_assult_order_limit_value,3,2,1,2016-11-16T00:00:00,2200-12-31T00:00:00,0,0
20362,gvg_rebuild_time,30,2,1,2016-11-16T00:00:00,2200-12-31T00:00:00,0,0
20363,battle_result_return_second,5,2,1,2016-11-16T00:00:00,2200-12-31T00:00:00,0,0
20364,gvg_bid_penalty_rate,0.05,3,1,2016-11-16T00:00:00,2200-12-31T00:00:00,0,0
20365,InductionPopup_disable_stageID,113001,2,1,2016-11-16T00:00:00,2200-12-31T00:00:00,0,0
20366,InductionPopup_textID,51074,2,1,2016-11-16T00:00:00,2200-12-31T00:00:00,0,0
20367,gvg_open_flg,1,2,1,2016-11-16T00:00:00,2200-12-31T00:00:00,0,0
20368,gvg_transition_penalty,15,2,1,2016-11-16T00:00:00,2200-12-31T00:00:00,0,0
20369,Walkthrough_url,https://altema.jp/breoda/,4,1,2016-11-16T00:00:00,2200-12-31T00:00:00,0,0
20370,holybeast_player_limit,40,2,1,2016-11-16T00:00:00,2200-12-31T00:00:00,0,0
20371,disable_purchase,1,2,1,2120-09-01T00:00:00,2120-09-30T00:00:00,0,0
20372,blacksmith_evolution_button_unlock,1,2,1,2016-11-16T00:00:00,2200-12-31T00:00:00,0,0
20373,app_close_flag,0,2,1,2026-09-28T17:30:00,2026-12-28T10:30:00,0,0
20374,app_close_dialog_body_text_name,51075,2,1,2016-11-16T00:00:00,2200-12-31T00:00:00,0,0
20375,leader_approval_time_limit,10,2,1,2016-11-16T00:00:00,2200-12-31T00:00:00,0,0
20376,gvg_survival_penalty,15,2,1,2016-11-16T00:00:00,2200-12-31T00:00:00,0,0
20377,gvg_isnot_survival_penalty_time,30,2,1,2016-11-16T00:00:00,2200-12-31T00:00:00,0,0
20378,equipment_option_skill_redraw_orb_rarity_7,100,2,1,2016-11-16T00:00:00,2200-12-31T00:00:00,0,0
20379,sugoroku_trycount_limit_value,50,2,1,2016-11-16T00:00:00,2200-12-31T00:00:00,0,0
20380,roulette_trycount_limit_value,50,2,1,2016-11-16T00:00:00,2200-12-31T00:00:00,0,0
20381,party_joblv_limit_value,780,2,1,2021-02-24T00:00:00,2200-12-31T00:00:00,0,0
20382,field_map_id,310000001,2,1,2016-11-16T00:00:00,2200-12-31T00:00:00,0,0
20388,agito_default_furniture_1,0,2,1,2016-11-16T00:00:00,2200-12-31T00:00:00,0,0
20389,agito_default_furniture_2,0,2,1,2016-11-16T00:00:00,2200-12-31T00:00:00,0,0
20390,agito_default_furniture_3,0,2,1,2016-11-16T00:00:00,2200-12-31T00:00:00,0,0
20391,agito_default_furniture_4,0,2,1,2016-11-16T00:00:00,2200-12-31T00:00:00,0,0
20392,agito_default_furniture_5,0,2,1,2016-11-16T00:00:00,2200-12-31T00:00:00,0,0
20393,chat_world_enabled,1,2,1,2016-11-16T00:00:00,2200-12-31T00:00:00,0,0
20394,chat_team_enabled,1,2,1,2016-11-16T00:00:00,2200-12-31T00:00:00,0,0
20395,chat_friend_enabled,1,2,1,2016-11-16T00:00:00,2200-12-31T00:00:00,0,0
20396,chat_group_enabled,1,2,1,2016-11-16T00:00:00,2200-12-31T00:00:00,0,0
20397,rt_server_conn_title,1,2,1,2016-11-16T00:00:00,2200-12-31T00:00:00,0,0
20398,chat_world_max_num_channel,6000,2,1,2016-11-16T00:00:00,2200-12-31T00:00:00,0,0
20399,character_slot_init,100,2,1,2016-11-16T00:00:01,2200-12-31T00:00:01,0,0
20400,character_expansion_count,5,2,1,2016-11-16T00:00:02,2200-12-31T00:00:02,0,0
20401,character_expansion_cost,30,2,1,2016-11-16T00:00:03,2200-12-31T00:00:03,0,0
20402,character_slot_limit,500,2,1,2016-11-16T00:00:04,2200-12-31T00:00:04,0,0
20403,accessory_slot_init,100,2,1,2016-11-16T00:00:05,2200-12-31T00:00:05,0,0
20404,accessory_expansion_count,5,2,1,2016-11-16T00:00:06,2200-12-31T00:00:06,0,0
20405,accessory_expansion_cost,30,2,1,2016-11-16T00:00:07,2200-12-31T00:00:07,0,0
20406,accessory_slot_limit,500,2,1,2016-11-16T00:00:08,2200-12-31T00:00:08,0,0
20407,agito_visitor_point_bonus_value,100,2,1,2016-11-16T00:00:08,2200-12-31T00:00:08,0,0
20408,chat_party_enabled,1,2,1,2016-11-16T00:00:08,2200-12-31T00:00:08,0,0
20409,chat_gvg_enabled,1,2,1,2016-11-16T00:00:08,2200-12-31T00:00:08,0,0
20410,agito_good_history_limit,20,2,1,2016-11-16T00:00:08,2200-12-31T00:00:08,0,0
20411,agito_recommend_chara_count,3,2,1,2016-11-16T00:00:08,2200-12-31T00:00:08,0,0
20412,agito_recommend_last_login_days,5,2,1,2016-11-16T00:00:08,2200-12-31T00:00:08,0,0
20413,agito_good_recover_ap,5,2,1,2016-11-16T00:00:08,2200-12-31T00:00:08,0,0
20414,agito_default_replace_equipment_id,2114010,2,1,2016-11-16T00:00:08,2200-12-31T00:00:08,0,0
20415,agito_count_bonus_column_border,64,2,1,2016-11-16T00:00:08,2200-12-31T00:00:08,0,0
20416,agito_good_max_count,100,2,1,2016-11-16T00:00:00,2200-12-31T00:00:00,0,0
20417,agito_good_recover_max_count,5,2,1,2016-11-16T00:00:00,2200-12-31T00:00:00,0,0
20418,season_pass_daily_mission_count,7,2,1,2016-11-16T00:00:00,2200-12-31T00:00:00,0,0
20420,player_npc_id1,90001,2,1,2016-11-16T00:00:00,2200-12-31T00:00:00,0,0
20421,player_npc_id2,90002,2,1,2016-11-16T00:00:00,2200-12-31T00:00:00,0,0
20422,player_npc_id3,90003,2,1,2016-11-16T00:00:00,2200-12-31T00:00:00,0,0
20423,tutorial_agito_visitor_lineup,1,2,1,2016-11-16T00:00:00,2200-12-31T00:00:00,0,0
20424,tutorial_agito_equipment_id,1017010,2,1,2016-11-16T00:00:00,2200-12-31T00:00:00,0,0
20425,tutorial_agito_ap_item,34001,2,1,2016-11-16T00:00:00,2200-12-31T00:00:00,0,0
20426,tutorial_agito_item,36001,2,1,2016-11-16T00:00:00,2200-12-31T00:00:00,0,0
20427,agito_default_furniture_wall_paper_item_id,35001,2,1,2016-11-16T00:00:00,2200-12-31T00:00:00,0,0
20428,agito_default_furniture_floor_board_item_id,35010,2,1,2016-11-16T00:00:00,2200-12-31T00:00:00,0,0
20429,agito_default_furniture_table_set_item_id,35003,2,1,2016-11-16T00:00:00,2200-12-31T00:00:00,0,0
20430,agito_default_furniture_corner_item_id_1,0,2,1,2016-11-16T00:00:00,2200-12-31T00:00:00,0,0
20431,agito_default_furniture_corner_item_id_2,0,2,1,2016-11-16T00:00:00,2200-12-31T00:00:00,0,0
20432,agito_default_furniture_floor_item_id_1,0,2,1,2016-11-16T00:00:00,2200-12-31T00:00:00,0,0
20433,agito_default_furniture_floor_item_id_2,0,2,1,2016-11-16T00:00:00,2200-12-31T00:00:00,0,0
20434,agito_default_furniture_floor_item_id_3,0,2,1,2016-11-16T00:00:00,2200-12-31T00:00:00,0,0
20435,agito_default_furniture_floor_item_id_4,0,2,1,2016-11-16T00:00:00,2200-12-31T00:00:00,0,0
20436,agito_default_furniture_floor_item_id_5,0,2,1,2016-11-16T00:00:00,2200-12-31T00:00:00,0,0
20437,agito_default_furniture_floor_item_id_6,0,2,1,2016-11-16T00:00:00,2200-12-31T00:00:00,0,0
20438,agito_default_furniture_special_floor_item_id,35006,2,1,2016-11-16T00:00:00,2200-12-31T00:00:00,0,0
20439,agito_default_furniture_wall_medium_item_id_1,35033,2,1,2016-11-16T00:00:00,2200-12-31T00:00:00,0,0
20440,agito_default_furniture_wall_medium_item_id_2,35033,2,1,2016-11-16T00:00:00,2200-12-31T00:00:00,0,0
20441,agito_default_furniture_wall_medium_item_id_3,0,2,1,2016-11-16T00:00:00,2200-12-31T00:00:00,0,0
20442,agito_default_furniture_wall_medium_item_id_4,0,2,1,2016-11-16T00:00:00,2200-12-31T00:00:00,0,0
20443,agito_default_furniture_wall_medium_item_id_5,0,2,1,2016-11-16T00:00:00,2200-12-31T00:00:00,0,0
20444,agito_default_furniture_wall_small_item_id_1,35052,2,1,2016-11-16T00:00:00,2200-12-31T00:00:00,0,0
20445,agito_default_furniture_wall_small_item_id_2,35052,2,1,2016-11-16T00:00:00,2200-12-31T00:00:00,0,0
20446,agito_default_furniture_wall_small_item_id_3,35052,2,1,2016-11-16T00:00:00,2200-12-31T00:00:00,0,0
20447,agito_default_furniture_wall_small_item_id_4,35052,2,1,2016-11-16T00:00:00,2200-12-31T00:00:00,0,0
20448,agito_default_furniture_wall_small_item_id_5,35052,2,1,2016-11-16T00:00:00,2200-12-31T00:00:00,0,0
20449,agito_default_furniture_wall_small_item_id_6,35052,2,1,2016-11-16T00:00:00,2200-12-31T00:00:00,0,0
20450,agito_default_furniture_wall_small_item_id_7,0,2,1,2016-11-16T00:00:00,2200-12-31T00:00:00,0,0
20451,agito_default_furniture_wall_small_item_id_8,0,2,1,2016-11-16T00:00:00,2200-12-31T00:00:00,0,0
20452,agito_default_furniture_wall_small_item_id_9,0,2,1,2016-11-16T00:00:00,2200-12-31T00:00:00,0,0
20453,agito_default_furniture_wall_small_item_id_10,0,2,1,2016-11-16T00:00:00,2200-12-31T00:00:00,0,0
20454,agito_default_furniture_wall_small_item_id_11,0,2,1,2016-11-16T00:00:00,2200-12-31T00:00:00,0,0
20455,agito_default_furniture_wall_small_item_id_12,0,2,1,2016-11-16T00:00:00,2200-12-31T00:00:00,0,0
20456,agito_default_furniture_wall_small_item_id_13,0,2,1,2016-11-16T00:00:00,2200-12-31T00:00:00,0,0
20457,arena_dummy_weapon_skill_lv,1,2,1,2016-11-16T00:00:00,2200-12-31T00:00:00,0,0
20458,vip_rate,50,2,1,2016-11-16T00:00:00,2200-12-31T00:00:00,0,0
20459,line1_first_accessory_unlock_level,5,2,1,2016-11-16T00:00:00,2200-12-31T00:00:00,0,0
20460,line1_second_accessory_unlock_level,13,2,1,2016-11-16T00:00:00,2200-12-31T00:00:00,0,0
20461,line2_first_accessory_unlock_level,7,2,1,2016-11-16T00:00:00,2200-12-31T00:00:00,0,0
20462,line2_second_accessory_unlock_level,16,2,1,2016-11-16T00:00:00,2200-12-31T00:00:00,0,0
20463,line3_first_accessory_unlock_level,10,2,1,2016-11-16T00:00:00,2200-12-31T00:00:00,0,0
20464,line3_second_accessory_unlock_level,20,2,1,2016-11-16T00:00:00,2200-12-31T00:00:00,0,0
20465,start_important_mission_group_id,1000001,2,1,2016-11-16T00:00:00,2200-12-31T00:00:00,0,0
20466,agito_item_set_max_count_1,2,2,1,2016-11-16T00:00:00,2200-12-31T00:00:00,0,0
20467,agito_item_set_max_count_2,4,2,1,2016-11-16T00:00:00,2200-12-31T00:00:00,0,0
20468,agito_item_set_max_count_3,4,2,1,2016-11-16T00:00:00,2200-12-31T00:00:00,0,0
20469,agito_item_set_max_count_4,1,2,1,2016-11-16T00:00:00,2200-12-31T00:00:00,0,0
20470,character_max_present_title,gacha_name,4,1,2016-11-16T00:00:00,2200-12-31T00:00:00,0,0
20471,character_max_present_detail,gacha_nameから獲得した団員/装備です,4,1,2016-11-16T00:00:00,2200-12-31T00:00:00,0,0
20472,agito_recommend_ranking_rate,10,3,1,2016-11-16T00:00:00,2200-12-31T00:00:00,0,0
20473,replace_lamplight_re_notification_time,120,2,1,2016-11-16T00:00:00,2200-12-31T00:00:00,0,0
20474,serial_code_display_condition,0,2,1,2016-11-16T00:00:00,2200-12-31T00:00:00,0,0
20475,default_deck_equipment_id_1,1001020,2,1,2016-11-16T00:00:00,2200-12-31T00:00:00,0,0
20476,default_deck_equipment_id_2,1002020,2,1,2016-11-16T00:00:00,2200-12-31T00:00:00,0,0
20477,default_deck_equipment_id_3,1003010,2,1,2016-11-16T00:00:00,2200-12-31T00:00:00,0,0
20478,twitter_url,https://twitter.com/shingeki_bo,2,1,2016-11-16T00:00:00,2200-12-31T00:00:00,0,0
20479,discord_url,https://t.co/fH0CQL5ms7,2,1,2016-11-16T00:00:00,2200-12-31T00:00:00,0,0
20480,agito_tutorial_preset_id,1,2,1,2016-11-16T00:00:00,2200-12-31T00:00:00,0,0
20481,equipment_dungeon_npc_damage_motion_rate,10,2,1,2016-11-16T00:00:00,2200-12-31T00:00:00,0,0
20482,equipment_dungeon_npc_damage_motion_interval,20,2,1,2016-11-16T00:00:00,2200-12-31T00:00:00,0,0
20483,speech_bubble_only_display_time,5,2,1,2016-11-16T00:00:00,2200-12-31T00:00:00,0,0
20484,restore_button_display,0,2,1,2016-11-16T00:00:00,2200-12-31T00:00:00,0,0
20485,photon_max_ccu_reached,40000,2,1,2016-11-16T00:00:00,2200-12-31T00:00:00,0,0
20486,agito_recommend_total_job_lv_min,100,2,1,2016-11-16T00:00:00,2200-12-31T00:00:00,0,0
20487,battle_background_forced_abort_min,10,2,1,2016-11-16T00:00:00,2200-12-31T00:00:00,0,0
20488,navigation_disable_important_mission_group_id,1000010,2,1,2016-11-16T00:00:00,2200-12-31T00:00:00,0,0
20489,navigation_important_mission_disable_time,3,2,1,2016-11-16T00:00:00,2200-12-31T00:00:00,0,0
20490,organize_friends_day,7,2,1,2016-11-16T00:00:00,2200-12-31T00:00:00,0,0
20491,gve_top_polling_seconds,90,2,1,2016-11-16T00:00:00,2200-12-31T00:00:00,0,0
20492,repair_progress_job_skill_learn,0,2,1,2022-03-25T14:00:00,2200-12-31T00:00:00,0,0
20493,mercenary_update_interval,5,2,1,2016-11-16T00:00:00,2200-12-31T00:00:00,0,0
20494,agito_max_visitor_count,9,2,1,2016-11-16T00:00:00,2200-12-31T00:00:00,0,0
20495,job_skill_navigation_disable_value,5,2,1,2016-11-16T00:00:00,2200-12-31T00:00:00,0,0
20496,chat_push_title_direct,【ダイレクト】%s,4,1,2016-11-16T00:00:00,2200-12-31T00:00:00,0,0
20497,chat_push_title_group,【%s】%s,4,1,2016-11-16T00:00:00,2200-12-31T00:00:00,0,0
20498,chat_push_title_guild,【連合】%s,4,1,2016-11-16T00:00:00,2200-12-31T00:00:00,0,0
20499,home_display_label_shop,,4,2,2016-11-16T00:00:00,2200-12-31T00:00:00,0,0
20500,home_display_label_shop,"無料デイリー
パック配布中！",4,1,2022-08-11T10:35:00,2022-08-21T10:29:59,0,0
20501,agito_recommend_ranking_login_days,7,2,1,2016-11-16T00:00:00,2200-12-31T00:00:00,0,0
20502,chat_beginner_enabled,1,2,1,2016-11-16T00:00:00,2200-12-31T00:00:00,0,0
20503,mirrativ_broadcast_url,https://ws9f.adj.st//broadcast/live?adjust_t=z2cz68w_lw74ydq&adjust_deeplink=mirr%3A%2F%2F%2Fbroadcast%2Flive%3Fapp_id%3D%20jp.enish.shingekibo&app_id=jp.enish.shingekibo,2,1,2016-11-16T00:00:00,2200-12-31T00:00:00,0,0
20504,mirrativ_watch_url,https://ws9f.adj.st//app/jp.enish.shingekibo?adjust_t=z2cz68w_lw74ydq&adjust_deeplink=mirr:///app/jp.enish.shingekibo,2,1,2016-11-16T00:00:00,2200-12-31T00:00:00,0,0
20505,repair_deck_stylish,0,2,1,2022-05-25T13:30:00,2200-12-31T00:00:00,0,0
20506,gve_matching_range_rank,20,2,1,2022-05-25T13:30:00,2200-12-31T00:00:00,0,0
20507,beginner_max_job_level,100,2,1,2016-11-16T00:00:00,2200-12-31T00:00:00,0,0
20508,relief_point_add_battle_first_clear,10,2,1,2016-11-16T00:00:00,2200-12-31T00:00:00,0,0
20509,relief_point_add_battle_with_beginner,5,2,1,2016-11-16T00:00:00,2200-12-31T00:00:00,0,0
20510,relief_point_add_chat,1,2,1,2016-11-16T00:00:00,2200-12-31T00:00:00,0,0
20511,relief_point_max_daily_send_count,10,2,1,2016-11-16T00:00:00,2200-12-31T00:00:00,0,0
20512,max_deck_set_index,10,2,1,2016-11-16T00:00:00,2200-12-31T00:00:00,0,0
20513,random_box_emission_rate_flag,0,1,1,2016-11-16T00:00:00,2200-12-31T00:00:00,0,0
20514,deck_same_character_open_flag,1,2,1,2016-11-16T00:00:00,2200-12-31T00:00:00,0,0
20515,equipment_enhancement_inherit_cost,100000,2,1,2016-11-16T00:00:00,2200-12-31T00:00:00,0,0
20516,home_display_label_shop_beginner,"初心者パック
販売中！",4,1,2016-11-16T00:00:00,2026-08-28T10:29:59,0,0
20517,beginner_guid_url,notify#notify=7,2,1,2016-11-16T00:00:00,2200-12-31T00:00:00,0,0
20518,gvg_bidding_help_url,https://shingeki-bo.enish.com/gvg/,2,1,2016-11-16T00:00:00,2200-12-31T00:00:00,0,0
20519,equipment_limit_break_required_1,1,2,1,2016-11-16T00:00:00,2200-12-31T00:00:00,0,0
20520,equipment_limit_break_required_2,1,2,1,2016-11-16T00:00:00,2200-12-31T00:00:00,0,0
20521,equipment_limit_break_required_3,1,2,1,2016-11-16T00:00:00,2200-12-31T00:00:00,0,0
20522,equipment_limit_break_required_4,2,2,1,2016-11-16T00:00:00,2200-12-31T00:00:00,0,0
20523,equipment_limit_break_required_5,2,2,1,2016-11-16T00:00:00,2200-12-31T00:00:00,0,0
20524,home_display_label_gacha,,4,2,2016-11-16T00:00:00,2200-12-31T00:00:00,0,0
20525,home_display_label_gacha,"最大100連無料
ガチャ 8/30まで",4,1,2022-04-28T10:35:00,2022-05-08T23:59:59,0,0
20526,guild_name_change_time_limit,10080,2,1,2016-11-16T00:00:00,2200-12-31T00:00:00,0,0
20527,guild_name_change_need_cost,1000000,2,1,2016-11-16T00:00:00,2200-12-31T00:00:00,0,0
20528,comeback_expiration_time,168,2,1,2016-11-16T00:00:00,2200-12-31T00:00:00,0,0
20530,startup_background_resource,0,2,2,2016-11-16T00:00:00,2200-12-31T00:00:00,0,0
20531,home_display_label_shop_comeback,"カムバック
限定販売中！",4,1,2016-11-16T00:00:00,2026-08-28T10:29:59,0,0
20532,max_deck_group,6,2,1,2016-11-16T00:00:00,2200-12-31T00:00:00,0,0
20533,home_display_label_shop,"無料デイリー
パック配布中！",4,1,2022-10-13T10:35:00,2022-10-31T23:59:59,0,0
20534,special_effect_filter,1,4,1,2016-11-16T00:00:00,2200-12-31T00:00:00,0,0
20535,home_display_label_shop,"無料デイリー
パック配布中！",4,1,2022-11-08T10:35:00,2022-11-22T23:59:59,0,0
20536,attackquest_exchange_id,200291,2,1,2016-11-16T00:00:00,2200-12-31T00:00:00,0,0
20537,currency_bg_collar_orb,FF8CD2,2,1,2016-11-16T00:00:00,2200-12-31T00:00:00,0,0
20538,gvg_apply_period_minutes,1140,2,1,2016-11-16T00:00:00,2200-12-31T00:00:00,0,0
20539,gacha_exchange_character_max_present_title,gacha_name結果,4,1,2016-11-16T00:00:00,2200-12-31T00:00:00,0,0
20540,gacha_exchange_character_max_present_detail,gacha_nameの交換で獲得した団員/装備です,4,1,2016-11-16T00:00:00,2200-12-31T00:00:00,0,0
20541,home_display_label_shop,"無料デイリー
パック配布中！",4,1,2022-12-23T10:35:00,2022-12-30T23:59:59,0,0
20542,home_display_label_shop,"無料デイリー
パック配布中！",4,1,2023-01-01T00:00:00,2023-01-10T23:59:59,0,0
20543,world_description_text,"・連合対戦コンテンツが活発なワールド
・パーティ募集などが活発でマルチプレイに最適です
・沢山のプレイヤーがゲーム攻略をサポートしてくれます",4,1,2016-11-16T00:00:00,2200-12-31T00:00:00,0,0
20544,world_description_text,"・初心者におすすめなワールド
・獲得経験値アップなどの恩恵で爆速成長！
・初心者同士で遊びたい！という方におすすめ！",4,1,2023-01-24T10:30:00,2200-12-31T00:00:00,0,0
20545,home_display_label_shop,"無料デイリー
パック配布中！",4,1,2023-02-10T10:35:00,2023-02-27T23:59:59,0,0
20546,hidden_monster_level,999,2,1,2016-11-16T00:00:00,2200-12-31T00:00:00,0,0
20547,gvg_matching_valid_minutes,30,2,1,2016-11-16T00:00:00,2200-12-31T00:00:00,0,0
20548,gvg_reserve_wait_limit_minutes,70,2,1,2016-11-16T00:00:00,2200-12-31T00:00:00,0,0
20549,gvg_practice_reward_limit,1,2,1,2016-11-16T00:00:00,2200-12-31T00:00:00,0,0
20550,gvg_practice_matching_limit_minutes,30,2,1,2016-11-16T00:00:00,2200-12-31T00:00:00,0,0
20551,gvg_practice_penalty_limit_minutes,120,2,1,2016-11-16T00:00:00,2200-12-31T00:00:00,0,0
20552,gvg_practice_reception_deadline_minutes,60,2,1,2016-11-16T00:00:00,2200-12-31T00:00:00,0,0
20553,home_display_label_shop,"無料デイリー
パック配布中！",4,1,2023-03-31T10:35:00,2023-04-07T23:59:59,0,0
20554,home_display_label_shop,"無料デイリー
パック配布中！",4,1,2023-04-28T10:35:00,2023-05-18T23:59:59,0,0
20555,gvg_practice_required_guild_lv,5,2,1,2016-11-16T00:00:00,2200-12-31T00:00:00,0,0
20556,gvg_practice_entry_available_phase,10,2,1,2016-11-16T00:00:00,2200-12-31T00:00:00,0,0
20557,rune_create_max_value,1000,2,1,2016-11-16T00:00:00,2200-12-31T00:00:00,0,0
20558,rune_dialog_threshold_value,20000,2,1,2016-11-16T00:00:00,2200-12-31T00:00:00,0,0
20559,rune_dialog_firing_interval,96,2,1,2016-11-16T00:00:00,2200-12-31T00:00:00,0,0
20560,agito_tutorial_end_reward_id,4706001,2,1,2023-08-10T10:35:00,2200-12-31T00:00:00,0,0
20561,discord_display,0,2,1,2016-11-16T00:00:00,2200-12-31T00:00:00,0,0
20562,home_display_label_shop,"無料デイリー
パック配布中！",4,1,2023-07-14T10:35:00,2023-07-23T23:59:59,0,0
20563,break_damage_race_additional_rate,2,3,1,2023-07-14T10:35:00,2200-12-31T00:00:00,0,0
20564,home_display_label_shop,"無料デイリー
パック配布中！",4,1,2023-08-10T10:35:00,2023-08-30T23:59:59,0,0
20565,home_display_label_shop,"ハロウィン無料
商品追加中！",4,1,2023-10-24T10:35:00,2023-10-31T23:59:59,0,0
20566,exp_item_high_rate,10,3,1,2016-11-16T00:00:00,2200-12-31T00:00:00,0,0
20567,home_display_label_shop,"無料デイリー
パック配布中！",4,1,2023-11-07T10:35:00,2023-11-29T23:59:59,0,0
20568,pvp_exchange_id,200951,2,1,2016-11-16T00:00:00,2200-12-31T00:00:00,0,0
20569,home_display_label_shop,"クリスマス無料
商品追加中！",4,1,2023-12-15T10:35:00,2023-12-25T23:59:59,0,0
20570,home_display_label_shop,"無料デイリー
パック配布中！",4,1,2024-01-01T00:00:00,2024-01-11T23:59:59,0,0
20571,home_display_label_shop,"無料デイリー
パック配布中！",4,1,2024-02-08T10:35:00,2024-02-29T23:59:59,0,0
20572,home_display_label_shop,"ホワイトデー無料
商品追加中！",4,1,2024-03-08T10:35:00,2024-03-15T10:29:59,0,0
20573,contact_information_address,support_breoda@enish.com,2,1,2120-09-01T00:00:00,2120-09-30T00:00:00,0,0
20574,home_display_label_shop,"無料デイリー
パック配布中！",4,1,2024-03-30T10:35:00,2024-04-11T23:59:59,0,0
20575,home_display_label_shop,"無料デイリー
パック配布中！",4,1,2024-04-30T10:35:00,2024-05-16T23:59:59,0,0
20576,home_display_label_shop,"無料デイリー
パック配布中！",4,1,2024-08-06T10:35:00,2024-08-25T23:59:59,0,0
20577,home_display_label_shop,"無料デイリー
パック配布中！",4,1,2024-11-07T10:35:00,2024-11-27T23:59:59,0,0
20578,home_display_label_shop,"クリスマス無料
商品追加中！",4,1,2024-12-16T10:35:00,2024-12-27T23:59:59,0,0
20579,home_display_label_shop,"無料デイリー
パック配布中！",4,1,2025-01-01T00:00:00,2025-01-14T23:59:59,0,0
20580,home_display_label_shop,"無料デイリー
パック配布中！",4,1,2025-02-10T10:35:00,2025-03-01T23:59:59,0,0
20581,home_display_label_shop,"無料デイリー
パック配布中！",4,1,2025-04-04T10:35:00,2025-04-18T23:59:59,0,0
20582,home_display_label_shop,"無料デイリー
パック配布中！",4,1,2025-04-24T10:35:00,2025-05-14T23:59:59,0,0
20583,equipment_limit_break_max_6star,5,2,1,2016-11-16T00:00:00,2200-12-31T00:00:00,0,0
20584,equipment_limit_break_required_6,2,2,1,2016-11-16T00:00:00,2200-12-31T00:00:00,0,0
20585,equipment_limit_break_required_7,2,2,1,2016-11-16T00:00:00,2200-12-31T00:00:00,0,0
20586,equipment_limit_break_required_8,2,2,1,2016-11-16T00:00:00,2200-12-31T00:00:00,0,0
20587,equipment_limit_break_required_9,2,2,1,2016-11-16T00:00:00,2200-12-31T00:00:00,0,0
20588,equipment_limit_break_required_10,2,2,1,2016-11-16T00:00:00,2200-12-31T00:00:00,0,0
20589,home_display_label_shop,"無料デイリー
パック配布中！",4,1,2025-08-07T10:35:00,2025-08-26T23:59:59,0,0
20590,home_display_label_shop,"無料デイリー
パック配布中！",4,1,2025-11-10T10:35:00,2025-11-27T23:59:59,0,0
20591,equipment_enhancement_super_blessing_min_rank,3,2,1,2016-11-16T00:00:00,2200-12-31T00:00:00,0,0
20592,equipment_enhancement_super_blessing_max_rank,5,2,1,2016-11-16T00:00:00,2200-12-31T00:00:00,0,0
20593,home_display_label_shop,"クリスマス無料
商品追加中！",4,1,2025-12-19T10:35:00,2025-12-29T10:29:59,0,0
20594,home_display_label_shop,"無料デイリー
パック配布中！",4,1,2026-02-10T10:35:00,2026-02-26T23:59:00,0,0
20595,home_display_label_shop,"無料デイリー
パック配布中！",4,1,2026-04-24T10:35:00,2026-05-14T23:59:59,0,0
20596,mercenary_list_display_limited,5,2,1,2016-11-16T00:00:00,2200-12-31T00:00:00,0,0
20597,home_display_label_shop,"無料デイリー
パック配布中！",4,1,2026-07-14T10:35:00,2026-08-05T23:59:59,0,0
100001,treasure_fv_time_1_start,6:00:00,4,1,2016-11-16T00:00:00,2200-12-31T00:00:00,0,0
100002,treasure_fv_time_1_end,9:00:00,4,1,2016-11-16T00:00:00,2200-12-31T00:00:00,0,0
100003,treasure_fv_time_2_start,11:00:00,4,1,2016-11-16T00:00:00,2200-12-31T00:00:00,0,0
100004,treasure_fv_time_2_end,14:00:00,4,1,2016-11-16T00:00:00,2200-12-31T00:00:00,0,0
100005,treasure_fv_time_3_start,20:00:00,4,1,2016-11-16T00:00:00,2200-12-31T00:00:00,0,0
100006,treasure_fv_time_3_end,00:00:00,4,1,2016-11-16T00:00:00,2200-12-31T00:00:00,0,0
100007,treasure_fv_rate,1500,1,1,2016-11-16T00:00:00,2200-12-31T00:00:00,0,0
100009,defeat_mob_limit,12,1,1,2016-11-16T00:00:00,2200-12-31T00:00:00,0,0
100010,threshold_rank_ss,10,1,1,2016-11-16T00:00:00,2200-12-31T00:00:00,0,0
100011,threshold_rank_ss,300,1,1,2016-11-16T00:00:00,2200-12-31T00:00:00,0,0
100012,threshold_rank_a,700,1,1,2016-11-16T00:00:00,2200-12-31T00:00:00,0,0
100013,ancient_tower_daily_sweep_count,1,2,1,2016-11-16T00:00:00,2200-12-31T00:00:00,0,0
100014,first_accessory_unlock_level,5,2,2,2016-11-16T00:00:00,2200-12-31T00:00:00,0,0
100015,second_accessory_unlock_level,10,2,3,2016-11-16T00:00:00,2200-12-31T00:00:00,0,0
100016,rune_random_option_slot1_level,5,2,3,2016-11-16T00:00:00,2200-12-31T00:00:00,0,0
100017,rune_random_option_slot2_level,10,2,3,2016-11-16T00:00:00,2200-12-31T00:00:00,0,0
100018,rune_random_option_slot3_level,15,2,3,2016-11-16T00:00:00,2200-12-31T00:00:00,0,0
