contents_id,unlock_stage_id,background_resource_id,min_job_lv,max_job_lv,min_cp,max_cp,contents_ranking_id
521,0,825300520,0,0,0,0,0
522,5211130,825300521,0,0,0,0,0
526,0,825100003,0,0,0,0,0
527,5261010,825100004,0,0,0,0,527001
530,0,825100007,0,0,0,0,530001
531,0,825100008,0,0,0,0,0
532,0,890506003,0,0,0,0,0
533,0,890506003,0,0,0,0,0
534,0,890506003,0,0,0,0,0
535,0,890506003,0,0,0,0,0
536,0,825100009,0,0,0,0,0
538,0,825100010,0,0,0,0,538001
540,0,825100012,0,0,0,0,540001
542,0,825100013,0,0,0,0,0
543,0,825100014,0,0,0,0,0
545,0,825100015,0,0,0,0,545001
547,0,825100016,0,0,0,0,547001
550,0,825100017,0,0,0,0,550001
552,0,825100018,0,0,0,0,552001
555,0,825100020,0,0,0,0,555001
557,0,825100021,0,0,0,0,557001
559,0,825100022,0,0,0,0,559001
562,0,825100023,0,0,0,0,562001
564,0,825100024,0,0,0,0,564001
566,0,825100025,0,0,0,0,566001
568,0,825100026,0,0,0,0,568001
570,0,825100027,0,0,0,0,570001
