id,text_name,text_description1,text_description2,display_priority,resource_id,type,cost_consume_type,challenge_unit,free_count,cost_group_id,special_cost_group_id,challenge_max_num,special_challenge_max_num,contents_resource_id,playable_time_group_id,battle_time_limit,bgm_id,event_badge_flag,open_date,close_date
101,9300001,9310001,9310001,0,890100101,1,0,0,0,0,0,0,0,0,0,0,0,0,2016-11-16T00:00:00,2200-12-31T00:00:00
502,9300002,9310002,9310001,90,890100502,5,1,1,1,0,0,0,0,0,0,120,10202,0,2016-11-16T00:00:00,2200-12-31T00:00:00
503,9300003,9310003,9310001,110,890100503,3,2,4,1,50300,50301,3,1,0,0,0,10202,0,2016-11-16T00:00:00,2200-12-31T00:00:00
504,9300004,9310004,9310001,100,890100504,6,3,1,3,0,0,0,0,0,0,0,10202,0,2016-11-16T00:00:00,2200-12-31T00:00:00
505,9300005,9310033,9310032,20,890100505,10,4,3,0,0,0,0,0,505,0,1200,10202,0,2023-04-28T10:35:00,2200-12-31T00:00:00
506,9300006,9310006,9310001,80,890100506,4,1,1,1,50600,0,2,0,0,5061,0,10202,0,2016-11-16T00:00:00,2200-12-31T00:00:00
508,9300007,9310007,9310001,70,890100508,14,1,1,3,50800,0,2,0,0,0,180,10203,0,2016-11-16T00:00:00,2200-12-31T00:00:00
509,9300008,9310019,9310020,30,890100510,8,1,3,0,0,0,0,0,509,0,0,10202,0,2022-04-28T10:35:00,2200-12-31T00:00:00
510,9300009,9310009,9310011,50,890100509,7,0,0,0,51000,0,0,0,0,0,300,10202,0,2022-04-28T10:35:00,2200-12-31T00:00:00
511,9300010,9310010,9310018,249,890100511,13,1,2,3,0,0,0,0,0,0,0,10202,0,2022-02-21T10:35:00,2222-03-06T03:59:59
512,9300011,9310001,9310017,120,890100512,2,0,0,0,0,0,0,0,0,0,0,10202,0,2016-11-16T00:00:00,2200-12-31T00:00:00
513,9300012,9310001,9310012,0,890100513,9,0,0,1,0,0,0,0,0,0,900,10202,0,2016-11-16T00:00:00,2200-12-31T00:00:00
514,9300013,9310013,9310001,10,0,11,0,1,1,0,0,0,0,0,0,0,10202,0,2022-08-18T10:35:00,2200-12-31T00:00:00
515,9300014,9310014,9310001,61,890100515,15,0,3,1,0,0,0,0,0,0,0,10202,0,2116-11-16T00:00:00,2200-12-31T00:00:00
516,9300015,9310001,9310001,250,0,16,0,0,0,0,0,0,0,0,0,0,0,0,2016-11-16T00:00:00,2200-12-31T00:00:00
519,9300016,9310015,9310001,36,890100519,17,1,3,0,0,0,0,0,519,0,0,10202,0,2016-11-16T00:00:00,2200-12-31T00:00:00
520,9300017,1,1,240,0,18,1,0,0,0,0,0,0,520,0,180,10202,0,2022-03-25T10:40:00,2200-12-31T00:00:00
521,9300018,9310021,9310001,251,890100521,19,2,1,5,52100,0,3,0,0,0,0,10202,0,2022-08-11T10:35:00,2022-08-31T23:59:59
522,9300019,9310022,9310001,250,890100522,20,2,1,5,52200,0,3,0,0,0,0,10202,0,2022-08-21T10:35:00,2022-08-31T23:59:59
523,9300020,9310023,9310024,75,890100524,21,2,2,0,0,0,0,0,523,0,300,10202,0,2022-09-07T10:35:00,2200-12-31T00:00:00
524,9300024,9310030,9310029,250,890100532,24,2,2,0,0,0,0,0,524,0,0,10202,0,2023-02-10T10:35:00,2023-03-03T10:29:59
525,9300021,9310001,9310026,11,890100506,22,2,2,1,0,0,0,0,0,0,0,10202,0,2016-11-16T00:00:00,2200-12-31T00:00:00
526,9300022,9310027,9310001,250,890100525,19,2,1,10,0,0,0,0,0,0,0,10202,0,2022-11-18T10:30:00,2022-11-27T23:59:59
527,9300023,9310025,9310001,250,890100526,23,0,0,0,0,0,0,0,0,0,0,10202,0,2022-11-18T10:30:00,2022-11-30T23:59:59
530,9300025,9310028,9310001,250,890100530,23,0,0,0,0,0,0,0,0,0,0,10202,0,2023-01-06T12:00:00,2023-01-19T23:59:59
531,9300026,9310031,9310001,250,890100531,19,2,1,1,0,0,0,0,0,0,0,10202,0,2023-02-10T10:35:00,2023-02-28T10:29:59
532,9300027,9310034,9310001,250,890100535,19,2,1,1,0,0,0,0,0,0,0,10202,0,2023-03-03T10:30:00,2023-03-10T03:59:59
533,9300027,9310035,9310001,250,890100535,19,2,1,1,0,0,0,0,0,0,0,10202,0,2023-03-10T04:00:00,2023-03-17T03:59:59
534,9300027,9310036,9310001,250,890100535,19,2,1,1,0,0,0,0,0,0,0,10202,0,2023-03-17T04:00:00,2023-03-24T03:59:59
535,9300027,9310037,9310001,250,890100535,19,2,1,1,0,0,0,0,0,0,0,10202,0,2023-03-24T04:00:00,2023-03-31T03:59:59
536,9300028,9310038,9310001,250,890100533,19,2,1,1,0,0,0,0,0,0,0,10202,0,2023-03-12T10:30:00,2023-03-19T03:59:59
538,9300029,9310039,9310001,250,890100534,23,0,0,0,0,0,0,0,0,0,0,10202,0,2023-04-07T10:35:00,2023-04-19T23:59:59
539,9300024,9310040,9310041,250,890100537,24,2,2,0,0,0,0,0,539,0,0,10202,0,2023-04-28T10:35:00,2023-05-19T10:29:59
540,9300031,9310042,9310001,250,890100540,23,0,0,0,0,0,0,0,0,0,0,10202,1,2023-06-23T10:35:00,2023-07-06T23:59:59
541,9300024,9310043,9310041,250,890100541,24,2,2,0,0,0,0,0,541,0,0,10202,1,2023-07-14T10:35:00,2023-08-01T10:29:59
542,9300032,9310044,9310001,250,890100543,19,2,1,1,0,0,0,0,0,0,0,10202,1,2023-07-26T10:35:00,2023-08-03T10:29:59
543,9300033,9310045,9310001,250,890100544,19,2,1,1,0,0,0,0,0,0,0,10202,1,2023-08-02T10:30:00,2023-08-10T10:29:59
544,9300024,9310046,9310041,250,890100542,24,2,2,0,0,0,0,0,544,0,0,10202,1,2023-08-10T10:35:00,2023-09-03T10:29:59
545,9300034,9310047,9310001,250,890100545,23,0,0,0,0,0,0,0,0,0,0,10202,1,2023-09-22T10:35:00,2023-10-04T23:59:59
546,9300024,9310048,9310041,250,890100546,24,2,2,0,0,0,0,0,546,0,0,10202,1,2023-11-07T10:35:00,2023-11-29T10:29:59
547,9300035,9310049,9310001,250,890100547,23,0,0,0,0,0,0,0,0,0,0,10202,1,2024-01-05T10:35:00,2024-01-17T23:59:59
549,9300024,9310050,9310041,250,890100548,24,2,2,0,0,0,0,0,549,0,0,10202,1,2024-02-08T10:35:00,2024-03-03T10:29:59
550,9300036,9310051,9310001,250,890100550,23,0,0,0,0,0,0,0,0,0,0,10202,1,2024-04-25T10:35:00,2024-05-09T23:59:59
551,9300024,9310052,9310041,250,890100551,24,2,2,0,0,0,0,0,551,0,0,10202,1,2024-04-30T10:35:00,2024-05-19T10:29:59
552,9300037,9310053,9310001,250,890100552,23,0,0,0,0,0,0,0,0,0,0,10202,1,2024-07-12T10:35:00,2024-07-24T23:59:59
554,9300024,9310054,9310041,250,890100554,24,2,2,0,0,0,0,0,554,0,0,10202,1,2024-08-06T10:35:00,2024-08-28T10:29:59
555,9300038,9310055,9310001,250,890100555,23,0,0,0,0,0,0,0,0,0,0,10202,1,2024-10-18T10:35:00,2024-10-30T23:59:59
556,9300024,9310056,9310041,250,890100556,24,2,2,0,0,0,0,0,556,0,0,10202,1,2024-11-07T10:35:00,2024-11-30T10:29:59
557,9300040,9310057,9310001,250,890100557,23,0,0,0,0,0,0,0,0,0,0,10202,1,2025-01-22T10:35:00,2025-02-03T23:59:59
558,9300024,9310058,9310041,250,890100558,24,2,2,0,0,0,0,0,558,0,0,10202,1,2025-02-10T10:35:00,2025-03-02T10:29:59
559,9300041,9310060,9310001,250,890100559,23,0,0,0,0,0,0,0,0,0,0,10202,1,2025-04-04T10:35:00,2025-04-16T23:59:59
560,9300024,9310061,9310041,250,890100560,24,2,2,0,0,0,0,0,560,0,0,10202,1,2025-04-24T10:35:00,2025-05-16T10:29:59
561,9300042,9310063,9310064,30,890100561,26,1,3,0,50900,0,0,0,561,0,0,10202,0,2025-06-13T10:35:00,2200-12-31T00:00:00
562,9300043,9310065,9310001,250,890100562,23,0,0,0,0,0,0,0,0,0,0,10202,1,2025-07-11T10:35:00,2025-07-23T23:59:59
563,9300024,9310066,9310041,250,890100563,24,2,2,0,0,0,0,0,563,0,0,10202,1,2025-08-07T10:35:00,2025-08-30T10:29:59
564,9300044,9310068,9310001,250,890100564,23,0,0,0,0,0,0,0,0,0,0,10202,1,2025-10-10T10:35:00,2025-10-22T23:59:59
565,9300024,9310070,9310041,250,890100565,24,2,2,0,0,0,0,0,565,0,0,10202,1,2025-11-10T10:35:00,2025-12-01T10:29:59
566,9300045,9310074,9310001,250,890100566,23,0,0,0,0,0,0,0,0,0,0,10202,1,2025-12-29T10:35:00,2026-01-10T23:59:59
567,9300024,9310076,9310041,250,890100567,24,2,2,0,0,0,0,0,567,0,0,10202,1,2026-02-10T10:35:00,2026-02-27T10:29:59
568,9300046,9310078,9310001,250,890100568,23,0,0,0,0,0,0,0,0,0,0,10202,1,2026-03-27T10:35:00,2026-04-08T23:59:59
569,9300024,9310080,9310041,250,890100569,24,2,2,0,0,0,0,0,569,0,0,10202,1,2026-04-24T10:35:00,2026-05-15T10:29:59
570,9300047,9310082,9310001,250,890100570,23,0,0,0,0,0,0,0,0,0,0,10202,1,2026-06-22T10:35:00,2026-07-04T23:59:59
571,9300024,9310084,9310041,250,890100571,24,2,2,0,0,0,0,0,571,0,0,10202,1,2026-07-14T10:35:00,2026-08-06T10:29:59
602,9300009,10010088,9310011,250,890111112,7,0,0,0,60000,0,0,0,0,0,300,10202,0,2024-11-07T10:35:00,2024-11-29T10:29:59
