id,target_id,type,item_id,cost
505,5051001,12,21001,100
505,5051002,12,21002,150
505,5051003,12,21003,200
505,5051004,12,21006,250
505,5051005,12,21008,300
505,5051011,12,21004,300
505,5051022,12,21005,400
505,5051033,12,21007,500
505,5051044,12,21009,600
505,5051055,12,21010,600
509,5091000,12,17058,1
509,5091001,12,17040,1
509,5091002,12,17077,10
509,5091003,12,17167,10
509,5091004,12,17229,10
509,5092000,12,17059,1
509,5092001,12,17047,1
509,5092002,12,17081,10
509,5092003,12,17180,10
509,5092004,12,17250,10
509,5093000,12,17076,1
509,5093001,12,17067,1
509,5093002,12,17108,10
509,5093003,12,17182,10
509,5093004,12,18402,10
509,5094001,12,17090,1
509,5094002,12,17082,1
509,5094003,12,17127,10
509,5094004,12,17195,10
509,5094005,12,17242,10
509,5095001,12,17103,1
509,5095002,12,17101,1
509,5095003,12,17154,10
509,5095004,12,17202,10
509,5096001,12,17128,1
509,5096002,12,17122,1
509,5096003,12,17156,10
509,5096004,12,17205,10
509,5096005,12,17253,10
509,5097001,12,17150,1
509,5097002,12,17143,1
509,5097003,12,17168,10
509,5097004,12,17215,10
509,5098001,12,17224,1
509,5098002,12,17225,10
509,5098003,12,17255,10
509,5099001,12,17236,1
509,5099002,12,17237,10
509,5099003,12,18407,10
519,5191001,12,17001,1
519,5191002,12,17001,1
519,5191003,12,17001,1
519,5191004,12,17002,1
519,5191005,12,17002,1
519,5191006,12,17002,1
519,5191007,12,17003,1
519,5191008,12,17003,1
519,5191009,12,17003,1
519,5191010,12,17004,1
519,5191011,12,17004,1
519,5191012,12,17004,1
519,5191013,12,17005,1
519,5191014,12,17005,1
519,5191015,12,17005,1
519,5191016,12,17006,1
519,5191017,12,17006,1
519,5191018,12,17006,1
519,5191019,12,17007,1
519,5191020,12,17007,1
519,5191021,12,17007,1
519,5191022,12,17008,1
519,5191023,12,17008,1
519,5191024,12,17008,1
519,5191025,12,17008,1
519,5191026,12,17009,1
519,5191027,12,17009,1
519,5191028,12,17009,1
519,5191029,12,17009,1
519,5191030,12,17010,1
519,5191031,12,17010,1
519,5191032,12,17010,1
519,5191033,12,17010,1
519,5191034,12,17011,1
519,5191035,12,17011,1
519,5191036,12,17011,1
519,5191037,12,17011,1
519,5191038,12,17012,1
519,5191039,12,17012,1
519,5191040,12,17012,1
519,5191041,12,17012,1
519,5191042,12,17031,1
519,5191043,12,17031,1
519,5191044,12,17031,1
519,5191045,12,17032,1
519,5191046,12,17032,1
519,5191047,12,17032,1
519,5191048,12,17033,1
519,5191049,12,17033,1
519,5191050,12,17033,1
519,5191051,12,17033,1
519,5191052,12,17034,1
519,5191053,12,17034,1
519,5191054,12,17034,1
519,5191055,12,17034,1
519,5191056,12,17051,1
519,5191057,12,17051,1
519,5191058,12,17051,1
519,5191059,12,17052,1
519,5191060,12,17052,1
519,5191061,12,17052,1
519,5191062,12,17053,1
519,5191063,12,17053,1
519,5191064,12,17053,1
519,5191065,12,17053,1
519,5191066,12,17054,1
519,5191067,12,17054,1
519,5191068,12,17054,1
519,5191069,12,17054,1
519,5191070,12,17069,1
519,5191071,12,17069,1
519,5191072,12,17069,1
519,5191073,12,17070,1
519,5191074,12,17070,1
519,5191075,12,17070,1
519,5191076,12,17071,1
519,5191077,12,17071,1
519,5191078,12,17071,1
519,5191079,12,17071,1
519,5191080,12,17072,1
519,5191081,12,17072,1
519,5191082,12,17072,1
519,5191083,12,17072,1
519,5191084,12,17084,1
519,5191085,12,17084,1
519,5191086,12,17084,1
519,5191087,12,17085,1
519,5191088,12,17085,1
519,5191089,12,17085,1
519,5191090,12,17086,1
519,5191091,12,17086,1
519,5191092,12,17086,1
519,5191093,12,17086,1
519,5191094,12,17087,1
519,5191095,12,17087,1
519,5191096,12,17087,1
519,5191097,12,17087,1
519,5191098,12,17096,1
519,5191099,12,17096,1
519,5191100,12,17096,1
519,5191101,12,17097,1
519,5191102,12,17097,1
519,5191103,12,17097,1
519,5191104,12,17098,1
519,5191105,12,17098,1
519,5191106,12,17098,1
519,5191107,12,17098,1
519,5191108,12,17099,1
519,5191109,12,17099,1
519,5191110,12,17099,1
519,5191111,12,17099,1
519,5191112,12,17111,1
519,5191113,12,17111,1
519,5191114,12,17111,1
519,5191115,12,17112,1
519,5191116,12,17112,1
519,5191117,12,17112,1
519,5191118,12,17113,1
519,5191119,12,17113,1
519,5191120,12,17113,1
519,5191121,12,17113,1
519,5191122,12,17114,1
519,5191123,12,17114,1
519,5191124,12,17114,1
519,5191125,12,17114,1
519,5191126,12,17134,1
519,5191127,12,17134,1
519,5191128,12,17134,1
519,5191129,12,17135,1
519,5191130,12,17135,1
519,5191131,12,17135,1
519,5191132,12,17132,1
519,5191133,12,17132,1
519,5191134,12,17132,1
519,5191135,12,17132,1
519,5191136,12,17133,1
519,5191137,12,17133,1
519,5191138,12,17133,1
519,5191139,12,17133,1
519,5191140,12,17148,1
519,5191141,12,17148,1
519,5191142,12,17148,1
519,5191143,12,17149,1
519,5191144,12,17149,1
519,5191145,12,17149,1
519,5191146,12,17146,1
519,5191147,12,17146,1
519,5191148,12,17146,1
519,5191149,12,17146,1
519,5191150,12,17147,1
519,5191151,12,17147,1
519,5191152,12,17147,1
519,5191153,12,17147,1
519,5191154,12,17161,1
519,5191155,12,17161,1
519,5191156,12,17161,1
519,5191157,12,17162,1
519,5191158,12,17162,1
519,5191159,12,17162,1
519,5191160,12,17163,1
519,5191161,12,17163,1
519,5191162,12,17163,1
519,5191163,12,17163,1
519,5191164,12,17164,1
519,5191165,12,17164,1
519,5191166,12,17164,1
519,5191167,12,17164,1
519,5191168,12,17177,1
519,5191169,12,17177,1
519,5191170,12,17177,1
519,5191171,12,17178,1
519,5191172,12,17178,1
519,5191173,12,17178,1
519,5191174,12,17175,1
519,5191175,12,17175,1
519,5191176,12,17175,1
519,5191177,12,17175,1
519,5191178,12,17176,1
519,5191179,12,17176,1
519,5191180,12,17176,1
519,5191181,12,17176,1
519,5191182,12,17191,1
519,5191183,12,17191,1
519,5191184,12,17191,1
519,5191185,12,17192,1
519,5191186,12,17192,1
519,5191187,12,17192,1
519,5191188,12,17189,1
519,5191189,12,17189,1
519,5191190,12,17189,1
519,5191191,12,17189,1
519,5191192,12,17190,1
519,5191193,12,17190,1
519,5191194,12,17190,1
519,5191195,12,17190,1
519,5191196,12,17210,1
519,5191197,12,17210,1
519,5191198,12,17210,1
519,5191199,12,17211,1
519,5191200,12,17211,1
519,5191201,12,17211,1
519,5191202,12,17208,1
519,5191203,12,17208,1
519,5191204,12,17208,1
519,5191205,12,17208,1
519,5191206,12,17209,1
519,5191207,12,17209,1
519,5191208,12,17209,1
519,5191209,12,17209,1
519,5191210,12,17221,1
519,5191211,12,17221,1
519,5191212,12,17221,1
519,5191213,12,17222,1
519,5191214,12,17222,1
519,5191215,12,17222,1
519,5191216,12,17219,1
519,5191217,12,17219,1
519,5191218,12,17219,1
519,5191219,12,17219,1
519,5191220,12,17220,1
519,5191221,12,17220,1
519,5191222,12,17220,1
519,5191223,12,17220,1
519,5191224,12,17233,1
519,5191225,12,17233,1
519,5191226,12,17233,1
519,5191227,12,17234,1
519,5191228,12,17234,1
519,5191229,12,17234,1
519,5191230,12,17231,1
519,5191231,12,17231,1
519,5191232,12,17231,1
519,5191233,12,17231,1
519,5191234,12,17232,1
519,5191235,12,17232,1
519,5191236,12,17232,1
519,5191237,12,17232,1
519,5191238,12,17244,1
519,5191239,12,17244,1
519,5191240,12,17244,1
519,5191241,12,17245,1
519,5191242,12,17245,1
519,5191243,12,17245,1
519,5191244,12,17246,1
519,5191245,12,17246,1
519,5191246,12,17246,1
519,5191247,12,17246,1
519,5191248,12,17247,1
519,5191249,12,17247,1
519,5191250,12,17247,1
519,5191251,12,17247,1
519,5191252,12,17256,1
519,5191253,12,17256,1
519,5191254,12,17256,1
519,5191255,12,17257,1
519,5191256,12,17257,1
519,5191257,12,17257,1
519,5191258,12,17258,1
519,5191259,12,17258,1
519,5191260,12,17258,1
519,5191261,12,17258,1
519,5191262,12,17259,1
519,5191263,12,17259,1
519,5191264,12,17259,1
519,5191265,12,17259,1
519,5191266,12,18403,1
519,5191267,12,18403,1
519,5191268,12,18403,1
519,5191269,12,18404,1
519,5191270,12,18404,1
519,5191271,12,18404,1
519,5191272,12,18405,1
519,5191273,12,18405,1
519,5191274,12,18405,1
519,5191275,12,18405,1
519,5191276,12,18406,1
519,5191277,12,18406,1
519,5191278,12,18406,1
519,5191279,12,18406,1
519,5193001,12,17013,1
519,5193002,12,17014,0
519,5193003,12,17015,1
519,5193004,12,17016,1
519,5193005,12,17017,1
519,5193006,12,17018,1
519,5193007,12,17019,1
519,5193008,12,17020,1
519,5193009,12,17021,1
519,5193010,12,17022,1
519,5193011,12,17023,1
519,5193012,12,17024,1
519,5193013,12,17024,5
519,5193014,12,17024,10
519,5193015,12,17030,1
519,5193016,12,17030,5
519,5193017,12,17030,10
519,5193018,12,17035,1
519,5193019,12,17035,5
519,5193020,12,17035,10
519,5193021,12,17036,10
519,5193022,12,17037,1
519,5193023,12,17038,1
519,5193024,12,17039,1
519,5193025,12,17039,1
519,5193026,12,17041,1
519,5193027,12,17041,3
519,5193028,12,17041,6
519,5193029,12,17041,10
519,5193030,12,17044,1
519,5193031,12,17044,3
519,5193032,12,17044,6
519,5193033,12,17044,10
519,5193034,12,17045,1
519,5193035,12,17045,3
519,5193036,12,17045,6
519,5193037,12,17045,10
519,5193038,12,17046,1
519,5193039,12,17046,3
519,5193040,12,17046,6
519,5193041,12,17046,10
519,5193042,12,17049,1
519,5193043,12,17049,3
519,5193044,12,17049,6
519,5193045,12,17049,10
519,5193046,12,17049,10
519,5193047,12,17055,1
519,5193048,12,17055,3
519,5193049,12,17055,6
519,5193050,12,17055,10
519,5193051,12,17056,1
519,5193052,12,17056,3
519,5193053,12,17056,6
519,5193054,12,17056,10
519,5193055,12,17057,1
519,5193056,12,17057,3
519,5193057,12,17057,6
519,5193058,12,17057,10
519,5193059,12,17060,1
519,5193060,12,17060,3
519,5193061,12,17060,6
519,5193062,12,17060,10
519,5193063,12,17061,3
519,5193064,12,17061,5
519,5193065,12,17061,8
519,5193066,12,17061,10
519,5193067,12,17062,3
519,5193068,12,17062,5
519,5193069,12,17062,8
519,5193070,12,17062,10
519,5193071,12,17064,3
519,5193072,12,17064,5
519,5193073,12,17064,8
519,5193074,12,17064,10
519,5193075,12,17065,3
519,5193076,12,17065,5
519,5193077,12,17065,8
519,5193078,12,17065,10
519,5193079,12,17066,3
519,5193080,12,17066,5
519,5193081,12,17066,8
519,5193082,12,17066,10
519,5193083,12,17068,3
519,5193084,12,17068,5
519,5193085,12,17068,8
519,5193086,12,17068,10
519,5193087,12,17074,3
519,5193088,12,17074,5
519,5193089,12,17074,8
519,5193090,12,17074,10
519,5193091,12,17075,3
519,5193092,12,17075,5
519,5193093,12,17075,8
519,5193094,12,17075,10
519,5193095,12,17078,3
519,5193096,12,17078,5
519,5193097,12,17078,8
519,5193098,12,17078,10
519,5193099,12,17080,3
519,5193100,12,17080,5
519,5193101,12,17080,8
519,5193102,12,17080,10
519,5193103,12,17083,3
519,5193104,12,17083,5
519,5193105,12,17083,8
519,5193106,12,17083,10
519,5193107,12,17088,3
519,5193108,12,17088,5
519,5193109,12,17088,8
519,5193110,12,17088,10
519,5193111,12,17089,3
519,5193112,12,17089,5
519,5193113,12,17089,8
519,5193114,12,17089,10
519,5193115,12,17092,3
519,5193116,12,17092,5
519,5193117,12,17092,8
519,5193118,12,17092,10
519,5193119,12,17093,3
519,5193120,12,17093,5
519,5193121,12,17093,8
519,5193122,12,17093,10
519,5193123,12,17094,3
519,5193124,12,17094,5
519,5193125,12,17094,8
519,5193126,12,17094,10
519,5193127,12,17095,3
519,5193128,12,17095,5
519,5193129,12,17095,8
519,5193130,12,17095,10
519,5193131,12,17106,3
519,5193132,12,17106,5
519,5193133,12,17106,8
519,5193134,12,17106,10
519,5193135,12,17107,3
519,5193136,12,17107,5
519,5193137,12,17107,8
519,5193138,12,17107,10
519,5193139,12,17109,3
519,5193140,12,17109,5
519,5193141,12,17109,8
519,5193142,12,17109,10
519,5193143,12,17110,3
519,5193144,12,17110,5
519,5193145,12,17110,8
519,5193146,12,17110,10
519,5193147,12,17115,3
519,5193148,12,17115,5
519,5193149,12,17115,8
519,5193150,12,17115,10
519,5193151,12,17120,3
519,5193152,12,17120,5
519,5193153,12,17120,8
519,5193154,12,17120,10
519,5193155,12,17117,1
519,5193156,12,17117,1
519,5193157,12,17117,1
519,5193158,12,17123,3
519,5193159,12,17123,5
519,5193160,12,17123,8
519,5193161,12,17123,10
519,5193162,12,17126,3
519,5193163,12,17126,5
519,5193164,12,17126,8
519,5193165,12,17126,10
519,5193166,12,17124,1
519,5193167,12,17124,1
519,5193168,12,17124,1
519,5193169,12,17130,3
519,5193170,12,17130,5
519,5193171,12,17130,8
519,5193172,12,17130,10
519,5193173,12,17131,3
519,5193174,12,17131,5
519,5193175,12,17131,8
519,5193176,12,17131,10
519,5193177,12,17136,3
519,5193178,12,17136,5
519,5193179,12,17136,8
519,5193180,12,17136,10
519,5193181,12,17140,3
519,5193182,12,17140,5
519,5193183,12,17140,8
519,5193184,12,17140,10
519,5193185,12,17142,3
519,5193186,12,17142,5
519,5193187,12,17142,8
519,5193188,12,17142,10
519,5193189,12,17141,1
519,5193190,12,17141,1
519,5193191,12,17141,1
519,5193192,12,17144,3
519,5193193,12,17144,5
519,5193194,12,17144,8
519,5193195,12,17144,10
519,5193196,12,17145,3
519,5193197,12,17145,5
519,5193198,12,17145,8
519,5193199,12,17145,10
519,5193200,12,17153,3
519,5193201,12,17153,5
519,5193202,12,17153,8
519,5193203,12,17153,10
519,5193204,12,17155,3
519,5193205,12,17155,5
519,5193206,12,17155,8
519,5193207,12,17155,10
519,5193208,12,17157,3
519,5193209,12,17157,5
519,5193210,12,17157,8
519,5193211,12,17157,10
519,5193212,12,17158,3
519,5193213,12,17158,5
519,5193214,12,17158,8
519,5193215,12,17158,10
519,5193216,12,17165,3
519,5193217,12,17165,5
519,5193218,12,17165,8
519,5193219,12,17165,10
519,5193220,12,17169,3
519,5193221,12,17169,5
519,5193222,12,17169,8
519,5193223,12,17169,10
519,5193224,12,17170,3
519,5193225,12,17170,5
519,5193226,12,17170,8
519,5193227,12,17170,10
519,5193228,12,17171,3
519,5193229,12,17171,5
519,5193230,12,17171,8
519,5193231,12,17171,10
519,5193232,12,17173,3
519,5193233,12,17173,5
519,5193234,12,17173,8
519,5193235,12,17173,10
519,5193236,12,17172,1
519,5193237,12,17172,1
519,5193238,12,17172,1
519,5193239,12,17174,3
519,5193240,12,17174,5
519,5193241,12,17174,8
519,5193242,12,17174,10
519,5193243,12,17181,3
519,5193244,12,17181,5
519,5193245,12,17181,8
519,5193246,12,17181,10
519,5193247,12,17183,3
519,5193248,12,17183,5
519,5193249,12,17183,8
519,5193250,12,17183,10
519,5193251,12,17184,3
519,5193252,12,17184,5
519,5193253,12,17184,8
519,5193254,12,17184,10
519,5193255,12,17185,3
519,5193256,12,17185,5
519,5193257,12,17185,8
519,5193258,12,17185,10
519,5193259,12,17186,3
519,5193260,12,17186,5
519,5193261,12,17186,8
519,5193262,12,17186,10
519,5193263,12,17188,3
519,5193264,12,17188,5
519,5193265,12,17188,8
519,5193266,12,17188,10
519,5193267,12,17193,3
519,5193268,12,17193,5
519,5193269,12,17193,8
519,5193270,12,17193,10
519,5193271,12,17194,3
519,5193272,12,17194,5
519,5193273,12,17194,8
519,5193274,12,17194,10
519,5193275,12,17197,3
519,5193276,12,17197,5
519,5193277,12,17197,8
519,5193278,12,17197,10
519,5193279,12,17200,3
519,5193280,12,17200,5
519,5193281,12,17200,8
519,5193282,12,17200,10
519,5193283,12,17201,3
519,5193284,12,17201,5
519,5193285,12,17201,8
519,5193286,12,17201,10
519,5193287,12,17203,3
519,5193288,12,17203,5
519,5193289,12,17203,8
519,5193290,12,17203,10
519,5193291,12,17204,3
519,5193292,12,17204,5
519,5193293,12,17204,8
519,5193294,12,17204,10
519,5193295,12,17206,3
519,5193296,12,17206,5
519,5193297,12,17206,8
519,5193298,12,17206,10
519,5193299,12,17207,3
519,5193300,12,17207,5
519,5193301,12,17207,8
519,5193302,12,17207,10
519,5193303,12,17213,3
519,5193304,12,17213,5
519,5193305,12,17213,8
519,5193306,12,17213,10
519,5193307,12,17214,3
519,5193308,12,17214,5
519,5193309,12,17214,8
519,5193310,12,17214,10
519,5193311,12,17216,3
519,5193312,12,17216,5
519,5193313,12,17216,8
519,5193314,12,17216,10
519,5193315,12,17217,3
519,5193316,12,17217,5
519,5193317,12,17217,8
519,5193318,12,17217,10
519,5193319,12,17218,3
519,5193320,12,17218,5
519,5193321,12,17218,8
519,5193322,12,17218,10
519,5193323,12,17226,3
519,5193324,12,17226,5
519,5193325,12,17226,8
519,5193326,12,17226,10
519,5193327,12,17227,3
519,5193328,12,17227,5
519,5193329,12,17227,8
519,5193330,12,17227,10
519,5193331,12,17228,3
519,5193332,12,17228,5
519,5193333,12,17228,8
519,5193334,12,17228,10
519,5193335,12,17230,3
519,5193336,12,17230,5
519,5193337,12,17230,8
519,5193338,12,17230,10
519,5193339,12,17235,3
519,5193340,12,17235,5
519,5193341,12,17235,8
519,5193342,12,17235,10
519,5193343,12,17239,3
519,5193344,12,17239,5
519,5193345,12,17239,8
519,5193346,12,17239,10
519,5193347,12,17241,3
519,5193348,12,17241,5
519,5193349,12,17241,8
519,5193350,12,17241,10
519,5193351,12,17243,3
519,5193352,12,17243,5
519,5193353,12,17243,8
519,5193354,12,17243,10
519,5193355,12,17249,3
519,5193356,12,17249,5
519,5193357,12,17249,8
519,5193358,12,17249,10
519,5193359,12,17252,3
519,5193360,12,17252,5
519,5193361,12,17252,8
519,5193362,12,17252,10
519,5193363,12,17254,3
519,5193364,12,17254,5
519,5193365,12,17254,8
519,5193366,12,17254,10
519,5193367,12,17260,3
519,5193368,12,17260,5
519,5193369,12,17260,8
519,5193370,12,17260,10
519,5193371,12,18400,3
519,5193372,12,18400,5
519,5193373,12,18400,8
519,5193374,12,18400,10
519,5193375,12,18408,3
519,5193376,12,18408,5
519,5193377,12,18408,8
519,5193378,12,18408,10
519,5194001,12,17025,1
519,5194002,12,17026,1
519,5194003,12,17027,1
519,5194004,12,17028,1
519,5194005,12,17029,1
519,5194006,12,17042,1
519,5194007,12,17043,1
519,5194008,12,17048,1
519,5194009,12,17063,1
519,5194010,12,17100,1
519,5194011,12,17100,1
519,5194012,12,17100,1
519,5194013,12,17118,1
519,5194014,12,17119,1
519,5194015,12,17160,1
519,5194016,12,17196,1
519,5194017,12,17248,1
519,5196001,12,17050,1
519,5196002,12,17050,1
519,5196003,12,17050,1
519,5196004,12,17050,1
519,5196005,12,17050,1
519,5196006,12,17050,1
519,5196007,12,17073,1
519,5196008,12,17073,1
519,5196009,12,17073,1
519,5196010,12,17129,1
519,5196011,12,17129,1
519,5196012,12,17129,1
519,5196013,12,17129,1
519,5196014,12,17129,1
519,5196015,12,17129,1
519,5197001,12,17151,1
519,5197002,12,17151,1
519,5197003,12,17151,1
519,5197004,12,17151,1
519,5197005,12,17151,1
519,5197006,12,17151,1
519,5197007,12,17151,1
519,5197008,12,17151,1
519,5197009,12,17151,1
519,5197010,12,17151,1
519,5197011,12,17159,1
519,5197012,12,17159,1
519,5197013,12,17159,1
519,5197014,12,17159,1
519,5197015,12,17159,1
519,5197016,12,17159,1
519,5197017,12,17159,1
519,5197018,12,17159,1
519,5197019,12,17159,1
519,5197020,12,17159,1
519,5197021,12,17151,1
519,5197022,12,17151,1
519,5197023,12,17151,1
519,5197024,12,17151,1
519,5197025,12,17159,1
519,5197026,12,17159,1
519,5197027,12,17240,1
519,5197028,12,17159,1
519,5197029,12,17159,1
519,5197030,12,17240,1
519,5198001,12,17139,1
519,5198002,12,17139,1
519,5198003,12,17139,1
519,5198004,12,17139,1
519,5198005,12,17139,1
519,5198006,12,17139,1
519,5198007,12,17139,1
519,5198008,12,17139,1
519,5198009,12,17139,1
519,5198010,12,17139,1
520,5201004,12,50009,15
520,5201008,12,50026,15
520,5201012,12,50050,15
520,5201016,12,50077,15
520,5201020,12,50110,15
520,5201024,12,50143,15
520,5201028,12,50183,15
520,5201032,12,50226,15
520,5201036,12,50245,15
520,5201040,12,50300,15
520,5201044,12,50331,15
520,5201048,12,50369,15
520,5201052,12,50430,15
520,5201056,12,50476,15
520,5201060,12,50528,15
520,5201064,12,50545,15
520,5201068,12,50564,15
520,5201072,12,50575,15
520,5201076,12,50591,15
520,5202001,12,50009,15
520,5202002,12,50009,20
520,5202003,12,50009,25
520,5202004,12,50009,30
520,5202005,12,50026,15
520,5202006,12,50026,20
520,5202007,12,50026,25
520,5202008,12,50026,30
520,5202009,12,50050,15
520,5202010,12,50050,20
520,5202011,12,50050,25
520,5202012,12,50050,30
520,5202013,12,50077,15
520,5202014,12,50077,20
520,5202015,12,50077,25
520,5202016,12,50077,30
520,5202017,12,50110,10
520,5202018,12,50110,20
520,5202019,12,50110,25
520,5202020,12,50110,30
520,5202021,12,50110,40
520,5202022,12,50143,10
520,5202023,12,50143,20
520,5202024,12,50143,25
520,5202025,12,50143,30
520,5202026,12,50143,40
520,5202027,12,50183,10
520,5202028,12,50183,20
520,5202029,12,50183,25
520,5202030,12,50183,30
520,5202031,12,50183,60
520,5202032,12,50226,10
520,5202033,12,50226,20
520,5202034,12,50226,25
520,5202035,12,50226,30
520,5202036,12,50226,60
520,5202037,12,50245,10
520,5202038,12,50245,20
520,5202039,12,50245,25
520,5202040,12,50245,30
520,5202041,12,50245,60
520,5202042,12,50300,10
520,5202043,12,50300,20
520,5202044,12,50300,25
520,5202045,12,50300,30
520,5202046,12,50300,40
520,5202047,12,50331,10
520,5202048,12,50331,20
520,5202049,12,50331,25
520,5202050,12,50331,30
520,5202051,12,50331,40
520,5202052,12,50369,10
520,5202053,12,50369,20
520,5202054,12,50369,25
520,5202055,12,50369,30
520,5202056,12,50369,40
520,5202057,12,50430,10
520,5202058,12,50430,20
520,5202059,12,50430,25
520,5202060,12,50430,30
520,5202061,12,50430,40
520,5202062,12,50476,10
520,5202063,12,50476,20
520,5202064,12,50476,25
520,5202065,12,50476,30
520,5202066,12,50476,40
520,5202067,12,50528,10
520,5202068,12,50528,20
520,5202069,12,50528,25
520,5202070,12,50528,30
520,5202071,12,50528,40
520,5202072,12,50545,10
520,5202073,12,50545,20
520,5202074,12,50545,25
520,5202075,12,50545,30
520,5202076,12,50545,40
520,5202077,12,50564,10
520,5202078,12,50564,20
520,5202079,12,50564,25
520,5202080,12,50564,30
520,5202081,12,50564,40
520,5202082,12,50575,10
520,5202083,12,50575,20
520,5202084,12,50575,25
520,5202085,12,50575,30
520,5202086,12,50575,40
520,5202087,12,50591,10
520,5202088,12,50591,20
520,5202089,12,50591,25
520,5202090,12,50591,30
520,5202091,12,50591,40
523,5231001,12,39001,1
523,5232001,12,39001,1
523,5233001,12,39001,1
523,5234001,12,39001,1
523,5235001,12,39001,1
523,5236001,12,39001,1
523,5237001,12,39001,1
524,5241001,12,17079,1
539,5391001,12,17091,1
541,5411001,12,17104,1
544,5441001,12,17102,1
546,5461001,12,17121,1
549,5491001,12,17137,1
551,5511001,12,17152,1
554,5541001,12,17166,1
556,5561001,12,17179,1
558,5581001,12,17187,1
560,5601001,12,17198,1
561,5611001,12,17199,2
561,5611002,12,17199,2
561,5612001,12,17199,2
561,5612002,12,17199,2
561,5613001,12,17199,2
561,5613002,12,17199,2
561,5614001,12,17199,2
561,5614002,12,17199,2
561,5615001,12,17199,2
561,5615002,12,17199,2
561,5616001,12,17199,2
561,5616002,12,17199,2
561,5617001,12,17199,2
561,5617002,12,17199,2
563,5631001,12,17212,1
565,5651001,12,17223,1
567,5671001,12,17238,1
569,5691001,12,17251,1
571,5711001,12,18401,1
