equipment_category,rarity,lv,limit_break,required_exp,enhance_exp
1,1,1,0,0,7
1,1,2,0,5,10
1,1,3,0,5,13
1,1,4,0,5,16
1,1,5,0,5,19
1,1,6,0,5,22
1,1,7,0,5,25
1,1,8,0,5,28
1,1,9,0,5,31
1,1,10,0,5,34
1,1,11,0,5,37
1,1,12,0,5,40
1,1,13,0,5,43
1,1,14,0,5,46
1,1,15,0,5,49
1,1,16,0,5,52
1,1,17,0,5,55
1,1,18,0,5,58
1,1,19,0,5,61
1,1,20,0,5,64
1,1,21,0,5,67
1,1,22,0,5,70
1,1,23,0,5,73
1,1,24,0,5,76
1,1,25,0,5,79
1,1,26,0,5,82
1,1,27,0,5,85
1,1,28,0,5,88
1,1,29,0,5,91
1,1,30,0,5,94
1,2,1,0,0,20
1,2,2,0,14,27
1,2,3,0,14,34
1,2,4,0,14,41
1,2,5,0,14,48
1,2,6,0,14,55
1,2,7,0,14,62
1,2,8,0,14,69
1,2,9,0,14,76
1,2,10,0,14,83
1,2,11,0,14,90
1,2,12,0,14,97
1,2,13,0,14,104
1,2,14,0,14,111
1,2,15,0,14,118
1,2,16,0,14,125
1,2,17,0,14,132
1,2,18,0,14,139
1,2,19,0,14,146
1,2,20,0,14,153
1,2,21,0,14,160
1,2,22,0,14,167
1,2,23,0,14,174
1,2,24,0,14,181
1,2,25,0,14,188
1,2,26,0,14,195
1,2,27,0,14,202
1,2,28,0,14,209
1,2,29,0,14,216
1,2,30,0,14,223
1,3,1,0,0,59
1,3,2,0,32,75
1,3,3,0,32,91
1,3,4,0,32,107
1,3,5,0,32,123
1,3,6,0,32,139
1,3,7,0,32,155
1,3,8,0,32,171
1,3,9,0,32,187
1,3,10,0,32,203
1,3,11,0,32,219
1,3,12,0,32,235
1,3,13,0,32,251
1,3,14,0,32,267
1,3,15,0,32,283
1,3,16,0,32,299
1,3,17,0,32,315
1,3,18,0,32,331
1,3,19,0,32,347
1,3,20,0,32,363
1,3,21,0,32,379
1,3,22,0,32,395
1,3,23,0,32,411
1,3,24,0,32,427
1,3,25,0,32,443
1,3,26,0,32,459
1,3,27,0,32,475
1,3,28,0,32,491
1,3,29,0,32,507
1,3,30,0,32,523
1,4,1,0,0,155
1,4,2,0,79,195
1,4,3,0,79,235
1,4,4,0,79,275
1,4,5,0,79,315
1,4,6,0,79,355
1,4,7,0,79,395
1,4,8,0,79,435
1,4,9,0,79,475
1,4,10,0,79,515
1,4,11,0,79,555
1,4,12,0,79,595
1,4,13,0,79,635
1,4,14,0,79,675
1,4,15,0,79,715
1,4,16,0,79,755
1,4,17,0,79,795
1,4,18,0,79,835
1,4,19,0,79,875
1,4,20,0,79,915
1,4,21,0,79,955
1,4,22,0,79,995
1,4,23,0,79,1035
1,4,24,0,79,1075
1,4,25,0,79,1115
1,4,26,0,79,1155
1,4,27,0,79,1195
1,4,28,0,79,1235
1,4,29,0,79,1275
1,4,30,0,79,1315
1,5,1,0,0,378
1,5,2,0,195,476
1,5,3,0,195,574
1,5,4,0,195,672
1,5,5,0,195,770
1,5,6,0,195,868
1,5,7,0,195,966
1,5,8,0,195,1064
1,5,9,0,195,1162
1,5,10,0,195,1260
1,5,11,0,195,1358
1,5,12,0,195,1456
1,5,13,0,195,1554
1,5,14,0,195,1652
1,5,15,0,195,1750
1,5,16,0,195,1848
1,5,17,0,195,1946
1,5,18,0,195,2044
1,5,19,0,195,2142
1,5,20,0,195,2240
1,5,21,0,195,2338
1,5,22,0,195,2436
1,5,23,0,195,2534
1,5,24,0,195,2632
1,5,25,0,195,2730
1,5,26,0,195,2828
1,5,27,0,195,2926
1,5,28,0,195,3024
1,5,29,0,195,3122
1,5,30,0,195,3220
1,6,1,0,0,915
1,6,2,0,369,1100
1,6,3,0,369,1285
1,6,4,0,369,1470
1,6,5,0,369,1655
1,6,6,0,369,1840
1,6,7,0,369,2025
1,6,8,0,369,2210
1,6,9,0,369,2395
1,6,10,0,369,2580
1,6,11,0,369,2765
1,6,12,0,369,2950
1,6,13,0,369,3135
1,6,14,0,369,3320
1,6,15,0,369,3505
1,6,16,0,369,3690
1,6,17,0,369,3875
1,6,18,0,369,4060
1,6,19,0,369,4245
1,6,20,0,369,4430
1,6,21,0,369,4615
1,6,22,0,369,4800
1,6,23,0,369,4985
1,6,24,0,369,5170
1,6,25,0,369,5355
1,6,26,0,369,5540
1,6,27,0,369,5725
1,6,28,0,369,5910
1,6,29,0,369,6095
1,6,30,0,369,6280
1,6,31,1,369,6465
1,6,32,1,369,6650
1,6,33,2,369,6835
1,6,34,2,369,7020
1,6,35,3,369,7205
1,6,36,3,369,7390
1,6,37,4,369,7575
1,6,38,4,369,7760
1,6,39,5,369,7945
1,6,40,5,369,8130
1,7,1,0,0,2215
1,7,2,0,1200,2815
1,7,3,0,1200,3415
1,7,4,0,1200,4015
1,7,5,0,1200,4615
1,7,6,0,1200,5215
1,7,7,0,1200,5815
1,7,8,0,1200,6415
1,7,9,0,1200,7015
1,7,10,0,1200,7615
1,7,11,0,1200,8215
1,7,12,0,1200,8815
1,7,13,0,1200,9415
1,7,14,0,1200,10015
1,7,15,0,1200,10615
1,7,16,0,1200,11215
1,7,17,0,1200,11815
1,7,18,0,1200,12415
1,7,19,0,1200,13015
1,7,20,0,1200,13615
1,7,21,0,1200,14215
1,7,22,0,1200,14815
1,7,23,0,1200,15415
1,7,24,0,1200,16015
1,7,25,0,1200,16615
1,7,26,0,1200,17215
1,7,27,0,1200,17815
1,7,28,0,1200,18415
1,7,29,0,1200,19015
1,7,30,0,1200,19615
1,7,31,1,1200,20215
1,7,32,1,1200,20815
1,7,33,2,1200,21415
1,7,34,2,1200,22015
1,7,35,3,1200,22615
1,7,36,3,1200,23215
1,7,37,4,1200,23815
1,7,38,4,1200,24415
1,7,39,5,1200,25015
1,7,40,5,1200,25615
1,7,41,6,1200,26215
1,7,42,6,1200,26815
1,7,43,7,1200,27415
1,7,44,7,1200,28015
1,7,45,8,1200,28615
1,7,46,8,1200,29215
1,7,47,9,1200,29815
1,7,48,9,1200,30415
1,7,49,10,1200,31015
1,7,50,10,1200,31615
2,1,1,0,0,7
2,1,2,0,5,10
2,1,3,0,5,13
2,1,4,0,5,16
2,1,5,0,5,19
2,1,6,0,5,22
2,1,7,0,5,25
2,1,8,0,5,28
2,1,9,0,5,31
2,1,10,0,5,34
2,1,11,0,5,37
2,1,12,0,5,40
2,1,13,0,5,43
2,1,14,0,5,46
2,1,15,0,5,49
2,1,16,0,5,52
2,1,17,0,5,55
2,1,18,0,5,58
2,1,19,0,5,61
2,1,20,0,5,64
2,1,21,0,5,67
2,1,22,0,5,70
2,1,23,0,5,73
2,1,24,0,5,76
2,1,25,0,5,79
2,1,26,0,5,82
2,1,27,0,5,85
2,1,28,0,5,88
2,1,29,0,5,91
2,1,30,0,5,94
2,2,1,0,0,20
2,2,2,0,14,27
2,2,3,0,14,34
2,2,4,0,14,41
2,2,5,0,14,48
2,2,6,0,14,55
2,2,7,0,14,62
2,2,8,0,14,69
2,2,9,0,14,76
2,2,10,0,14,83
2,2,11,0,14,90
2,2,12,0,14,97
2,2,13,0,14,104
2,2,14,0,14,111
2,2,15,0,14,118
2,2,16,0,14,125
2,2,17,0,14,132
2,2,18,0,14,139
2,2,19,0,14,146
2,2,20,0,14,153
2,2,21,0,14,160
2,2,22,0,14,167
2,2,23,0,14,174
2,2,24,0,14,181
2,2,25,0,14,188
2,2,26,0,14,195
2,2,27,0,14,202
2,2,28,0,14,209
2,2,29,0,14,216
2,2,30,0,14,223
2,3,1,0,0,59
2,3,2,0,32,75
2,3,3,0,32,91
2,3,4,0,32,107
2,3,5,0,32,123
2,3,6,0,32,139
2,3,7,0,32,155
2,3,8,0,32,171
2,3,9,0,32,187
2,3,10,0,32,203
2,3,11,0,32,219
2,3,12,0,32,235
2,3,13,0,32,251
2,3,14,0,32,267
2,3,15,0,32,283
2,3,16,0,32,299
2,3,17,0,32,315
2,3,18,0,32,331
2,3,19,0,32,347
2,3,20,0,32,363
2,3,21,0,32,379
2,3,22,0,32,395
2,3,23,0,32,411
2,3,24,0,32,427
2,3,25,0,32,443
2,3,26,0,32,459
2,3,27,0,32,475
2,3,28,0,32,491
2,3,29,0,32,507
2,3,30,0,32,523
2,4,1,0,0,155
2,4,2,0,79,195
2,4,3,0,79,235
2,4,4,0,79,275
2,4,5,0,79,315
2,4,6,0,79,355
2,4,7,0,79,395
2,4,8,0,79,435
2,4,9,0,79,475
2,4,10,0,79,515
2,4,11,0,79,555
2,4,12,0,79,595
2,4,13,0,79,635
2,4,14,0,79,675
2,4,15,0,79,715
2,4,16,0,79,755
2,4,17,0,79,795
2,4,18,0,79,835
2,4,19,0,79,875
2,4,20,0,79,915
2,4,21,0,79,955
2,4,22,0,79,995
2,4,23,0,79,1035
2,4,24,0,79,1075
2,4,25,0,79,1115
2,4,26,0,79,1155
2,4,27,0,79,1195
2,4,28,0,79,1235
2,4,29,0,79,1275
2,4,30,0,79,1315
2,5,1,0,0,378
2,5,2,0,195,476
2,5,3,0,195,574
2,5,4,0,195,672
2,5,5,0,195,770
2,5,6,0,195,868
2,5,7,0,195,966
2,5,8,0,195,1064
2,5,9,0,195,1162
2,5,10,0,195,1260
2,5,11,0,195,1358
2,5,12,0,195,1456
2,5,13,0,195,1554
2,5,14,0,195,1652
2,5,15,0,195,1750
2,5,16,0,195,1848
2,5,17,0,195,1946
2,5,18,0,195,2044
2,5,19,0,195,2142
2,5,20,0,195,2240
2,5,21,0,195,2338
2,5,22,0,195,2436
2,5,23,0,195,2534
2,5,24,0,195,2632
2,5,25,0,195,2730
2,5,26,0,195,2828
2,5,27,0,195,2926
2,5,28,0,195,3024
2,5,29,0,195,3122
2,5,30,0,195,3220
2,6,1,0,0,915
2,6,2,0,369,1100
2,6,3,0,369,1285
2,6,4,0,369,1470
2,6,5,0,369,1655
2,6,6,0,369,1840
2,6,7,0,369,2025
2,6,8,0,369,2210
2,6,9,0,369,2395
2,6,10,0,369,2580
2,6,11,0,369,2765
2,6,12,0,369,2950
2,6,13,0,369,3135
2,6,14,0,369,3320
2,6,15,0,369,3505
2,6,16,0,369,3690
2,6,17,0,369,3875
2,6,18,0,369,4060
2,6,19,0,369,4245
2,6,20,0,369,4430
2,6,21,0,369,4615
2,6,22,0,369,4800
2,6,23,0,369,4985
2,6,24,0,369,5170
2,6,25,0,369,5355
2,6,26,0,369,5540
2,6,27,0,369,5725
2,6,28,0,369,5910
2,6,29,0,369,6095
2,6,30,0,369,6280
2,6,31,1,369,6465
2,6,32,1,369,6650
2,6,33,2,369,6835
2,6,34,2,369,7020
2,6,35,3,369,7205
2,6,36,3,369,7390
2,6,37,4,369,7575
2,6,38,4,369,7760
2,6,39,5,369,7945
2,6,40,5,369,8130
2,7,1,0,0,2215
2,7,2,0,1200,2815
2,7,3,0,1200,3415
2,7,4,0,1200,4015
2,7,5,0,1200,4615
2,7,6,0,1200,5215
2,7,7,0,1200,5815
2,7,8,0,1200,6415
2,7,9,0,1200,7015
2,7,10,0,1200,7615
2,7,11,0,1200,8215
2,7,12,0,1200,8815
2,7,13,0,1200,9415
2,7,14,0,1200,10015
2,7,15,0,1200,10615
2,7,16,0,1200,11215
2,7,17,0,1200,11815
2,7,18,0,1200,12415
2,7,19,0,1200,13015
2,7,20,0,1200,13615
2,7,21,0,1200,14215
2,7,22,0,1200,14815
2,7,23,0,1200,15415
2,7,24,0,1200,16015
2,7,25,0,1200,16615
2,7,26,0,1200,17215
2,7,27,0,1200,17815
2,7,28,0,1200,18415
2,7,29,0,1200,19015
2,7,30,0,1200,19615
2,7,31,1,1200,20215
2,7,32,1,1200,20815
2,7,33,2,1200,21415
2,7,34,2,1200,22015
2,7,35,3,1200,22615
2,7,36,3,1200,23215
2,7,37,4,1200,23815
2,7,38,4,1200,24415
2,7,39,5,1200,25015
2,7,40,5,1200,25615
2,7,41,6,1200,26215
2,7,42,6,1200,26815
2,7,43,7,1200,27415
2,7,44,7,1200,28015
2,7,45,8,1200,28615
2,7,46,8,1200,29215
2,7,47,9,1200,29815
2,7,48,9,1200,30415
2,7,49,10,1200,31015
2,7,50,10,1200,31615
6,1,1,0,0,7
6,1,2,0,4,10
6,1,3,0,4,13
6,1,4,0,4,16
6,1,5,0,4,19
6,1,6,0,4,22
6,1,7,0,4,25
6,1,8,0,4,28
6,1,9,0,4,31
6,1,10,0,4,34
6,1,11,0,4,37
6,1,12,0,4,40
6,1,13,0,4,43
6,1,14,0,4,46
6,1,15,0,4,49
6,1,16,0,4,52
6,1,17,0,4,55
6,1,18,0,4,58
6,1,19,0,4,61
6,1,20,0,4,64
6,1,21,0,4,67
6,1,22,0,4,70
6,1,23,0,4,73
6,1,24,0,4,76
6,1,25,0,4,79
6,1,26,0,4,82
6,1,27,0,4,85
6,1,28,0,4,88
6,1,29,0,4,91
6,1,30,0,4,94
6,2,1,0,0,20
6,2,2,0,11,27
6,2,3,0,11,34
6,2,4,0,11,41
6,2,5,0,11,48
6,2,6,0,11,55
6,2,7,0,11,62
6,2,8,0,11,69
6,2,9,0,11,76
6,2,10,0,11,83
6,2,11,0,11,90
6,2,12,0,11,97
6,2,13,0,11,104
6,2,14,0,11,111
6,2,15,0,11,118
6,2,16,0,11,125
6,2,17,0,11,132
6,2,18,0,11,139
6,2,19,0,11,146
6,2,20,0,11,153
6,2,21,0,11,160
6,2,22,0,11,167
6,2,23,0,11,174
6,2,24,0,11,181
6,2,25,0,11,188
6,2,26,0,11,195
6,2,27,0,11,202
6,2,28,0,11,209
6,2,29,0,11,216
6,2,30,0,11,223
6,3,1,0,0,59
6,3,2,0,26,75
6,3,3,0,26,91
6,3,4,0,26,107
6,3,5,0,26,123
6,3,6,0,26,139
6,3,7,0,26,155
6,3,8,0,26,171
6,3,9,0,26,187
6,3,10,0,26,203
6,3,11,0,26,219
6,3,12,0,26,235
6,3,13,0,26,251
6,3,14,0,26,267
6,3,15,0,26,283
6,3,16,0,26,299
6,3,17,0,26,315
6,3,18,0,26,331
6,3,19,0,26,347
6,3,20,0,26,363
6,3,21,0,26,379
6,3,22,0,26,395
6,3,23,0,26,411
6,3,24,0,26,427
6,3,25,0,26,443
6,3,26,0,26,459
6,3,27,0,26,475
6,3,28,0,26,491
6,3,29,0,26,507
6,3,30,0,26,523
6,4,1,0,0,155
6,4,2,0,63,195
6,4,3,0,63,235
6,4,4,0,63,275
6,4,5,0,63,315
6,4,6,0,63,355
6,4,7,0,63,395
6,4,8,0,63,435
6,4,9,0,63,475
6,4,10,0,63,515
6,4,11,0,63,555
6,4,12,0,63,595
6,4,13,0,63,635
6,4,14,0,63,675
6,4,15,0,63,715
6,4,16,0,63,755
6,4,17,0,63,795
6,4,18,0,63,835
6,4,19,0,63,875
6,4,20,0,63,915
6,4,21,0,63,955
6,4,22,0,63,995
6,4,23,0,63,1035
6,4,24,0,63,1075
6,4,25,0,63,1115
6,4,26,0,63,1155
6,4,27,0,63,1195
6,4,28,0,63,1235
6,4,29,0,63,1275
6,4,30,0,63,1315
6,5,1,0,0,378
6,5,2,0,156,476
6,5,3,0,156,574
6,5,4,0,156,672
6,5,5,0,156,770
6,5,6,0,156,868
6,5,7,0,156,966
6,5,8,0,156,1064
6,5,9,0,156,1162
6,5,10,0,156,1260
6,5,11,0,156,1358
6,5,12,0,156,1456
6,5,13,0,156,1554
6,5,14,0,156,1652
6,5,15,0,156,1750
6,5,16,0,156,1848
6,5,17,0,156,1946
6,5,18,0,156,2044
6,5,19,0,156,2142
6,5,20,0,156,2240
6,5,21,0,156,2338
6,5,22,0,156,2436
6,5,23,0,156,2534
6,5,24,0,156,2632
6,5,25,0,156,2730
6,5,26,0,156,2828
6,5,27,0,156,2926
6,5,28,0,156,3024
6,5,29,0,156,3122
6,5,30,0,156,3220
6,6,1,0,0,915
6,6,2,0,295,1100
6,6,3,0,295,1285
6,6,4,0,295,1470
6,6,5,0,295,1655
6,6,6,0,295,1840
6,6,7,0,295,2025
6,6,8,0,295,2210
6,6,9,0,295,2395
6,6,10,0,295,2580
6,6,11,0,295,2765
6,6,12,0,295,2950
6,6,13,0,295,3135
6,6,14,0,295,3320
6,6,15,0,295,3505
6,6,16,0,295,3690
6,6,17,0,295,3875
6,6,18,0,295,4060
6,6,19,0,295,4245
6,6,20,0,295,4430
6,6,21,0,295,4615
6,6,22,0,295,4800
6,6,23,0,295,4985
6,6,24,0,295,5170
6,6,25,0,295,5355
6,6,26,0,295,5540
6,6,27,0,295,5725
6,6,28,0,295,5910
6,6,29,0,295,6095
6,6,30,0,295,6280
6,6,31,1,295,6465
6,6,32,1,295,6650
6,6,33,2,295,6835
6,6,34,2,295,7020
6,6,35,3,295,7205
6,6,36,3,295,7390
6,6,37,4,295,7575
6,6,38,4,295,7760
6,6,39,5,295,7945
6,6,40,5,295,8130
6,7,1,0,0,2215
6,7,2,0,739,2677
6,7,3,0,739,3139
6,7,4,0,739,3601
6,7,5,0,739,4063
6,7,6,0,739,4525
6,7,7,0,739,4987
6,7,8,0,739,5449
6,7,9,0,739,5911
6,7,10,0,739,6373
6,7,11,0,739,6835
6,7,12,0,739,7297
6,7,13,0,739,7759
6,7,14,0,739,8221
6,7,15,0,739,8683
6,7,16,0,739,9145
6,7,17,0,739,9607
6,7,18,0,739,10069
6,7,19,0,739,10531
6,7,20,0,739,10993
6,7,21,0,739,11455
6,7,22,0,739,11917
6,7,23,0,739,12379
6,7,24,0,739,12841
6,7,25,0,739,13303
6,7,26,0,739,13765
6,7,27,0,739,14227
6,7,28,0,739,14689
6,7,29,0,739,15151
6,7,30,0,739,15613
6,7,31,1,739,16075
6,7,32,1,739,16537
6,7,33,2,739,16999
6,7,34,2,739,17461
6,7,35,3,739,17923
6,7,36,3,739,18385
6,7,37,4,739,18847
6,7,38,4,739,19309
6,7,39,5,739,19771
6,7,40,5,739,20233
7,1,1,0,0,7
7,1,2,0,4,10
7,1,3,0,4,13
7,1,4,0,4,16
7,1,5,0,4,19
7,1,6,0,4,22
7,1,7,0,4,25
7,1,8,0,4,28
7,1,9,0,4,31
7,1,10,0,4,34
7,1,11,0,4,37
7,1,12,0,4,40
7,1,13,0,4,43
7,1,14,0,4,46
7,1,15,0,4,49
7,1,16,0,4,52
7,1,17,0,4,55
7,1,18,0,4,58
7,1,19,0,4,61
7,1,20,0,4,64
7,1,21,0,4,67
7,1,22,0,4,70
7,1,23,0,4,73
7,1,24,0,4,76
7,1,25,0,4,79
7,1,26,0,4,82
7,1,27,0,4,85
7,1,28,0,4,88
7,1,29,0,4,91
7,1,30,0,4,94
7,2,1,0,0,20
7,2,2,0,11,27
7,2,3,0,11,34
7,2,4,0,11,41
7,2,5,0,11,48
7,2,6,0,11,55
7,2,7,0,11,62
7,2,8,0,11,69
7,2,9,0,11,76
7,2,10,0,11,83
7,2,11,0,11,90
7,2,12,0,11,97
7,2,13,0,11,104
7,2,14,0,11,111
7,2,15,0,11,118
7,2,16,0,11,125
7,2,17,0,11,132
7,2,18,0,11,139
7,2,19,0,11,146
7,2,20,0,11,153
7,2,21,0,11,160
7,2,22,0,11,167
7,2,23,0,11,174
7,2,24,0,11,181
7,2,25,0,11,188
7,2,26,0,11,195
7,2,27,0,11,202
7,2,28,0,11,209
7,2,29,0,11,216
7,2,30,0,11,223
7,3,1,0,0,59
7,3,2,0,26,75
7,3,3,0,26,91
7,3,4,0,26,107
7,3,5,0,26,123
7,3,6,0,26,139
7,3,7,0,26,155
7,3,8,0,26,171
7,3,9,0,26,187
7,3,10,0,26,203
7,3,11,0,26,219
7,3,12,0,26,235
7,3,13,0,26,251
7,3,14,0,26,267
7,3,15,0,26,283
7,3,16,0,26,299
7,3,17,0,26,315
7,3,18,0,26,331
7,3,19,0,26,347
7,3,20,0,26,363
7,3,21,0,26,379
7,3,22,0,26,395
7,3,23,0,26,411
7,3,24,0,26,427
7,3,25,0,26,443
7,3,26,0,26,459
7,3,27,0,26,475
7,3,28,0,26,491
7,3,29,0,26,507
7,3,30,0,26,523
7,4,1,0,0,155
7,4,2,0,63,195
7,4,3,0,63,235
7,4,4,0,63,275
7,4,5,0,63,315
7,4,6,0,63,355
7,4,7,0,63,395
7,4,8,0,63,435
7,4,9,0,63,475
7,4,10,0,63,515
7,4,11,0,63,555
7,4,12,0,63,595
7,4,13,0,63,635
7,4,14,0,63,675
7,4,15,0,63,715
7,4,16,0,63,755
7,4,17,0,63,795
7,4,18,0,63,835
7,4,19,0,63,875
7,4,20,0,63,915
7,4,21,0,63,955
7,4,22,0,63,995
7,4,23,0,63,1035
7,4,24,0,63,1075
7,4,25,0,63,1115
7,4,26,0,63,1155
7,4,27,0,63,1195
7,4,28,0,63,1235
7,4,29,0,63,1275
7,4,30,0,63,1315
7,5,1,0,0,378
7,5,2,0,156,476
7,5,3,0,156,574
7,5,4,0,156,672
7,5,5,0,156,770
7,5,6,0,156,868
7,5,7,0,156,966
7,5,8,0,156,1064
7,5,9,0,156,1162
7,5,10,0,156,1260
7,5,11,0,156,1358
7,5,12,0,156,1456
7,5,13,0,156,1554
7,5,14,0,156,1652
7,5,15,0,156,1750
7,5,16,0,156,1848
7,5,17,0,156,1946
7,5,18,0,156,2044
7,5,19,0,156,2142
7,5,20,0,156,2240
7,5,21,0,156,2338
7,5,22,0,156,2436
7,5,23,0,156,2534
7,5,24,0,156,2632
7,5,25,0,156,2730
7,5,26,0,156,2828
7,5,27,0,156,2926
7,5,28,0,156,3024
7,5,29,0,156,3122
7,5,30,0,156,3220
7,6,1,0,0,915
7,6,2,0,295,1100
7,6,3,0,295,1285
7,6,4,0,295,1470
7,6,5,0,295,1655
7,6,6,0,295,1840
7,6,7,0,295,2025
7,6,8,0,295,2210
7,6,9,0,295,2395
7,6,10,0,295,2580
7,6,11,0,295,2765
7,6,12,0,295,2950
7,6,13,0,295,3135
7,6,14,0,295,3320
7,6,15,0,295,3505
7,6,16,0,295,3690
7,6,17,0,295,3875
7,6,18,0,295,4060
7,6,19,0,295,4245
7,6,20,0,295,4430
7,6,21,0,295,4615
7,6,22,0,295,4800
7,6,23,0,295,4985
7,6,24,0,295,5170
7,6,25,0,295,5355
7,6,26,0,295,5540
7,6,27,0,295,5725
7,6,28,0,295,5910
7,6,29,0,295,6095
7,6,30,0,295,6280
7,6,31,1,295,6465
7,6,32,1,295,6650
7,6,33,2,295,6835
7,6,34,2,295,7020
7,6,35,3,295,7205
7,6,36,3,295,7390
7,6,37,4,295,7575
7,6,38,4,295,7760
7,6,39,5,295,7945
7,6,40,5,295,8130
7,7,1,0,0,2215
7,7,2,0,739,2677
7,7,3,0,739,3139
7,7,4,0,739,3601
7,7,5,0,739,4063
7,7,6,0,739,4525
7,7,7,0,739,4987
7,7,8,0,739,5449
7,7,9,0,739,5911
7,7,10,0,739,6373
7,7,11,0,739,6835
7,7,12,0,739,7297
7,7,13,0,739,7759
7,7,14,0,739,8221
7,7,15,0,739,8683
7,7,16,0,739,9145
7,7,17,0,739,9607
7,7,18,0,739,10069
7,7,19,0,739,10531
7,7,20,0,739,10993
7,7,21,0,739,11455
7,7,22,0,739,11917
7,7,23,0,739,12379
7,7,24,0,739,12841
7,7,25,0,739,13303
7,7,26,0,739,13765
7,7,27,0,739,14227
7,7,28,0,739,14689
7,7,29,0,739,15151
7,7,30,0,739,15613
7,7,31,1,739,16075
7,7,32,1,739,16537
7,7,33,2,739,16999
7,7,34,2,739,17461
7,7,35,3,739,17923
7,7,36,3,739,18385
7,7,37,4,739,18847
7,7,38,4,739,19309
7,7,39,5,739,19771
7,7,40,5,739,20233
8,1,1,0,0,0
8,1,2,0,0,0
8,1,3,0,0,0
8,1,4,0,0,0
8,1,5,0,0,0
9,1,1,0,0,0
9,1,2,0,0,0
9,1,3,0,0,0
9,1,4,0,0,0
9,1,5,0,0,0
9,2,1,0,0,0
9,3,1,0,0,0
9,4,1,0,0,0
9,5,1,0,0,0
9,6,1,0,0,0
10,1,1,0,0,0
11,1,1,0,0,0
