id,rarity,reward_group_id
10100,4,5901001
10100,5,5901002
10100,6,5901003
10100,7,5901003
10200,4,5901004
10200,5,5901005
10200,6,5901006
10200,7,5901006
10300,4,5901007
10300,5,5901008
10300,6,5901009
10300,7,5901009
20100,4,5901010
20100,5,5901011
20100,6,5901012
20100,7,5901012
20200,4,5901013
20200,5,5901014
20200,6,5901015
20200,7,5901015
20300,4,5901016
20300,5,5901017
20300,6,5901018
20300,7,5901018
60500,4,5901019
60500,5,5901020
60500,6,5901021
60600,4,5901022
60600,5,5901023
60600,6,5901024
70700,4,5901025
70700,5,5901026
70700,6,5901027
70800,4,5901028
70800,5,5901029
70800,6,5901030
