id,item_id_1,item_count1,item_id_2,item_count2,item_id_3,item_count3,item_id_4,item_count4,item_id_5,item_count5,item_id_6,item_count6,lupi
10101,41007,35,0,0,0,0,0,0,0,0,0,0,35000
10102,41007,70,6001,3,0,0,0,0,0,0,0,0,70000
10103,41007,175,6001,7,41008,35,0,0,0,0,0,0,133000
10104,41007,350,6001,10,41008,70,41003,70,0,0,0,0,245000
10105,41007,700,6001,14,41008,140,41003,105,41001,140,0,0,399000
10106,41007,1400,4038,2,41008,280,41003,175,41001,245,41006,2,609000
10107,41007,1925,4038,3,41010,105,41003,280,41001,350,41006,3,882000
10108,41007,2520,4038,5,41010,119,41004,52,41002,105,41006,4,1218000
10109,41007,3276,4038,9,41010,140,41004,105,41002,140,41006,7,1624000
10110,41007,4200,4038,14,41010,175,41004,161,41002,175,41006,10,2100000
10201,41007,35,0,0,0,0,0,0,0,0,0,0,35000
10202,41007,70,6001,3,0,0,0,0,0,0,0,0,70000
10203,41007,175,6001,7,41008,35,0,0,0,0,0,0,133000
10204,41007,350,6001,10,41008,70,41003,70,0,0,0,0,245000
10205,41007,700,6001,14,41008,140,41003,105,41001,140,0,0,399000
10206,41007,1400,4038,2,41008,280,41003,175,41001,245,41006,2,609000
10207,41007,1925,4038,3,41010,105,41003,280,41001,350,41006,3,882000
10208,41007,2520,4038,5,41010,119,41004,52,41002,105,41006,4,1218000
10209,41007,3276,4038,9,41010,140,41004,105,41002,140,41006,7,1624000
10210,41007,4200,4038,14,41010,175,41004,161,41002,175,41006,10,2100000
10301,41007,50,0,0,0,0,0,0,0,0,0,0,50000
10302,41007,100,6001,5,0,0,0,0,0,0,0,0,100000
10303,41007,250,6001,10,41008,50,0,0,0,0,0,0,190000
10304,41007,500,6001,15,41008,100,41003,100,0,0,0,0,350000
10305,41007,1000,6001,20,41008,200,41003,150,41001,200,0,0,570000
10306,41007,2000,4038,3,41008,400,41003,250,41001,350,41006,3,870000
10307,41007,2750,4038,5,41010,150,41003,400,41001,500,41006,5,1260000
10308,41007,3600,4038,8,41010,170,41004,75,41002,150,41006,7,1740000
10309,41007,4680,4038,14,41010,200,41004,150,41002,200,41006,10,2320000
10310,41007,6000,4038,20,41010,250,41004,230,41002,250,41006,15,3000000
20101,41007,28,0,0,0,0,0,0,0,0,0,0,28000
20102,41007,56,6002,3,0,0,0,0,0,0,0,0,56000
20103,41007,140,6002,7,41009,28,0,0,0,0,0,0,106400
20104,41007,280,6002,10,41009,56,41003,56,0,0,0,0,196000
20105,41007,560,6002,14,41009,112,41003,84,41001,112,0,0,319200
20106,41007,1120,4039,2,41009,224,41003,140,41001,196,41006,1,487200
20107,41007,1540,4039,3,41011,84,41003,224,41001,280,41006,2,705600
20108,41007,2016,4039,5,41011,95,41004,42,41002,84,41006,3,974400
20109,41007,2620,4039,9,41011,112,41004,84,41002,112,41006,5,1299200
20110,41007,3360,4039,14,41011,140,41004,128,41002,140,41006,8,1680000
20201,41007,28,0,0,0,0,0,0,0,0,0,0,28000
20202,41007,56,6002,3,0,0,0,0,0,0,0,0,56000
20203,41007,140,6002,7,41009,28,0,0,0,0,0,0,106400
20204,41007,280,6002,10,41009,56,41003,56,0,0,0,0,196000
20205,41007,560,6002,14,41009,112,41003,84,41001,112,0,0,319200
20206,41007,1120,4039,2,41009,224,41003,140,41001,196,41006,1,487200
20207,41007,1540,4039,3,41011,84,41003,224,41001,280,41006,2,705600
20208,41007,2016,4039,5,41011,95,41004,42,41002,84,41006,3,974400
20209,41007,2620,4039,9,41011,112,41004,84,41002,112,41006,5,1299200
20210,41007,3360,4039,14,41011,140,41004,128,41002,140,41006,8,1680000
20301,41007,40,0,0,0,0,0,0,0,0,0,0,40000
20302,41007,80,6002,5,0,0,0,0,0,0,0,0,80000
20303,41007,200,6002,10,41009,40,0,0,0,0,0,0,152000
20304,41007,400,6002,15,41009,80,41003,80,0,0,0,0,280000
20305,41007,800,6002,20,41009,160,41003,120,41001,160,0,0,456000
20306,41007,1600,4039,3,41009,320,41003,200,41001,280,41006,2,696000
20307,41007,2200,4039,5,41011,120,41003,320,41001,400,41006,4,1008000
20308,41007,2880,4039,8,41011,136,41004,60,41002,120,41006,5,1392000
20309,41007,3744,4039,14,41011,160,41004,120,41002,160,41006,8,1856000
20310,41007,4800,4039,20,41011,200,41004,184,41002,200,41006,12,2400000
60101,41007,25,0,0,0,0,0,0,0,0,0,0,28000
60102,41007,50,6003,2,0,0,0,0,0,0,0,0,56000
60103,41007,125,6003,5,41012,25,0,0,0,0,0,0,106400
60104,41007,250,6003,7,41012,50,41003,50,0,0,0,0,196000
60105,41007,500,6003,10,41012,100,41003,75,41001,100,0,0,319200
60106,41007,1000,4095,1,41012,200,41003,125,41001,175,41006,1,487200
60107,41007,1375,4095,2,41013,75,41003,200,41001,250,41006,2,705600
60108,41007,1800,4095,4,41013,85,41004,37,41002,75,41006,3,974400
60109,41007,2340,4095,7,41013,100,41004,75,41002,100,41006,5,1299200
60110,41007,3000,4095,10,41013,125,41004,115,41002,125,41006,7,1680000
60201,41007,40,0,0,0,0,0,0,0,0,0,0,40000
60202,41007,80,6003,4,0,0,0,0,0,0,0,0,80000
60203,41007,200,6003,8,41012,40,0,0,0,0,0,0,152000
60204,41007,400,6003,12,41012,80,41003,80,0,0,0,0,280000
60205,41007,800,6003,16,41012,160,41003,120,41001,160,0,0,456000
60206,41007,1600,4095,2,41012,320,41003,200,41001,280,41006,2,696000
60207,41007,2200,4095,4,41013,120,41003,320,41001,400,41006,4,1008000
60208,41007,2880,4095,6,41013,136,41004,60,41002,120,41006,5,1392000
60209,41007,3744,4095,11,41013,160,41004,120,41002,160,41006,8,1856000
60210,41007,4800,4095,16,41013,200,41004,184,41002,200,41006,12,2400000
70101,41007,25,0,0,0,0,0,0,0,0,0,0,28000
70102,41007,50,6003,2,0,0,0,0,0,0,0,0,56000
70103,41007,125,6003,5,41012,25,0,0,0,0,0,0,106400
70104,41007,250,6003,7,41012,50,41003,50,0,0,0,0,196000
70105,41007,500,6003,10,41012,100,41003,75,41001,100,0,0,319200
70106,41007,1000,4095,1,41012,200,41003,125,41001,175,41006,1,487200
70107,41007,1375,4095,2,41013,75,41003,200,41001,250,41006,2,705600
70108,41007,1800,4095,4,41013,85,41004,37,41002,75,41006,3,974400
70109,41007,2340,4095,7,41013,100,41004,75,41002,100,41006,5,1299200
70110,41007,3000,4095,10,41013,125,41004,115,41002,125,41006,7,1680000
70201,41007,40,0,0,0,0,0,0,0,0,0,0,40000
70202,41007,80,6003,4,0,0,0,0,0,0,0,0,80000
70203,41007,200,6003,8,41012,40,0,0,0,0,0,0,152000
70204,41007,400,6003,12,41012,80,41003,80,0,0,0,0,280000
70205,41007,800,6003,16,41012,160,41003,120,41001,160,0,0,456000
70206,41007,1600,4095,2,41012,320,41003,200,41001,280,41006,2,696000
70207,41007,2200,4095,4,41013,120,41003,320,41001,400,41006,4,1008000
70208,41007,2880,4095,6,41013,136,41004,60,41002,120,41006,5,1392000
70209,41007,3744,4095,11,41013,160,41004,120,41002,160,41006,8,1856000
70210,41007,4800,4095,16,41013,200,41004,184,41002,200,41006,12,2400000
