event_id,reset_type,badge_display
100023,0,1
100063,0,1
100083,0,1
100113,0,1
100133,0,1
100194,0,1
100224,0,1
100254,0,1
100284,0,1
100313,0,1
100334,0,1
100384,0,1
100444,0,1
100494,0,1
100554,0,1
100614,0,1
100674,0,1
100734,0,1
100794,0,1
100854,0,1
100904,0,1
100974,0,1
101034,0,1
101094,0,1
101144,0,1
101194,0,1
200021,0,1
200082,0,1
200091,0,0
200111,0,1
200221,0,1
200231,0,1
200271,0,1
200291,2,0
200351,0,0
200361,2,0
200414,0,0
200433,0,1
200471,0,1
200481,0,1
200513,0,1
200535,0,1
200536,0,1
200537,0,1
200538,0,1
200561,2,0
200591,0,1
200601,0,1
200633,0,1
200731,0,1
200741,0,1
200753,0,1
200792,0,1
200921,0,1
200931,0,1
200951,2,0
200963,0,1
201052,0,1
201123,0,1
201131,0,1
201141,0,1
201201,0,1
201281,0,1
201291,0,1
201333,0,1
201431,0,1
201441,0,1
201473,0,1
201571,0,1
201581,0,1
201623,0,1
201671,0,1
201681,0,1
201751,0,1
201761,0,1
201793,0,1
201881,0,1
201901,0,1
201911,0,1
201963,0,1
201981,0,1
202123,0,1
202243,0,1
202311,0,1
202383,0,1
202503,0,1
202603,0,1
