id,event_mission_group_id,point,reward_group_id
100024101,1000241,50,6140002
100024102,1000241,150,6140003
100024103,1000241,300,6140004
100034101,1000341,80,6140027
100034102,1000341,240,6140028
100034103,1000341,480,6140029
100044101,1000441,80,6140043
100044102,1000441,240,6140044
100044103,1000441,480,6140045
100055101,1000551,80,6140050
100055102,1000551,240,6140051
100055103,1000551,480,6140052
100064101,1000641,80,6140053
100064102,1000641,240,6140054
100064103,1000641,480,6140055
100074101,1000741,80,6140066
100074102,1000741,270,6140067
100074103,1000741,560,6140068
100084101,1000841,100,6140072
100084102,1000841,300,6140073
100084103,1000841,600,6140074
100094101,1000941,100,6140090
100094102,1000941,300,6140091
100094103,1000941,600,6140092
100104101,1001041,100,6140093
100104102,1001041,300,6140094
100104103,1001041,600,6140095
100114101,1001141,100,6140099
100114102,1001141,300,6140100
100114103,1001141,600,6140101
100121101,1001211,50,6140108
100121102,1001211,200,6140109
100121103,1001211,350,6140110
100121104,1001211,550,6140111
100123101,1001231,120,6140115
100134101,1001341,100,6140112
100134102,1001341,300,6140113
100134103,1001341,600,6140114
100141101,1001411,100,6140116
100141102,1001411,200,6140117
100141103,1001411,300,6140118
100141104,1001411,450,6140119
100141105,1001411,600,6140120
100153101,1001531,100,6140121
100153102,1001531,300,6140122
100153103,1001531,600,6140123
100155101,1001551,10,6140124
100155102,1001551,20,6140124
100155103,1001551,30,6140124
100155104,1001551,40,6140124
100173101,1001731,100,6140125
100173102,1001731,300,6140126
100173103,1001731,600,6140127
100181101,1001811,250,6140143
100181102,1001811,350,6140144
100181103,1001811,500,6140145
100193101,1001931,100,6140146
100193102,1001931,300,6140147
100193103,1001931,600,6140148
100203101,1002031,100,6140149
100203102,1002031,300,6140150
100203103,1002031,600,6140151
100213101,1002131,100,6140165
100213102,1002131,300,6140166
100213103,1002131,700,6140167
100223101,1002231,100,6140171
100223102,1002231,300,6140172
100223103,1002231,600,6140173
100232101,1002321,100,6140183
100232102,1002321,240,6140184
100232103,1002321,390,6140185
100243101,1002431,100,6140186
100243102,1002431,300,6140187
100243103,1002431,700,6140188
100253101,1002531,100,6140189
100253102,1002531,300,6140190
100253103,1002531,600,6140191
100263101,1002631,100,6140204
100263102,1002631,300,6140205
100263103,1002631,700,6140206
100273101,1002731,100,6140210
100273102,1002731,300,6140211
100273103,1002731,600,6140212
100283101,1002831,100,6140219
100283102,1002831,300,6140220
100283103,1002831,600,6140221
100291101,1002911,200,6140228
100291102,1002911,400,6140229
100291103,1002911,600,6140230
100303101,1003031,100,6140225
100303102,1003031,300,6140226
100303103,1003031,650,6140227
100314101,1003141,200,6140238
100314102,1003141,300,6140239
100314103,1003141,600,6140240
100323101,1003231,100,6140252
100323102,1003231,300,6140253
100323103,1003231,650,6140254
100333101,1003331,100,6140267
100333102,1003331,300,6140268
100333103,1003331,650,6140269
100343101,1003431,100,6140276
100343102,1003431,300,6140277
100343103,1003431,650,6140278
100351101,1003511,200,6140285
100351102,1003511,400,6140286
100351103,1003511,600,6140287
100351104,1003511,800,6140288
100351105,1003511,1000,6140289
100352101,1003521,70,6140290
100352102,1003521,150,6140291
100352103,1003521,300,6140292
100353101,1003531,70,6140293
100353102,1003531,150,6140294
100353103,1003531,300,6140295
100354101,1003541,70,6140296
100354102,1003541,150,6140297
100354103,1003541,300,6140298
100363101,1003631,100,6140282
100363102,1003631,300,6140283
100363103,1003631,650,6140284
100371101,1003711,100,6140300
100371102,1003711,300,6140301
100371103,1003711,500,6140302
100372101,1003721,100,6140307
100372102,1003721,300,6140308
100372103,1003721,500,6140309
100383101,1003831,100,6140303
100383102,1003831,200,6140304
100383103,1003831,450,6140305
100393101,1003931,100,6140316
100393102,1003931,300,6140317
100393103,1003931,650,6140318
100403101,1004031,100,6140327
100403102,1004031,300,6140328
100403103,1004031,650,6140329
100413101,1004131,100,6140336
100413102,1004131,300,6140337
100413103,1004131,650,6140338
100423101,1004231,100,6140343
100423102,1004231,300,6140344
100423103,1004231,650,6140345
100431101,1004311,200,6140352
100431102,1004311,450,6140353
100431103,1004311,700,6140354
100431104,1004311,950,6140355
100431105,1004311,1200,6140356
100432101,1004321,70,6140360
100432102,1004321,150,6140361
100432103,1004321,300,6140362
100443101,1004431,100,6140357
100443102,1004431,200,6140358
100443103,1004431,450,6140359
100451101,1004511,70,6140363
100451102,1004511,150,6140364
100451103,1004511,300,6140365
100463101,1004631,100,6140367
100463102,1004631,300,6140368
100463103,1004631,650,6140369
100471101,1004711,100,6140370
100471102,1004711,300,6140371
100471103,1004711,500,6140372
100481101,1004811,100,6140373
100481102,1004811,300,6140374
100481103,1004811,500,6140375
100493101,1004931,100,6140376
100493102,1004931,200,6140377
100493103,1004931,450,6140378
100503101,1005031,100,6140399
100503102,1005031,300,6140400
100503103,1005031,650,6140401
100513101,1005131,100,6140402
100513102,1005131,300,6140403
100513103,1005131,650,6140404
100523101,1005231,100,6140414
100523102,1005231,300,6140415
100523103,1005231,650,6140416
100533101,1005331,100,6140420
100533102,1005331,300,6140421
100533103,1005331,550,6140422
100543101,1005431,100,6140429
100543102,1005431,300,6140430
100543103,1005431,500,6140431
100553101,1005531,100,6140444
100553102,1005531,200,6140445
100553103,1005531,450,6140446
100563101,1005631,100,6140480
100563102,1005631,300,6140481
100563103,1005631,650,6140482
100573101,1005731,100,6140486
100573102,1005731,300,6140487
100573103,1005731,650,6140488
100583101,1005831,100,6140495
100583102,1005831,300,6140496
100583103,1005831,650,6140497
100593101,1005931,100,6140510
100593102,1005931,300,6140511
100593103,1005931,650,6140512
100603101,1006031,100,6140513
100603102,1006031,300,6140514
100603103,1006031,650,6140515
100613101,1006131,100,6140523
100613102,1006131,300,6140524
100613103,1006131,650,6140525
100623101,1006231,100,6140546
100623102,1006231,350,6140547
100623103,1006231,650,6140548
100633101,1006331,100,6140555
100633102,1006331,300,6140556
100633103,1006331,650,6140557
100643101,1006431,100,6140564
100643102,1006431,350,6140565
100643103,1006431,650,6140566
100653101,1006531,100,6140570
100653102,1006531,300,6140571
100653103,1006531,650,6140572
100661101,1006611,100,6140577
100661102,1006611,300,6140578
100661103,1006611,500,6140579
100662101,1006621,100,6140580
100662102,1006621,300,6140581
100662103,1006621,500,6140582
100673101,1006731,100,6140589
100673102,1006731,200,6140590
100673103,1006731,450,6140591
100683101,1006831,100,6140592
100683102,1006831,350,6140593
100683103,1006831,650,6140594
100693101,1006931,100,6140612
100693102,1006931,300,6140613
100693103,1006931,650,6140614
100703101,1007031,100,6140615
100703102,1007031,300,6140616
100703103,1007031,650,6140617
100713101,1007131,100,6140621
100713102,1007131,300,6140622
100713103,1007131,650,6140623
100723101,1007231,100,6140633
100723102,1007231,300,6140634
100723103,1007231,650,6140635
100733101,1007331,100,6140646
100733102,1007331,200,6140647
100733103,1007331,450,6140648
100743101,1007431,100,6140663
100743102,1007431,300,6140664
100743103,1007431,650,6140665
100753101,1007531,100,6140672
100753102,1007531,300,6140673
100753103,1007531,650,6140674
100763101,1007631,100,6140678
100763102,1007631,300,6140679
100763103,1007631,650,6140680
100773101,1007731,100,6140684
100773102,1007731,300,6140685
100773103,1007731,650,6140686
100783101,1007831,100,6140693
100783102,1007831,300,6140694
100783103,1007831,650,6140695
100793101,1007931,100,6140700
100793102,1007931,200,6140701
100793103,1007931,450,6140702
100803101,1008031,100,6140717
100803102,1008031,300,6140718
100803103,1008031,650,6140719
100813101,1008131,100,6140723
100813102,1008131,300,6140724
100813103,1008131,650,6140725
100823101,1008231,100,6140732
100823102,1008231,300,6140733
100823103,1008231,650,6140734
100833101,1008331,100,6140738
100833102,1008331,300,6140739
100833103,1008331,650,6140740
100843101,1008431,100,6140751
100843102,1008431,300,6140752
100843103,1008431,650,6140753
100853101,1008531,100,6140763
100853102,1008531,200,6140764
100853103,1008531,450,6140765
100863101,1008631,100,6140781
100863102,1008631,300,6140782
100863103,1008631,650,6140783
100873101,1008731,100,6140790
100873102,1008731,300,6140791
100873103,1008731,650,6140792
100883101,1008831,100,6140793
100883102,1008831,300,6140794
100883103,1008831,650,6140795
100893101,1008931,100,6140802
100893102,1008931,300,6140803
100893103,1008931,650,6140804
100903101,1009031,100,6140809
100903102,1009031,200,6140810
100903103,1009031,450,6140811
100913101,1009131,100,6140818
100913102,1009131,300,6140819
100913103,1009131,650,6140820
100923101,1009231,100,6140824
100923102,1009231,300,6140825
100923103,1009231,650,6140826
100933101,1009331,100,6140827
100933102,1009331,300,6140828
100933103,1009331,650,6140829
100943101,1009431,100,6140833
100943102,1009431,300,6140834
100943103,1009431,650,6140835
100953101,1009531,100,6140842
100953102,1009531,300,6140843
100953103,1009531,650,6140844
100963101,1009631,100,6140848
100963102,1009631,300,6140849
100963103,1009631,650,6140850
100973101,1009731,100,6140864
100973102,1009731,200,6140865
100973103,1009731,450,6140866
100983101,1009831,100,6140875
100983102,1009831,300,6140876
100983103,1009831,650,6140877
100993101,1009931,100,6140884
100993102,1009931,300,6140885
100993103,1009931,650,6140886
101003101,1010031,100,6140887
101003102,1010031,300,6140888
101003103,1010031,650,6140889
101013101,1010131,100,6140896
101013102,1010131,300,6140897
101013103,1010131,650,6140898
101023101,1010231,100,6140905
101023102,1010231,300,6140906
101023103,1010231,650,6140907
101033101,1010331,100,6140918
101033102,1010331,200,6140919
101033103,1010331,450,6140920
101043101,1010431,100,6140921
101043102,1010431,300,6140922
101043103,1010431,650,6140923
101053101,1010531,100,6140927
101053102,1010531,300,6140928
101053103,1010531,650,6140929
101063101,1010631,100,6140939
101063102,1010631,300,6140940
101063103,1010631,650,6140941
101073101,1010731,100,6140942
101073102,1010731,300,6140943
101073103,1010731,650,6140944
101083101,1010831,100,6140951
101083102,1010831,300,6140952
101083103,1010831,650,6140953
101093101,1010931,100,6140958
101093102,1010931,200,6140959
101093103,1010931,450,6140960
101103101,1011031,100,6140978
101103102,1011031,300,6140979
101103103,1011031,650,6140980
101113101,1011131,100,6140984
101113102,1011131,300,6140985
101113103,1011131,650,6140986
101123101,1011231,100,6140993
101123102,1011231,300,6140994
101123103,1011231,650,6140995
101133101,1011331,100,6140996
101133102,1011331,300,6140997
101133103,1011331,650,6140998
101143101,1011431,100,6141007
101143102,1011431,200,6141008
101143103,1011431,450,6141009
101153101,1011531,100,6141024
101153102,1011531,300,6141025
101153103,1011531,650,6141026
101163101,1011631,100,6141030
101163102,1011631,300,6141031
101163103,1011631,650,6141032
101173101,1011731,100,6141036
101173102,1011731,300,6141037
101173103,1011731,650,6141038
101183101,1011831,100,6141042
101183102,1011831,300,6141043
101183103,1011831,650,6141044
101193101,1011931,100,6141053
101193102,1011931,200,6141054
101193103,1011931,450,6141055
101203101,1012031,100,6141070
101203102,1012031,300,6141071
101203103,1012031,500,6141072
200022101,2000221,120,6140001
200022102,2000221,160,6140001
200022103,2000221,210,6140001
200022104,2000221,260,6140001
200023101,2000231,50,6140001
200023102,2000231,80,6140001
200023103,2000231,100,6140001
200023104,2000231,130,6140001
200023105,2000231,160,6140001
200031101,2000311,50,6140001
200031102,2000311,80,6140001
200031103,2000311,100,6140001
200031104,2000311,130,6140001
200031105,2000311,160,6140001
200041101,2000411,30,6140005
200041102,2000411,90,6140005
200041103,2000411,120,6140006
200051101,2000511,150,6140007
200051102,2000511,300,6140008
200051103,2000511,450,6140009
200051104,2000511,600,6140010
200051105,2000511,800,6140011
200061101,2000611,30,6140012
200061102,2000611,50,6140013
200061103,2000611,80,6140014
200061104,2000611,120,6140015
200081101,2000811,50,6140019
200081102,2000811,150,6140020
200081103,2000811,250,6140021
200085101,2000851,100,6140025
200085102,2000851,180,6140025
200085103,2000851,300,6140025
200101101,2001011,50,6140022
200101102,2001011,100,6140023
200101103,2001011,200,6140024
200112101,2001121,120,6140034
200112102,2001121,160,6140035
200112103,2001121,210,6140036
200112104,2001121,260,6140037
200113101,2001131,50,6140038
200113102,2001131,80,6140039
200113103,2001131,100,6140040
200113104,2001131,130,6140041
200113105,2001131,160,6140042
200121101,2001211,30,6140030
200121102,2001211,50,6140031
200121103,2001211,80,6140032
200121104,2001211,120,6140033
200131101,2001311,100,6140046
200141101,2001411,100,6140047
200141102,2001411,150,6140048
200141103,2001411,200,6140049
200151101,2001511,10,6140056
200151102,2001511,50,6140057
200151103,2001511,100,6140058
200161101,2001611,50,6140059
200161102,2001611,200,6140060
200161103,2001611,500,6140061
200181101,2001811,100,6140062
200181102,2001811,150,6140063
200181103,2001811,200,6140064
200181104,2001811,250,6140065
200191101,2001911,100,6140069
200191102,2001911,150,6140070
200191103,2001911,200,6140071
200201101,2002011,100,6140075
200201102,2002011,150,6140076
200201103,2002011,200,6140077
200211101,2002111,50,6140078
200211102,2002111,100,6140079
200211103,2002111,200,6140080
200222101,2002221,120,6140081
200222102,2002221,160,6140082
200222103,2002221,210,6140083
200222104,2002221,260,6140084
200223101,2002231,50,6140085
200223102,2002231,80,6140086
200223103,2002231,100,6140087
200223104,2002231,130,6140088
200223105,2002231,160,6140089
200231101,2002311,100,6140102
200231102,2002311,150,6140103
200231103,2002311,200,6140104
200241101,2002411,50,6140096
200241102,2002411,100,6140097
200241103,2002411,150,6140098
200251101,2002511,50,6140105
200251102,2002511,100,6140106
200251103,2002511,250,6140107
200261101,2002611,50,6140128
200261102,2002611,100,6140129
200261103,2002611,200,6140130
200272101,2002721,120,6140131
200272102,2002721,160,6140132
200272103,2002721,210,6140133
200272104,2002721,260,6140134
200273101,2002731,50,6140135
200273102,2002731,80,6140136
200273103,2002731,100,6140137
200273104,2002731,130,6140138
200273105,2002731,160,6140139
200281101,2002811,100,6140140
200281102,2002811,200,6140141
200281103,2002811,250,6140142
200301101,2003011,100,6140152
200301102,2003011,150,6140153
200301103,2003011,250,6140154
200311101,2003111,200,6140155
200311102,2003111,350,6140156
200311103,2003111,500,6140157
200312101,2003121,200,6140158
200312102,2003121,350,6140159
200312103,2003121,500,6140160
200313101,2003131,200,6140161
200313102,2003131,350,6140162
200313103,2003131,500,6140163
200321101,2003211,20,6140164
200321102,2003211,60,6140164
200321103,2003211,100,6140164
200331101,2003311,150,6140168
200331102,2003311,200,6140169
200331103,2003311,350,6140170
200371101,2003711,250,6140174
200371102,2003711,400,6140175
200371103,2003711,550,6140176
200381101,2003811,250,6140177
200381102,2003811,350,6140178
200381103,2003811,450,6140179
200381104,2003811,550,6140180
200381105,2003811,650,6140181
200391101,2003911,555,6140182
200392101,2003921,211,6140231
200401101,2004011,80,6140192
200401102,2004011,120,6140193
200401103,2004011,200,6140194
200411101,2004111,120,6140195
200411102,2004111,160,6140196
200411103,2004111,210,6140197
200411104,2004111,260,6140198
200412101,2004121,50,6140199
200412102,2004121,80,6140200
200412103,2004121,100,6140201
200412104,2004121,130,6140202
200412105,2004121,160,6140203
200421101,2004211,100,6140207
200421102,2004211,200,6140208
200421103,2004211,350,6140209
200431101,2004311,20,6140213
200431102,2004311,40,6140214
200431103,2004311,80,6140215
200432101,2004321,100,6140216
200432102,2004321,200,6140217
200432103,2004321,400,6140218
200441101,2004411,100,6140216
200441102,2004411,200,6140217
200441103,2004411,400,6140218
200451101,2004511,100,6140222
200451102,2004511,300,6140223
200451103,2004511,500,6140224
200491101,2004911,100,6140232
200491102,2004911,250,6140233
200491103,2004911,400,6140234
200501101,2005011,100,6140235
200501102,2005011,250,6140236
200501103,2005011,400,6140237
200511101,2005111,70,6140241
200511102,2005111,140,6140242
200511103,2005111,210,6140243
200514101,2005141,30,6140244
200514102,2005141,60,6140245
200514103,2005141,100,6140246
200514104,2005141,130,6140247
200514105,2005141,160,6140248
200521101,2005211,50,6140249
200521102,2005211,200,6140250
200521103,2005211,350,6140251
200531101,2005311,20,6140255
200531102,2005311,40,6140256
200531103,2005311,60,6140257
200532101,2005321,20,6140258
200532102,2005321,40,6140259
200532103,2005321,60,6140260
200533101,2005331,20,6140261
200533102,2005331,40,6140262
200533103,2005331,60,6140263
200534101,2005341,20,6140264
200534102,2005341,40,6140265
200534103,2005341,60,6140266
200541101,2005411,200,6140270
200541102,2005411,250,6140271
200541103,2005411,300,6140272
200551101,2005511,100,6140273
200551102,2005511,200,6140274
200551103,2005511,300,6140275
200571101,2005711,20,6140279
200571102,2005711,40,6140280
200571103,2005711,80,6140281
200581101,2005811,420,6140299
200611101,2006111,100,6140306
200621101,2006211,50,6140310
200621102,2006211,100,6140311
200621103,2006211,200,6140312
200622101,2006221,50,6140313
200622102,2006221,100,6140314
200622103,2006221,200,6140315
200631101,2006311,70,6140319
200631102,2006311,140,6140320
200631103,2006311,210,6140321
200634101,2006341,30,6140322
200634102,2006341,60,6140323
200634103,2006341,100,6140324
200634104,2006341,130,6140325
200634105,2006341,160,6140326
200641101,2006411,50,6140330
200641102,2006411,125,6140331
200641103,2006411,200,6140332
200651101,2006511,50,6140333
200651102,2006511,250,6140334
200651103,2006511,450,6140335
200681101,2006811,20,6140340
200681102,2006811,40,6140341
200681103,2006811,80,6140342
200691101,2006911,100,6140346
200691102,2006911,150,6140347
200691103,2006911,200,6140348
200701101,2007011,100,6140349
200701102,2007011,250,6140350
200701103,2007011,500,6140351
200721101,2007211,726,6140366
200752101,2007521,70,6140385
200752102,2007521,140,6140386
200752103,2007521,210,6140387
200754101,2007541,30,6140388
200754102,2007541,60,6140389
200754103,2007541,100,6140390
200754104,2007541,130,6140391
200754105,2007541,160,6140392
200761101,2007611,50,6140379
200761102,2007611,100,6140380
200761103,2007611,200,6140381
200762101,2007621,50,6140382
200762102,2007621,100,6140383
200762103,2007621,200,6140384
200771101,2007711,100,6140393
200771102,2007711,250,6140394
200771103,2007711,400,6140395
200781101,2007811,40,6140396
200781102,2007811,80,6140397
200781103,2007811,120,6140398
200791101,2007911,100,6140408
200791102,2007911,250,6140409
200791103,2007911,450,6140410
200801101,2008011,150,6140405
200801102,2008011,250,6140406
200801103,2008011,400,6140407
200811101,2008111,20,6140411
200811102,2008111,40,6140412
200811103,2008111,80,6140413
200821101,2008211,60,6140417
200821102,2008211,150,6140418
200821103,2008211,200,6140419
200831101,2008311,100,6140423
200831102,2008311,150,6140424
200831103,2008311,200,6140425
200841101,2008411,100,6140426
200841102,2008411,250,6140427
200841103,2008411,500,6140428
200851101,2008511,50,6140432
200851102,2008511,100,6140433
200851103,2008511,170,6140434
200851104,2008511,230,6140435
200851105,2008511,300,6140436
200881101,2008811,100,6140437
200881102,2008811,200,6140438
200881103,2008811,400,6140439
200891101,2008911,100,6140441
200891102,2008911,300,6140442
200891103,2008911,500,6140443
200901101,2009011,100,6140448
200901102,2009011,300,6140449
200901103,2009011,500,6140450
200911101,2009111,200,6140440
200911102,2009111,300,6140440
200911103,2009111,400,6140440
200941101,2009411,100,6140447
200962101,2009621,70,6140451
200962102,2009621,140,6140452
200962103,2009621,210,6140453
200964101,2009641,30,6140460
200964102,2009641,60,6140461
200964103,2009641,100,6140462
200964104,2009641,130,6140463
200964105,2009641,160,6140464
200971101,2009711,50,6140454
200971102,2009711,100,6140455
200971103,2009711,200,6140456
200981101,2009811,50,6140457
200981102,2009811,100,6140458
200981103,2009811,200,6140459
200991101,2009911,50,6140465
200991102,2009911,120,6140466
200991103,2009911,180,6140467
200992101,2009921,50,6140468
200992102,2009921,120,6140469
200992103,2009921,180,6140470
200993101,2009931,50,6140471
200993102,2009931,120,6140472
200993103,2009931,180,6140473
200994101,2009941,50,6140474
200994102,2009941,120,6140475
200994103,2009941,180,6140476
201001101,2010011,80,6140477
201001102,2010011,120,6140478
201001103,2010011,170,6140479
201011101,2010111,100,6140483
201011102,2010111,200,6140484
201011103,2010111,400,6140485
201031101,2010311,50,6140489
201031102,2010311,100,6140490
201031103,2010311,150,6140491
201041101,2010411,100,6140492
201041102,2010411,200,6140493
201041103,2010411,350,6140494
201051101,2010511,100,6140501
201051102,2010511,240,6140502
201051103,2010511,480,6140503
201061101,2010611,20,6140498
201061102,2010611,40,6140499
201061103,2010611,80,6140500
201071101,2010711,50,6140504
201071102,2010711,250,6140505
201071103,2010711,450,6140506
201081101,2010811,60,6140507
201081102,2010811,150,6140508
201081103,2010811,200,6140509
201091101,2010911,80,6140518
201091102,2010911,160,6140519
201091103,2010911,240,6140520
201091104,2010911,320,6140521
201091105,2010911,400,6140522
201101101,2011011,50,6140516
201101102,2011011,131,6140517
201122101,2011221,70,6140532
201122102,2011221,140,6140533
201122103,2011221,210,6140534
201124101,2011241,30,6140535
201124102,2011241,60,6140536
201124103,2011241,100,6140537
201124104,2011241,130,6140538
201124105,2011241,160,6140539
201151101,2011511,100,6140526
201151102,2011511,300,6140527
201151103,2011511,500,6140528
201161101,2011611,100,6140529
201161102,2011611,300,6140530
201161103,2011611,500,6140531
201171101,2011711,50,6140540
201171102,2011711,100,6140541
201171103,2011711,200,6140542
201181101,2011811,50,6140543
201181102,2011811,100,6140544
201181103,2011811,200,6140545
201191101,2011911,80,6140549
201191102,2011911,200,6140550
201191103,2011911,320,6140551
201211101,2012111,100,6140552
201211102,2012111,250,6140553
201211103,2012111,500,6140554
201221101,2012211,80,6140558
201221102,2012211,340,6140559
201221103,2012211,600,6140560
201231101,2012311,100,6140561
201231102,2012311,400,6140562
201231103,2012311,700,6140563
201241101,2012411,70,6140567
201241102,2012411,200,6140568
201241103,2012411,320,6140569
201251101,2012511,50,6140573
201251102,2012511,250,6140574
201251103,2012511,450,6140575
201261101,2012611,100,6140586
201261102,2012611,200,6140587
201261103,2012611,300,6140588
201271101,2012711,425,6140576
201301101,2013011,20,6140583
201301102,2013011,40,6140584
201301103,2013011,80,6140585
201311101,2013111,50,6140595
201311102,2013111,100,6140596
201311103,2013111,200,6140597
201321101,2013211,50,6140598
201321102,2013211,100,6140599
201321103,2013211,150,6140600
201332101,2013321,70,6140601
201332102,2013321,140,6140602
201332103,2013321,210,6140603
201334101,2013341,30,6140604
201334102,2013341,60,6140605
201334103,2013341,100,6140606
201334104,2013341,130,6140606
201334105,2013341,160,6140606
201351101,2013511,60,6140618
201351102,2013511,80,6140619
201351103,2013511,100,6140620
201361101,2013611,100,6140624
201361102,2013611,160,6140625
201361103,2013611,220,6140626
201371101,2013711,50,6140627
201371102,2013711,250,6140628
201371103,2013711,450,6140629
201381101,2013811,20,6140630
201381102,2013811,40,6140631
201381103,2013811,80,6140632
201391101,2013911,150,6140636
201391102,2013911,300,6140637
201391103,2013911,400,6140638
201401101,2014011,730,6140639
201411101,2014111,100,6140640
201411102,2014111,300,6140641
201411103,2014111,500,6140642
201421101,2014211,100,6140643
201421102,2014211,300,6140644
201421103,2014211,500,6140645
201451101,2014511,50,6140649
201451102,2014511,100,6140650
201451103,2014511,200,6140651
201461101,2014611,50,6140652
201461102,2014611,100,6140653
201461103,2014611,150,6140654
201472101,2014721,70,6140655
201472102,2014721,140,6140656
201472103,2014721,210,6140657
201474101,2014741,30,6140658
201474102,2014741,60,6140659
201474103,2014741,100,6140660
201474104,2014741,130,6140661
201474105,2014741,160,6140662
201481101,2014811,40,6140666
201481102,2014811,80,6140667
201481103,2014811,120,6140668
201491101,2014911,150,6140669
201491102,2014911,250,6140670
201491103,2014911,400,6140671
201502101,2015021,100,6140675
201502102,2015021,200,6140676
201502103,2015021,350,6140677
201511101,2015111,100,6140681
201511102,2015111,250,6140682
201511103,2015111,500,6140683
201521101,2015211,20,6140687
201521102,2015211,40,6140688
201521103,2015211,80,6140689
201531101,2015311,500,6140696
201541101,2015411,100,6140697
201541102,2015411,200,6140698
201541103,2015411,300,6140699
201551101,2015511,100,6140703
201551102,2015511,300,6140704
201551103,2015511,500,6140705
201561101,2015611,100,6140706
201561102,2015611,300,6140707
201561103,2015611,500,6140708
201591104,2015911,100,6140690
201591105,2015911,175,6140691
201591106,2015911,250,6140692
201601101,2016011,50,6140649
201601102,2016011,100,6140650
201601103,2016011,200,6140651
201611101,2016111,50,6140652
201611102,2016111,100,6140653
201611103,2016111,150,6140654
201622101,2016221,70,6140709
201622102,2016221,140,6140710
201622103,2016221,210,6140711
201624101,2016241,30,6140712
201624102,2016241,60,6140713
201624103,2016241,100,6140714
201624104,2016241,130,6140715
201624105,2016241,160,6140716
201631101,2016311,100,6140729
201631102,2016311,200,6140730
201631103,2016311,350,6140731
201641101,2016411,100,6140735
201641102,2016411,240,6140736
201641103,2016411,480,6140737
201651101,2016511,50,6140720
201651102,2016511,100,6140721
201651103,2016511,150,6140722
201661101,2016611,50,6140726
201661102,2016611,125,6140727
201661103,2016611,200,6140728
201691101,2016911,60,6140741
201691102,2016911,80,6140742
201691103,2016911,100,6140743
201701101,2017011,100,6140754
201701102,2017011,200,6140755
201701103,2017011,300,6140756
201711101,2017111,240,6140747
201721101,2017211,20,6140748
201721102,2017211,40,6140749
201721103,2017211,80,6140750
201731101,2017311,100,6140757
201731102,2017311,300,6140758
201731103,2017311,500,6140759
201741101,2017411,100,6140760
201741102,2017411,300,6140761
201741103,2017411,500,6140762
201771101,2017711,50,6140766
201771102,2017711,100,6140767
201771103,2017711,200,6140768
201781101,2017811,50,6140769
201781102,2017811,100,6140770
201781103,2017811,150,6140771
201792101,2017921,70,6140772
201792102,2017921,140,6140773
201792103,2017921,210,6140774
201794101,2017941,30,6140775
201794102,2017941,60,6140776
201794103,2017941,100,6140777
201794104,2017941,130,6140778
201794105,2017941,160,6140779
201801101,2018011,100,6140780
201821101,2018211,80,6140787
201821102,2018211,340,6140788
201821103,2018211,600,6140789
201831101,2018311,90,6140784
201831102,2018311,135,6140785
201831103,2018311,180,6140786
201841101,2018411,80,6140609
201841102,2018411,200,6140610
201841103,2018411,320,6140611
201851101,2018511,20,6140796
201851102,2018511,40,6140797
201851103,2018511,80,6140798
201861101,2018611,100,6140799
201861102,2018611,400,6140800
201861103,2018611,700,6140801
201871101,2018711,418,6140805
201891101,2018911,100,6140806
201891102,2018911,250,6140807
201891103,2018911,400,6140808
201921101,2019211,100,6140812
201921102,2019211,300,6140813
201921103,2019211,500,6140814
201931101,2019311,100,6140815
201931102,2019311,300,6140816
201931103,2019311,500,6140817
201941101,2019411,50,6140766
201941102,2019411,100,6140767
201941103,2019411,200,6140768
201951101,2019511,50,6140769
201951102,2019511,100,6140770
201951103,2019511,150,6140771
201962101,2019621,70,6140772
201962102,2019621,140,6140773
201962103,2019621,210,6140774
201964101,2019641,30,6140775
201964102,2019641,60,6140776
201964103,2019641,100,6140777
201964104,2019641,130,6140778
201964105,2019641,160,6140779
201971101,2019711,100,6140821
201971102,2019711,250,6140822
201971103,2019711,450,6140823
201982101,2019821,100,6140830
201982102,2019821,250,6140831
201982103,2019821,450,6140832
201991101,2019911,160,6140836
201991102,2019911,400,6140837
201991103,2019911,720,6140838
202001101,2020011,20,6140839
202001102,2020011,40,6140840
202001103,2020011,80,6140841
202011101,2020111,100,6140845
202011102,2020111,300,6140846
202011103,2020111,600,6140847
202021101,2020211,90,6140851
202021102,2020211,120,6140852
202021103,2020211,150,6140853
202031101,2020311,731,6140854
202041101,2020411,100,6140855
202041102,2020411,300,6140856
202041103,2020411,500,6140857
202051101,2020511,100,6140858
202051102,2020511,300,6140859
202051103,2020511,500,6140860
202061101,2020611,100,6140861
202061102,2020611,300,6140862
202061103,2020611,500,6140863
202091101,2020911,100,6140780
202101101,2021011,50,6140766
202101102,2021011,100,6140767
202101103,2021011,200,6140768
202111101,2021111,50,6140769
202111102,2021111,100,6140770
202111103,2021111,150,6140771
202122101,2021221,70,6140867
202122102,2021221,140,6140868
202122103,2021221,210,6140869
202124101,2021241,30,6140870
202124102,2021241,60,6140871
202124103,2021241,100,6140872
202124104,2021241,130,6140873
202124105,2021241,160,6140874
202131101,2021311,60,6140878
202131102,2021311,80,6140879
202131103,2021311,100,6140880
202141101,2021411,150,6140881
202141102,2021411,250,6140882
202141103,2021411,400,6140883
202151101,2021511,60,6140878
202151102,2021511,80,6140879
202151103,2021511,100,6140880
202161101,2021611,20,6140893
202161102,2021611,40,6140894
202161103,2021611,80,6140895
202171101,2021711,100,6140890
202171102,2021711,200,6140891
202171103,2021711,300,6140892
202181101,2021811,120,6140899
202181102,2021811,240,6140900
202181103,2021811,360,6140901
202191101,2021911,100,6140902
202191102,2021911,140,6140903
202191103,2021911,180,6140904
202201101,2022011,115,6140908
202211101,2022111,100,6140909
202211102,2022111,300,6140910
202211103,2022111,500,6140911
202221101,2022211,100,6140912
202221102,2022211,300,6140913
202221103,2022211,500,6140914
202231101,2022311,100,6140915
202231102,2022311,300,6140916
202231103,2022311,500,6140917
202242101,2022421,70,6140867
202242102,2022421,140,6140868
202242103,2022421,210,6140869
202244101,2022441,30,6140870
202244102,2022441,60,6140871
202244103,2022441,100,6140872
202244104,2022441,130,6140873
202244105,2022441,160,6140874
202251101,2022511,50,6140766
202251102,2022511,100,6140767
202251103,2022511,200,6140768
202261101,2022611,50,6140769
202261102,2022611,100,6140770
202261103,2022611,150,6140771
202271101,2022711,100,6140924
202271102,2022711,250,6140925
202271103,2022711,500,6140926
202281101,2022811,50,6140930
202281102,2022811,100,6140931
202281103,2022811,150,6140932
202291101,2022911,150,6140933
202291102,2022911,300,6140934
202291103,2022911,450,6140935
202301101,2023011,20,6140936
202301102,2023011,40,6140937
202301103,2023011,80,6140938
202321101,2023211,100,6140945
202321102,2023211,140,6140946
202321103,2023211,180,6140947
202331101,2023311,70,6140948
202331102,2023311,200,6140949
202331103,2023311,320,6140950
202341101,2023411,100,6140954
202341102,2023411,300,6140955
202341103,2023411,450,6140956
202351101,2023511,400,6140957
202361101,2023611,100,6140961
202361102,2023611,300,6140962
202361103,2023611,450,6140963
202371101,2023711,100,6140964
202371102,2023711,300,6140965
202371103,2023711,450,6140966
202382101,2023821,70,6140970
202382102,2023821,140,6140971
202382103,2023821,210,6140972
202384101,2023841,30,6140973
202384102,2023841,60,6140974
202384103,2023841,100,6140975
202384104,2023841,130,6140976
202384105,2023841,160,6140977
202391101,2023911,100,6140780
202401101,2024011,50,6140967
202401102,2024011,100,6140968
202401103,2024011,200,6140969
202411101,2024111,100,6140981
202411102,2024111,200,6140982
202411103,2024111,300,6140983
202421101,2024211,20,6140990
202421102,2024211,40,6140991
202421103,2024211,80,6140992
202431101,2024311,100,6140987
202431102,2024311,230,6140988
202431103,2024311,350,6140989
202441101,2024411,100,6140999
202441102,2024411,140,6141000
202441103,2024411,180,6141001
202451101,2024511,100,6141002
202451102,2024511,200,6141003
202451103,2024511,300,6141004
202451104,2024511,400,6141005
202461101,2024611,417,6141006
202471101,2024711,100,6141010
202471102,2024711,300,6141011
202471103,2024711,500,6141012
202481101,2024811,100,6141013
202481102,2024811,300,6141014
202481103,2024811,500,6141015
202491101,2024911,50,6140967
202491102,2024911,100,6140968
202491103,2024911,200,6140969
202502101,2025021,70,6141016
202502102,2025021,140,6141017
202502103,2025021,170,6141018
202504101,2025041,30,6141019
202504102,2025041,60,6141020
202504103,2025041,100,6141021
202504104,2025041,130,6141022
202504105,2025041,160,6141023
202521101,2025211,100,6141033
202521102,2025211,200,6141034
202521103,2025211,300,6141035
202531101,2025311,20,6141039
202531102,2025311,40,6141040
202531103,2025311,80,6141041
202541101,2025411,100,6141045
202541102,2025411,140,6141046
202541103,2025411,180,6141047
202551101,2025511,100,6141048
202551102,2025511,200,6141049
202551103,2025511,300,6141050
202551104,2025511,400,6141051
202561101,2025611,77,6141052
202571101,2025711,100,6141056
202571102,2025711,300,6141057
202571103,2025711,500,6141058
202581101,2025811,100,6141059
202581102,2025811,300,6141060
202581103,2025811,500,6141061
202591101,2025911,50,6140967
202591102,2025911,100,6140968
202591103,2025911,200,6140969
202602101,2026021,70,6141062
202602102,2026021,140,6141063
202602103,2026021,170,6141064
202604101,2026041,30,6141065
202604102,2026041,60,6141066
202604103,2026041,100,6141067
202604104,2026041,130,6141068
202604105,2026041,160,6141069
