id,guild_facility_id,lv,hp,wood_quantity,stone_quantity,iron_quantity,crystal_quantity,required_lupi,build_time,member_num,blue_skill_point_time,blue_skill_point_max,ancient_tower_sweep_boost,passive_skill_id_1,passive_skill_id_2,passive_skill_id_3,battle_type1,battle_type2,battle_type3,battle_value1,battle_value2,battle_value3,weekly_warehouse_reward_count_max
1,1,1,1000,1,1,1,1,10,10,0,0,0,0,0,0,0,0,0,0,0,0,0,40
2,1,2,2000,50,50,50,190,5573040,36000,3,0,0,0,0,0,0,0,0,0,0,0,0,50
3,1,3,3000,140,150,140,500,11599400,135000,6,0,0,0,0,0,0,0,0,0,0,0,0,61
4,1,4,4000,260,290,280,950,17940410,326700,8,0,0,0,0,0,0,0,0,0,0,0,0,70
5,1,5,5000,430,460,440,1520,24526150,643500,10,0,0,0,0,0,0,0,0,0,0,0,0,80
6,1,6,6000,620,670,650,2220,31313740,1116000,12,0,0,0,0,0,0,0,0,0,0,0,0,88
7,1,7,7000,860,930,890,3050,38273910,1774800,14,0,0,0,0,0,0,0,0,0,0,0,0,96
8,1,8,8000,1130,1220,1170,4000,45385310,2651400,16,0,0,0,0,0,0,0,0,0,0,0,0,104
9,1,9,9000,1430,1550,1490,5090,52631640,3778200,18,0,0,0,0,0,0,0,0,0,0,0,0,112
10,1,10,10000,1780,1920,1850,6300,60000000,5184000,20,0,0,0,0,0,0,0,0,0,0,0,0,120
11,2,1,1000,0,0,0,0,0,0,0,0,0,0,0,0,0,0,0,0,0,0,0,0
12,2,2,2000,32,41,39,160,4644206,18000,0,0,0,0,0,0,0,0,0,0,0,0,0,0
13,2,3,3000,86,108,103,427,9666173,67500,0,0,0,0,0,0,0,0,0,0,0,0,0,0
14,2,4,4000,162,203,194,800,14950344,163800,0,0,0,0,0,0,0,0,0,0,0,0,0,0
15,2,5,5000,259,325,310,1280,20438465,322200,0,0,0,0,0,0,0,0,0,0,0,0,0,0
16,2,6,6000,378,474,453,1867,26094786,558000,0,0,0,0,0,0,0,0,0,0,0,0,0,0
17,2,7,7000,519,650,621,2560,31894926,887400,0,0,0,0,0,0,0,0,0,0,0,0,0,0
18,2,8,8000,681,853,815,3360,37821097,1325700,0,0,0,0,0,0,0,0,0,0,0,0,0,0
19,2,9,9000,865,1083,1034,4267,43859707,1889100,0,0,0,0,0,0,0,0,0,0,0,0,0,0
20,2,10,10000,1070,1340,1280,5280,50000000,2592000,0,0,0,0,0,0,0,0,0,0,0,0,0,0
21,3,1,1000,0,0,0,0,0,0,0,0,0,0.005,0,0,0,0,0,0,0,0,0,0
22,3,2,2000,27,93,50,0,2786524,10800,0,0,0,0.01,0,0,0,0,0,0,0,0,0,0
23,3,3,3000,72,248,134,0,5799704,40500,0,0,0,0.015,0,0,0,0,0,0,0,0,0,0
24,3,4,4000,135,465,252,0,8970207,98100,0,0,0,0.02,0,0,0,0,0,0,0,0,0,0
25,3,5,5000,216,744,402,0,12263079,192600,0,0,0,0.025,0,0,0,0,0,0,0,0,0,0
26,3,6,6000,315,1085,587,0,15656872,334800,0,0,0,0.03,0,0,0,0,0,0,0,0,0,0
27,3,7,7000,432,1488,805,0,19136955,532800,0,0,0,0.035,0,0,0,0,0,0,0,0,0,0
28,3,8,8000,566,1954,1056,0,22692658,795600,0,0,0,0.04,0,0,0,0,0,0,0,0,0,0
29,3,9,9000,719,2481,1341,0,26315824,1133100,0,0,0,0.045,0,0,0,0,0,0,0,0,0,0
30,3,10,10000,890,3070,1660,0,30000000,1555200,0,0,0,0.05,0,0,0,0,0,0,0,0,0,0
31,4,1,1000,0,0,0,0,0,0,0,0,0,0,830300101,0,0,0,0,0,0,0,0,0
32,4,2,2000,51,38,17,134,4179785,10800,0,0,0,0,830300102,0,0,0,0,0,0,0,0,0
33,4,3,3000,137,101,44,356,8699556,40500,0,0,0,0,830300103,0,0,0,0,0,0,0,0,0
34,4,4,4000,256,189,83,668,13455310,98100,0,0,0,0,830300104,0,0,0,0,0,0,0,0,0
35,4,5,5000,410,303,133,1069,18394619,192600,0,0,0,0,830300105,0,0,0,0,0,0,0,0,0
36,4,6,6000,597,442,194,1559,23485308,334800,0,0,0,0,830300106,0,0,0,0,0,0,0,0,0
37,4,7,7000,819,606,267,2138,28705433,532800,0,0,0,0,830300107,0,0,0,0,0,0,0,0,0
38,4,8,8000,1075,795,350,2806,34038988,795600,0,0,0,0,830300108,0,0,0,0,0,0,0,0,0
39,4,9,9000,1366,1010,444,3564,39473737,1133100,0,0,0,0,830300109,0,0,0,0,0,0,0,0,0
40,4,10,10000,1690,1250,550,4410,45000000,1555200,0,0,0,0,830300110,0,0,0,0,0,0,0,0,0
41,5,1,1000,0,0,0,0,0,0,0,0,0,0,830400101,830400201,0,0,0,0,0,0,0,0
42,5,2,2000,92,20,53,0,1857682,10800,0,0,0,0,830400102,830400202,0,0,0,0,0,0,0,0
43,5,3,3000,244,54,141,0,3866469,40500,0,0,0,0,830400103,830400203,0,0,0,0,0,0,0,0
44,5,4,4000,458,102,265,0,5980138,98100,0,0,0,0,830400104,830400204,0,0,0,0,0,0,0,0
45,5,5,5000,732,162,424,0,8175386,192600,0,0,0,0,830400105,830400205,0,0,0,0,0,0,0,0
46,5,6,6000,1068,237,619,0,10437915,334800,0,0,0,0,830400106,830400206,0,0,0,0,0,0,0,0
47,5,7,7000,1464,325,848,0,12757970,532800,0,0,0,0,830400107,830400207,0,0,0,0,0,0,0,0
48,5,8,8000,1922,426,1114,0,15128439,795600,0,0,0,0,830400108,830400208,0,0,0,0,0,0,0,0
49,5,9,9000,2440,541,1414,0,17543883,1133100,0,0,0,0,830400109,830400209,0,0,0,0,0,0,0,0
50,5,10,10000,3020,670,1750,0,20000000,1555200,0,0,0,0,830400110,830400210,0,0,0,0,0,0,0,0
51,6,1,1000,0,0,0,0,0,0,0,0,0,0,830500101,0,0,0,0,0,0,0,0,0
52,6,2,2000,24,52,92,0,2322103,10800,0,0,0,0,830500102,0,0,0,0,0,0,0,0,0
53,6,3,3000,65,140,246,0,4833086,40500,0,0,0,0,830500103,0,0,0,0,0,0,0,0,0
54,6,4,4000,121,262,462,0,7475172,98100,0,0,0,0,830500104,0,0,0,0,0,0,0,0,0
55,6,5,5000,194,419,739,0,10219233,192600,0,0,0,0,830500105,0,0,0,0,0,0,0,0,0
56,6,6,6000,283,612,1078,0,13047393,334800,0,0,0,0,830500106,0,0,0,0,0,0,0,0,0
57,6,7,7000,388,839,1479,0,15947463,532800,0,0,0,0,830500107,0,0,0,0,0,0,0,0,0
58,6,8,8000,509,1101,1941,0,18910549,795600,0,0,0,0,830500108,0,0,0,0,0,0,0,0,0
59,6,9,9000,646,1398,2465,0,21929854,1133100,0,0,0,0,830500109,0,0,0,0,0,0,0,0,0
60,6,10,10000,800,1730,3050,0,25000000,1555200,0,0,0,0,830500110,0,0,0,0,0,0,0,0,0
61,7,1,1000,0,0,0,0,0,0,0,600,18,0,0,0,0,0,0,0,0,0,0,0
62,7,2,2000,57,29,81,0,3250944,10800,0,540,22,0,0,0,0,0,0,0,0,0,0,0
63,7,3,3000,151,78,217,0,6766321,40500,0,480,27,0,0,0,0,0,0,0,0,0,0,0
64,7,4,4000,283,145,406,0,10465241,98100,0,420,34,0,0,0,0,0,0,0,0,0,0,0
65,7,5,5000,453,233,650,0,14306926,192600,0,360,43,0,0,0,0,0,0,0,0,0,0,0
66,7,6,6000,661,339,947,0,18266351,334800,0,300,56,0,0,0,0,0,0,0,0,0,0,0
67,7,7,7000,907,465,1299,0,22326448,532800,0,240,75,0,0,0,0,0,0,0,0,0,0,0
68,7,8,8000,1190,611,1705,0,26474768,795600,0,180,106,0,0,0,0,0,0,0,0,0,0,0
69,7,9,9000,1511,776,2166,0,30701795,1133100,0,120,170,0,0,0,0,0,0,0,0,0,0,0
70,7,10,10000,1870,960,2680,0,35000000,1555200,0,60,360,0,0,0,0,0,0,0,0,0,0,0
71,8,1,1000,0,0,0,0,0,0,0,0,0,0,830700101,0,0,0,0,0,0,0,0,0
72,8,2,2000,54,76,39,0,3715365,10800,0,0,0,0,830700102,0,0,0,0,0,0,0,0,0
73,8,3,3000,144,202,105,0,7732938,40500,0,0,0,0,830700103,0,0,0,0,0,0,0,0,0
74,8,4,4000,270,379,197,0,11960275,98100,0,0,0,0,830700104,0,0,0,0,0,0,0,0,0
75,8,5,5000,432,606,315,0,16350772,192600,0,0,0,0,830700105,0,0,0,0,0,0,0,0,0
76,8,6,6000,629,884,460,0,20875829,334800,0,0,0,0,830700106,0,0,0,0,0,0,0,0,0
77,8,7,7000,863,1212,630,0,25515941,532800,0,0,0,0,830700107,0,0,0,0,0,0,0,0,0
78,8,8,8000,1133,1591,827,0,30256878,795600,0,0,0,0,830700108,0,0,0,0,0,0,0,0,0
79,8,9,9000,1438,2020,1051,0,35087766,1133100,0,0,0,0,830700109,0,0,0,0,0,0,0,0,0
80,8,10,10000,1780,2500,1300,0,40000000,1555200,0,0,0,0,830700110,0,0,0,0,0,0,0,0,0
81,9,1,1000,0,0,0,0,0,0,0,0,0,0,830800101,830800201,0,0,0,0,0,0,0,0
82,9,2,2000,30,55,84,0,1393262,10800,0,0,0,0,830800102,830800202,0,0,0,0,0,0,0,0
83,9,3,3000,79,145,224,0,2899852,40500,0,0,0,0,830800103,830800203,0,0,0,0,0,0,0,0
84,9,4,4000,148,273,420,0,4485103,98100,0,0,0,0,830800104,830800204,0,0,0,0,0,0,0,0
85,9,5,5000,238,436,672,0,6131540,192600,0,0,0,0,830800105,830800205,0,0,0,0,0,0,0,0
86,9,6,6000,346,636,979,0,7828436,334800,0,0,0,0,830800106,830800206,0,0,0,0,0,0,0,0
87,9,7,7000,475,873,1343,0,9568478,532800,0,0,0,0,830800107,830800207,0,0,0,0,0,0,0,0
88,9,8,8000,624,1145,1763,0,11346329,795600,0,0,0,0,830800108,830800208,0,0,0,0,0,0,0,0
89,9,9,9000,792,1455,2238,0,13157912,1133100,0,0,0,0,830800109,830800209,0,0,0,0,0,0,0,0
90,9,10,10000,980,1800,2770,0,15000000,1555200,0,0,0,0,830800110,830800210,0,0,0,0,0,0,0,0
91,10,1,1000,0,0,0,0,0,0,0,0,0,0,830900101,830900201,0,0,0,0,0,0,0,0
92,10,2,2000,81,55,31,0,3250944,10800,0,0,0,0,830900102,830900202,0,0,0,0,0,0,0,0
93,10,3,3000,216,147,82,0,6766321,40500,0,0,0,0,830900103,830900203,0,0,0,0,0,0,0,0
94,10,4,4000,405,276,155,0,10465241,98100,0,0,0,0,830900104,830900204,0,0,0,0,0,0,0,0
95,10,5,5000,647,441,247,0,14306926,192600,0,0,0,0,830900105,830900205,0,0,0,0,0,0,0,0
96,10,6,6000,944,643,361,0,18266351,334800,0,0,0,0,830900106,830900206,0,0,0,0,0,0,0,0
97,10,7,7000,1295,882,495,0,22326448,532800,0,0,0,0,830900107,830900207,0,0,0,0,0,0,0,0
98,10,8,8000,1699,1158,649,0,26474768,795600,0,0,0,0,830900108,830900208,0,0,0,0,0,0,0,0
99,10,9,9000,2158,1471,824,0,30701795,1133100,0,0,0,0,830900109,830900209,0,0,0,0,0,0,0,0
100,10,10,10000,2670,1820,1020,0,35000000,1555200,0,0,0,0,830900110,830900210,0,0,0,0,0,0,0,0
101,11,1,1000,0,0,0,0,0,0,0,0,0,0,831000101,831000201,0,0,0,0,0,0,0,0
102,11,2,2000,38,64,17,153,2414987,10800,0,0,0,0,831000102,831000202,0,0,0,0,0,0,0,0
103,11,3,3000,100,171,44,407,5026410,40500,0,0,0,0,831000103,831000203,0,0,0,0,0,0,0,0
104,11,4,4000,188,320,83,764,7774179,98100,0,0,0,0,831000104,831000204,0,0,0,0,0,0,0,0
105,11,5,5000,301,512,133,1222,10628002,192600,0,0,0,0,831000105,831000205,0,0,0,0,0,0,0,0
106,11,6,6000,438,746,194,1782,13569289,334800,0,0,0,0,831000106,831000206,0,0,0,0,0,0,0,0
107,11,7,7000,601,1023,267,2444,16585361,532800,0,0,0,0,831000107,831000207,0,0,0,0,0,0,0,0
108,11,8,8000,789,1343,350,3207,19666971,795600,0,0,0,0,831000108,831000208,0,0,0,0,0,0,0,0
109,11,9,9000,1002,1705,444,4073,22807048,1133100,0,0,0,0,831000109,831000209,0,0,0,0,0,0,0,0
110,11,10,10000,1240,2110,550,5040,26000000,1555200,0,0,0,0,831000110,831000210,0,0,0,0,0,0,0,0
