id,weight,resource_id,unlock_guild_obelisk_lv
101,5,1,1
102,5,1,1
103,5,1,1
104,5,1,1
105,5,1,1
106,5,1,1
107,5,1,1
108,5,1,2
109,17,1,2
110,17,1,3
111,17,1,3
112,17,1,4
113,17,1,4
114,17,1,5
115,17,1,5
116,10,1,6
117,10,1,6
118,10,1,6
119,10,1,6
120,10,1,6
121,10,1,6
122,10,1,6
123,10,1,6
124,10,1,6
125,10,1,6
126,10,1,6
127,10,1,6
128,10,1,6
129,10,1,6
130,10,1,6
131,10,1,6
132,10,1,6
133,10,1,6
134,10,1,6
135,10,1,6
136,10,1,6
137,10,1,6
138,10,1,6
139,10,1,6
140,10,1,6
141,10,1,6
201,75,2,1
202,75,2,1
203,75,2,1
301,75,3,1
401,75,4,1
402,75,4,1
