contents_id,monster_id,score
520,10011101,35
520,10011102,100
520,10051269,1997
520,10051270,5972
520,10051271,13764
520,10061101,200
520,10111321,1997
520,10111322,5972
520,10111323,13764
520,10121213,5180
520,10121214,15491
520,10121253,2918
520,10121254,35700
520,10141307,50
520,10141308,116
520,10141309,202
520,10151234,91
520,10151235,381
520,10151236,952
520,10151371,125
520,10151372,919
520,10151373,1792
520,10161263,125
520,10161264,919
520,10161265,1792
520,10171244,2918
520,10171245,5180
520,10171246,15491
520,10171247,35700
520,10201207,250
520,10201211,934
520,10201221,2469
520,10201309,840
520,10201310,1704
520,10201312,50
520,10201313,116
520,10201314,202
520,10201345,1650
520,10201346,1950
520,10201384,125
520,10201385,919
520,10201386,1929
520,10211150,2150
520,10211151,2450
520,10211211,1447
520,10211212,1704
520,10211229,1650
520,10211230,1950
520,10211269,2150
520,10211270,2450
520,10211319,1650
520,10211320,1950
520,10211347,2150
520,10211348,2450
520,10211373,2150
520,10211374,2450
520,10291202,91
520,10291203,381
520,10291204,952
520,10301380,125
520,10301381,919
520,10301382,1929
520,10311118,1650
520,10311119,1950
520,10311208,3753
520,10311209,4420
520,10311270,2150
520,10311271,2450
520,10311294,2150
520,10311295,2450
520,10311297,2150
520,10311298,2450
520,10311322,2150
520,10311323,2450
520,10311332,2150
520,10311333,2450
520,10321196,125
520,10321197,919
520,10321198,1929
520,10321234,125
520,10321235,525
520,10321236,1240
520,13505141,7988
520,13505142,23890
520,13505143,55057
520,13505145,3994
520,13505146,11945
520,13505147,27528
520,13510131,5836
520,13510132,10359
520,13510133,30982
520,13510134,71400
520,13510135,4850
520,13510136,13500
520,13510137,31500
520,13510138,65000
520,15021301,4260
520,15021302,11587
520,15021303,25049
520,15021304,4260
520,15021305,11587
520,15021306,25049
520,15021307,4850
520,15021308,13500
520,15021309,31500
520,15021310,125000
520,15031115,4850
520,15031116,13500
520,15031117,31500
520,15031118,125000
520,15031204,840
520,15031205,1704
520,15031317,6250
520,15031318,13500
520,15031319,31500
520,15031320,125000
520,15031512,6250
520,15031513,13500
520,15031514,31500
520,15031515,125000
520,15041303,1447
520,15041304,1704
520,15041316,6250
520,15041317,13500
520,15041318,31500
520,15041319,125000
520,15041801,6250
520,15041802,13500
520,15041803,31500
520,15041804,125000
520,15041805,6250
520,15041806,13500
520,15041807,31500
520,15041808,125000
520,15041809,6250
520,15041810,13500
520,15041811,31500
520,15041812,125000
520,15051401,6250
520,15051402,13500
520,15051403,31500
520,15051404,125000
520,15051411,6250
520,15051412,13500
520,15051413,31500
520,15051414,125000
520,15091507,4850
520,15091508,13500
520,15091509,31500
520,15091510,125000
520,15101214,6250
520,15101215,13500
520,15101216,31500
520,15101217,125000
520,15101221,6250
520,15101222,13500
520,15101223,31500
520,15101224,125000
520,20121209,125
520,20121210,919
520,20121211,1929
520,20141136,125
520,20141137,919
520,20141138,1929
520,20141311,125
520,20141312,919
520,20141313,1929
520,20141359,125
520,20141360,919
520,20141361,1929
520,20151377,125
520,20151378,919
520,20151379,1929
520,20161199,125
520,20161221,125
520,20161222,919
520,20161223,1929
520,20191339,125
520,20191340,919
520,20191341,1929
520,20291219,2150
520,20291220,2450
520,30161101,919
520,30161102,1929
