id,lv,gvg_building_category,building_type,text_name,resource_id,defense_wave_id,heal_speed,neutral_mob_wave_id,gvg_occupation_visiblitily_bonus_id,invi_time,reset_time,require_stone,require_mineral,require_wood,require_a,require_b,require_c,return_stone,return_mineral,return_wood,return_a,return_b,return_c,production_resource_type,production_resource_speed
11,0,51,1,71051,0,10601,36,20600,1,90,240,0,0,0,0,0,0,0,0,0,0,0,0,0,0
11,1,51,1,71051,0,10601,36,20600,1,90,240,0,0,0,0,0,0,0,0,0,0,0,0,0,0
11,2,51,1,71051,0,10602,32.2,20600,1,93,240,0,0,0,0,0,0,0,0,0,0,0,0,0,0
11,3,51,1,71051,0,10603,29,20600,1,96,240,0,0,0,0,0,0,0,0,0,0,0,0,0,0
11,4,51,1,71051,0,10604,26.1,20600,1,100,240,0,0,0,0,0,0,0,0,0,0,0,0,0,0
11,5,51,1,71051,0,10605,23.5,20600,1,103,240,0,0,0,0,0,0,0,0,0,0,0,0,0,0
11,6,51,1,71051,0,10606,21,20600,1,106,240,0,0,0,0,0,0,0,0,0,0,0,0,0,0
11,7,51,1,71051,0,10607,18.6,20600,1,110,240,0,0,0,0,0,0,0,0,0,0,0,0,0,0
11,8,51,1,71051,0,10608,16.3,20600,1,113,240,0,0,0,0,0,0,0,0,0,0,0,0,0,0
11,9,51,1,71051,0,10609,14.1,20600,1,116,240,0,0,0,0,0,0,0,0,0,0,0,0,0,0
11,10,51,1,71051,0,10610,12,20600,1,120,240,0,0,0,0,0,0,0,0,0,0,0,0,0,0
21,0,52,1,71052,0,10701,36,20700,1,90,0,0,0,0,0,0,0,0,0,0,0,0,0,3,3.5
21,1,52,1,71052,0,10701,36,20700,1,90,0,0,0,0,0,0,0,0,0,0,0,0,0,3,4
21,2,52,1,71052,0,10702,32.2,20700,1,92,0,0,0,0,0,0,0,0,0,0,0,0,0,3,4
21,3,52,1,71052,0,10703,29,20700,1,94,0,0,0,0,0,0,0,0,0,0,0,0,0,3,4
21,4,52,1,71052,0,10704,26.1,20700,1,96,0,0,0,0,0,0,0,0,0,0,0,0,0,3,5
21,5,52,1,71052,0,10705,23.5,20700,1,98,0,0,0,0,0,0,0,0,0,0,0,0,0,3,5
21,6,52,1,71052,0,10706,21,20700,1,100,0,0,0,0,0,0,0,0,0,0,0,0,0,3,5
21,7,52,1,71052,0,10707,18.6,20700,1,102,0,0,0,0,0,0,0,0,0,0,0,0,0,3,6
21,8,52,1,71052,0,10708,16.3,20700,1,104,0,0,0,0,0,0,0,0,0,0,0,0,0,3,6
21,9,52,1,71052,0,10709,14.1,20700,1,106,0,0,0,0,0,0,0,0,0,0,0,0,0,3,6
21,10,52,1,71052,0,10710,12,20700,1,120,0,0,0,0,0,0,0,0,0,0,0,0,0,3,7
31,0,53,1,71053,0,10801,36,20800,1,90,0,0,0,0,0,0,0,0,0,0,0,0,0,1,3.5
31,1,53,1,71053,0,10801,36,20800,1,90,0,0,0,0,0,0,0,0,0,0,0,0,0,1,4
31,2,53,1,71053,0,10802,32.2,20800,1,92,0,0,0,0,0,0,0,0,0,0,0,0,0,1,4
31,3,53,1,71053,0,10803,29,20800,1,94,0,0,0,0,0,0,0,0,0,0,0,0,0,1,4
31,4,53,1,71053,0,10804,26.1,20800,1,96,0,0,0,0,0,0,0,0,0,0,0,0,0,1,5
31,5,53,1,71053,0,10805,23.5,20800,1,98,0,0,0,0,0,0,0,0,0,0,0,0,0,1,5
31,6,53,1,71053,0,10806,21,20800,1,100,0,0,0,0,0,0,0,0,0,0,0,0,0,1,5
31,7,53,1,71053,0,10807,18.6,20800,1,102,0,0,0,0,0,0,0,0,0,0,0,0,0,1,6
31,8,53,1,71053,0,10808,16.3,20800,1,104,0,0,0,0,0,0,0,0,0,0,0,0,0,1,6
31,9,53,1,71053,0,10809,14.1,20800,1,106,0,0,0,0,0,0,0,0,0,0,0,0,0,1,6
31,10,53,1,71053,0,10810,12,20800,1,120,0,0,0,0,0,0,0,0,0,0,0,0,0,1,7
41,0,54,1,71054,0,10901,36,20900,1,90,0,0,0,0,0,0,0,0,0,0,0,0,0,2,3.5
41,1,54,1,71054,0,10901,36,20900,1,90,0,0,0,0,0,0,0,0,0,0,0,0,0,2,4
41,2,54,1,71054,0,10902,32.2,20900,1,92,0,0,0,0,0,0,0,0,0,0,0,0,0,2,4
41,3,54,1,71054,0,10903,29,20900,1,94,0,0,0,0,0,0,0,0,0,0,0,0,0,2,4
41,4,54,1,71054,0,10904,26.1,20900,1,96,0,0,0,0,0,0,0,0,0,0,0,0,0,2,5
41,5,54,1,71054,0,10905,23.5,20900,1,98,0,0,0,0,0,0,0,0,0,0,0,0,0,2,5
41,6,54,1,71054,0,10906,21,20900,1,100,0,0,0,0,0,0,0,0,0,0,0,0,0,2,5
41,7,54,1,71054,0,10907,18.6,20900,1,102,0,0,0,0,0,0,0,0,0,0,0,0,0,2,6
41,8,54,1,71054,0,10908,16.3,20900,1,104,0,0,0,0,0,0,0,0,0,0,0,0,0,2,6
41,9,54,1,71054,0,10909,14.1,20900,1,106,0,0,0,0,0,0,0,0,0,0,0,0,0,2,6
41,10,54,1,71054,0,10910,12,20900,1,120,0,0,0,0,0,0,0,0,0,0,0,0,0,2,7
52,0,55,2,71055,0,10201,36,0,1,10,0,0,575,600,225,0,0,0,172,180,67,0,0,0,0
52,1,55,2,71055,0,10201,36,0,1,10,0,0,575,600,225,0,0,0,172,180,67,0,0,0,0
52,2,55,2,71055,0,10202,32.2,0,1,12,0,0,575,600,225,0,0,0,172,180,67,0,0,0,0
52,3,55,2,71055,0,10203,29,0,1,14,0,0,575,600,225,0,0,0,172,180,67,0,0,0,0
52,4,55,2,71055,0,10204,26.1,0,1,16,0,0,575,600,225,0,0,0,172,180,67,0,0,0,0
52,5,55,2,71055,0,10205,23.5,0,1,18,0,0,575,600,225,0,0,0,172,180,67,0,0,0,0
52,6,55,2,71055,0,10206,21,0,1,21,0,0,575,600,225,0,0,0,172,180,67,0,0,0,0
52,7,55,2,71055,0,10207,18.6,0,1,23,0,0,575,600,225,0,0,0,172,180,67,0,0,0,0
52,8,55,2,71055,0,10208,16.3,0,1,25,0,0,575,600,225,0,0,0,172,180,67,0,0,0,0
52,9,55,2,71055,0,10209,14.1,0,1,27,0,0,575,600,225,0,0,0,172,180,67,0,0,0,0
52,10,55,2,71055,0,10210,12,0,1,30,0,0,575,600,225,0,0,0,172,180,67,0,0,0,0
62,0,56,2,71056,0,10301,36,0,1,30,0,1875,1500,0,0,700,0,562,450,0,0,210,0,0,0
62,1,56,2,71056,0,10301,36,0,1,30,0,1875,1500,0,0,700,0,562,450,0,0,210,0,0,0
62,2,56,2,71056,0,10302,32.2,0,1,33,0,1875,1500,0,0,700,0,562,450,0,0,210,0,0,0
62,3,56,2,71056,0,10303,29,0,1,36,0,1875,1500,0,0,700,0,562,450,0,0,210,0,0,0
62,4,56,2,71056,0,10304,26.1,0,1,40,0,1875,1500,0,0,700,0,562,450,0,0,210,0,0,0
62,5,56,2,71056,0,10305,23.5,0,1,43,0,1875,1500,0,0,700,0,562,450,0,0,210,0,0,0
62,6,56,2,71056,0,10306,21,0,1,46,0,1875,1500,0,0,700,0,562,450,0,0,210,0,0,0
62,7,56,2,71056,0,10307,18.6,0,1,50,0,1875,1500,0,0,700,0,562,450,0,0,210,0,0,0
62,8,56,2,71056,0,10308,16.3,0,1,53,0,1875,1500,0,0,700,0,562,450,0,0,210,0,0,0
62,9,56,2,71056,0,10309,14.1,0,1,56,0,1875,1500,0,0,700,0,562,450,0,0,210,0,0,0
62,10,56,2,71056,0,10310,12,0,1,60,0,1875,1500,0,0,700,0,562,450,0,0,210,0,0,0
72,0,57,2,71057,0,10401,36,0,2,60,0,0,0,250,0,0,125,0,0,75,0,0,37,0,0
72,1,57,2,71057,0,10401,36,0,2,60,0,0,0,250,0,0,125,0,0,75,0,0,37,0,0
72,2,57,2,71057,0,10402,32.2,0,2,66,0,0,0,250,0,0,125,0,0,75,0,0,37,0,0
72,3,57,2,71057,0,10403,29,0,2,73,0,0,0,250,0,0,125,0,0,75,0,0,37,0,0
72,4,57,2,71057,0,10404,26.1,0,2,80,0,0,0,250,0,0,125,0,0,75,0,0,37,0,0
72,5,57,2,71057,0,10405,23.5,0,2,86,0,0,0,250,0,0,125,0,0,75,0,0,37,0,0
72,6,57,2,71057,0,10406,21,0,2,93,0,0,0,250,0,0,125,0,0,75,0,0,37,0,0
72,7,57,2,71057,0,10407,18.6,0,2,100,0,0,0,250,0,0,125,0,0,75,0,0,37,0,0
72,8,57,2,71057,0,10408,16.3,0,2,106,0,0,0,250,0,0,125,0,0,75,0,0,37,0,0
72,9,57,2,71057,0,10409,14.1,0,2,113,0,0,0,250,0,0,125,0,0,75,0,0,37,0,0
72,10,57,2,71057,0,10410,12,0,2,120,0,0,0,250,0,0,125,0,0,75,0,0,37,0,0
82,0,58,2,71058,0,10501,36,0,1,65,0,0,0,0,550,475,500,0,0,0,165,142,150,0,0
82,1,58,2,71058,0,10501,36,0,1,65,0,0,0,0,550,475,500,0,0,0,165,142,150,0,0
82,2,58,2,71058,0,10502,32.2,0,1,65,0,0,0,0,550,475,500,0,0,0,165,142,150,0,0
82,3,58,2,71058,0,10503,29,0,1,65,0,0,0,0,550,475,500,0,0,0,165,142,150,0,0
82,4,58,2,71058,0,10504,26.1,0,1,65,0,0,0,0,550,475,500,0,0,0,165,142,150,0,0
82,5,58,2,71058,0,10505,23.5,0,1,65,0,0,0,0,550,475,500,0,0,0,165,142,150,0,0
82,6,58,2,71058,0,10506,21,0,1,65,0,0,0,0,550,475,500,0,0,0,165,142,150,0,0
82,7,58,2,71058,0,10507,18.6,0,1,65,0,0,0,0,550,475,500,0,0,0,165,142,150,0,0
82,8,58,2,71058,0,10508,16.3,0,1,65,0,0,0,0,550,475,500,0,0,0,165,142,150,0,0
82,9,58,2,71058,0,10509,14.1,0,1,65,0,0,0,0,550,475,500,0,0,0,165,142,150,0,0
82,10,58,2,71058,0,10510,12,0,1,65,0,0,0,0,550,475,500,0,0,0,165,142,150,0,0
93,0,40,3,71040,0,10101,36,0,1,90,0,0,0,0,0,0,0,0,0,0,0,0,0,0,0
93,1,40,3,71040,0,10101,36,0,1,90,0,0,0,0,0,0,0,0,0,0,0,0,0,0,0
93,2,40,3,71040,0,10102,32.2,0,1,93,0,0,0,0,0,0,0,0,0,0,0,0,0,0,0
93,3,40,3,71040,0,10103,29,0,1,96,0,0,0,0,0,0,0,0,0,0,0,0,0,0,0
93,4,40,3,71040,0,10104,26.1,0,1,100,0,0,0,0,0,0,0,0,0,0,0,0,0,0,0
93,5,40,3,71040,0,10105,23.5,0,1,103,0,0,0,0,0,0,0,0,0,0,0,0,0,0,0
93,6,40,3,71040,0,10106,21,0,1,106,0,0,0,0,0,0,0,0,0,0,0,0,0,0,0
93,7,40,3,71040,0,10107,18.6,0,1,110,0,0,0,0,0,0,0,0,0,0,0,0,0,0,0
93,8,40,3,71040,0,10108,16.3,0,1,113,0,0,0,0,0,0,0,0,0,0,0,0,0,0,0
93,9,40,3,71040,0,10109,14.1,0,1,116,0,0,0,0,0,0,0,0,0,0,0,0,0,0,0
93,10,40,3,71040,0,10110,12,0,1,120,0,0,0,0,0,0,0,0,0,0,0,0,0,0,0
