gvg_id,count,time,require_red_orb,ticket_item_id,require_ticket
1,1,15,20,50016,1
1,2,15,25,50016,1
1,3,15,30,50016,1
1,4,15,40,50016,1
1,5,15,45,50016,1
1,6,15,50,50016,2
1,7,15,50,50016,2
1,8,15,55,50016,2
1,9,15,60,50016,2
1,10,15,65,50016,2
1,11,15,70,50016,3
1,12,15,70,50016,3
1,13,15,75,50016,3
1,14,15,80,50016,3
1,15,15,85,50016,3
1,16,15,85,50016,4
1,17,15,90,50016,4
1,18,15,95,50016,4
1,19,15,95,50016,4
1,20,15,100,50016,5
2,1,15,20,50016,1
2,2,15,25,50016,1
2,3,15,30,50016,1
2,4,15,40,50016,1
2,5,15,45,50016,1
2,6,15,50,50016,2
2,7,15,50,50016,2
2,8,15,55,50016,2
2,9,15,60,50016,2
2,10,15,65,50016,2
2,11,15,70,50016,3
2,12,15,70,50016,3
2,13,15,75,50016,3
2,14,15,80,50016,3
2,15,15,85,50016,3
2,16,15,85,50016,4
2,17,15,90,50016,4
2,18,15,95,50016,4
2,19,15,95,50016,4
2,20,15,100,50016,5
