id,next_important_mission_group_id,text_description,reward_group_id,introduce_character_resource_id,equipment_id,voice_num,open_date
1000001,1000002,20800001,3002001,891600001,1017010,0108,2021-10-20T00:00:00
1000002,1000003,20800001,3002002,891600001,1017010,8050,2021-10-20T00:00:00
1000003,1000004,20800001,3002003,891600001,1017010,0020,2021-10-20T00:00:00
1000004,1000005,20800004,3002004,891600001,1017010,8050,2021-10-20T00:00:00
1000005,1000006,20800005,3002005,891600001,1017010,0108,2021-10-20T00:00:00
1000006,1000007,20800006,3002006,891600001,1017010,0020,2021-10-20T00:00:00
1000007,1000008,20800007,3002007,891600001,1017010,0108,2021-10-20T00:00:00
1000008,1000009,20800008,3002008,891600001,1017010,8050,2021-10-20T00:00:00
1000009,1000010,20800009,3002009,891600001,1017010,0020,2021-10-20T00:00:00
1000010,1000011,20800020,3002010,891600001,1017010,8050,2021-10-20T00:00:00
1000011,1000012,20800010,3002011,891600001,1017010,0108,2021-10-20T00:00:00
1000012,1000013,20800011,3002012,891600001,1017010,0020,2021-10-20T00:00:00
1000013,1000014,20800012,3002013,891600001,1017010,0108,2021-10-20T00:00:00
1000014,1000015,20800013,3002014,891600001,1017010,8050,2021-10-20T00:00:00
1000015,1000016,20800014,3002015,891600001,1017010,0020,2021-10-20T00:00:00
1000016,1000017,20800015,3002016,891600001,1017010,8050,2021-10-20T00:00:00
1000017,1000018,20800016,3002017,891600001,1017010,0108,2021-10-20T00:00:00
1000018,1000019,20800017,3002018,891600001,1017010,0020,2021-10-20T00:00:00
1000019,1000020,20800018,3002019,891600001,1017010,0108,2021-10-20T00:00:00
1000020,1000021,20800041,3002020,891600001,1017010,8050,2021-10-20T00:00:00
1000021,1000022,20800020,3002021,891600001,1017010,0020,2021-10-20T00:00:00
1000022,1000023,20800020,3002022,891600001,1017010,8050,2021-10-20T00:00:00
1000023,1000024,20800021,3002023,891600001,1017010,0108,2021-10-20T00:00:00
1000024,1000025,20800020,3002024,891600001,1017010,0020,2021-10-20T00:00:00
1000025,1000026,20800022,3002025,891600001,1017010,0108,2021-10-20T00:00:00
1000026,1000027,20800023,3002026,891600001,1017010,8050,2021-10-20T00:00:00
1000027,1000028,20800020,3002027,891600001,1017010,0020,2021-10-20T00:00:00
1000028,1000029,20800024,3002028,891600001,1017010,8050,2021-10-20T00:00:00
1000029,1000030,20800025,3002029,891600001,1017010,0108,2021-10-20T00:00:00
1000030,1000031,20800026,3002030,891600001,1017010,0020,2021-10-20T00:00:00
1000031,1000032,20800019,3002031,891600001,1017010,0108,2021-10-20T00:00:00
1000032,1000033,20800027,3002032,891600001,1017010,8050,2021-10-20T00:00:00
1000033,1000034,20800028,3002033,891600001,1017010,0020,2021-10-20T00:00:00
1000034,1000035,20800029,3002034,891600001,1017010,8050,2021-10-20T00:00:00
1000035,1000036,20800030,3002035,891600001,1017010,0108,2021-10-20T00:00:00
1000036,1000037,20800031,3002036,891600001,1017010,0020,2021-10-20T00:00:00
1000037,1000038,20800020,3002037,891600001,1017010,0108,2021-10-20T00:00:00
1000038,1000039,20800042,3002038,891600001,1017010,8050,2021-10-20T00:00:00
1000039,1000040,20800033,3002039,891600001,1017010,0020,2021-10-20T00:00:00
1000040,1000041,20800020,3002040,891600001,1017010,8050,2021-10-20T00:00:00
1000041,1000042,20800020,3002041,891600001,1017010,0108,2021-10-20T00:00:00
1000042,1000043,20800034,3002042,891600001,1017010,0020,2021-10-20T00:00:00
1000043,1000044,20800020,3002043,891600001,1017010,0108,2021-10-20T00:00:00
1000044,1000045,20800032,3002044,891600001,1017010,8050,2021-10-20T00:00:00
1000045,1000046,20800037,3002045,891600001,1017010,0020,2021-10-20T00:00:00
1000046,1000047,20800020,3002046,891600001,1017010,8050,2021-10-20T00:00:00
1000047,1000048,20800020,3002047,891600001,1017010,0108,2021-10-20T00:00:00
1000048,1000049,20800038,3002048,891600001,1017010,0020,2021-10-20T00:00:00
1000049,1000050,20800020,3002049,891600001,1017010,0108,2021-10-20T00:00:00
1000050,1000051,20800020,3002050,891600001,1017010,8050,2021-10-20T00:00:00
1000051,1000052,20800020,3002051,891600001,1017010,0020,2021-10-20T00:00:00
1000052,1000053,20800020,3002052,891600001,1017010,8050,2021-10-20T00:00:00
1000053,1000054,20800039,3002053,891600001,1017010,0108,2021-10-20T00:00:00
1000054,1000055,20800020,3002054,891600001,1017010,0020,2021-10-20T00:00:00
1000055,1000056,20800020,3002055,891600001,1017010,0108,2021-10-20T00:00:00
1000056,1000057,20800020,3002056,891600001,1017010,8050,2021-10-20T00:00:00
1000057,1000058,20800043,3002057,891600001,1017010,0020,2022-04-08T10:35:00
1000058,1000059,20800020,3002058,891600001,1017010,0108,2022-04-08T10:35:00
1000059,1000060,20800044,3002059,891600001,1017010,8050,2022-04-08T10:35:00
1000060,1000061,20800020,3002060,891600001,1017010,0020,2022-04-08T10:35:00
1000061,1000062,20800044,3002061,891600001,1017010,0108,2022-04-08T10:35:00
1000062,1000063,20800045,3002062,891600001,1017010,8050,2022-04-08T10:35:00
1000063,1000064,20800046,3002063,891600001,1017010,0020,2022-04-08T10:35:00
1000064,1000065,20800020,3002064,891600001,1017010,0108,2022-04-08T10:35:00
1000065,1000066,20800044,3002065,891600001,1017010,8050,2022-04-08T10:35:00
1000066,1000067,20800047,3002066,891600001,1017010,0020,2022-04-08T10:35:00
1000067,1000068,20800046,3002067,891600001,1017010,0108,2022-04-08T10:35:00
1000068,1000069,20800020,3002068,891600001,1017010,8050,2022-04-08T10:35:00
1000069,1000070,20800044,3002069,891600001,1017010,8050,2022-07-22T10:35:00
1000070,1000071,20800049,3002070,891600001,1017010,8050,2022-07-22T10:35:00
1000071,1000072,20800046,3002071,891600001,1017010,108,2022-07-22T10:35:00
1000072,1000073,20800020,3002072,891600001,1017010,20,2022-07-22T10:35:00
1000073,1000074,20800044,3002073,891600001,1017010,108,2022-07-22T10:35:00
1000074,1000075,20800053,3002074,891600001,1017010,8050,2022-07-22T10:35:00
1000075,1000076,20800044,3002075,891600001,1017010,20,2022-07-22T10:35:00
1000076,1000077,20800020,3002076,891600001,1017010,8050,2022-07-22T10:35:00
1000077,1000078,20800044,3002077,891600001,1017010,108,2022-07-22T10:35:00
1000078,1000079,20800057,3002078,891600001,1017010,20,2022-07-22T10:35:00
1000079,1000080,20800044,3002079,891600001,1017010,108,2022-07-22T10:35:00
1000080,1000081,20800020,3002080,891600001,1017010,8050,2022-07-22T10:35:00
1000081,1000082,20800044,3002081,891600001,1017010,20,2022-12-23T10:35:00
1000082,1000083,20800060,3002082,891600001,1017010,108,2022-12-23T10:35:00
1000083,1000084,20800044,3002083,891600001,1017010,8050,2022-12-23T10:35:00
1000084,1000085,20800020,3002084,891600001,1017010,20,2022-12-23T10:35:00
1000085,1000086,20800044,3002085,891600001,1017010,108,2022-12-23T10:35:00
1000086,1000087,20800061,3002086,891600001,1017010,8050,2022-12-23T10:35:00
1000087,1000088,20800044,3002087,891600001,1017010,20,2022-12-23T10:35:00
1000088,1000089,20800020,3002088,891600001,1017010,108,2022-12-23T10:35:00
1000089,1000090,20800044,3002089,891600001,1017010,8050,2022-12-23T10:35:00
1000090,1000091,20800062,3002090,891600001,1017010,20,2022-12-23T10:35:00
1000091,1000092,20800044,3002091,891600001,1017010,108,2022-12-23T10:35:00
1000092,1000093,20800020,3002092,891600001,1017010,8050,2022-12-23T10:35:00
1000093,1000094,20800044,3002093,891600001,1017010,20,2023-03-24T10:35:00
1000094,1000095,20800063,3002094,891600001,1017010,108,2023-03-24T10:35:00
1000095,1000096,20800044,3002095,891600001,1017010,8050,2023-03-24T10:35:00
1000096,1000097,20800020,3002096,891600001,1017010,20,2023-03-24T10:35:00
1000097,1000098,20800044,3002097,891600001,1017010,108,2023-03-24T10:35:00
1000098,1000099,20800064,3002098,891600001,1017010,8050,2023-03-24T10:35:00
1000099,1000100,20800044,3002099,891600001,1017010,20,2023-03-24T10:35:00
1000100,1000101,20800020,3002100,891600001,1017010,0108,2023-03-24T10:35:00
1000101,1000102,20800044,3002101,891600001,1017010,8050,2023-03-24T10:35:00
1000102,1000103,20800065,3002102,891600001,1017010,0020,2023-03-24T10:35:00
1000103,1000104,20800044,3002103,891600001,1017010,0108,2023-03-24T10:35:00
1000104,1000105,20800020,3002104,891600001,1017010,8050,2023-03-24T10:35:00
1000105,1000106,20800044,3002105,891600001,1017010,0108,2023-07-07T10:35:00
1000106,1000107,20800020,3002106,891600001,1017010,8050,2023-07-07T10:35:00
1000107,1000108,20800066,3002107,891600001,1017010,0020,2023-07-07T10:35:00
1000108,1000109,20800020,3002108,891600001,1017010,8050,2023-07-07T10:35:00
1000109,1000110,20800044,3002109,891600001,1017010,0108,2023-07-07T10:35:00
1000110,1000111,20800067,3002110,891600001,1017010,0020,2023-07-07T10:35:00
1000111,1000112,20800044,3002111,891600001,1017010,0108,2023-07-07T10:35:00
1000112,1000113,20800020,3002112,891600001,1017010,8050,2023-07-07T10:35:00
1000113,1000114,20800044,3002113,891600001,1017010,0108,2023-07-07T10:35:00
1000114,1000115,20800020,3002114,891600001,1017010,8050,2023-07-07T10:35:00
1000115,1000116,20800044,3002115,891600001,1017010,0108,2023-07-07T10:35:00
1000116,1000117,20800020,3002116,891600001,1017010,8050,2023-07-07T10:35:00
1000117,1000118,20800044,3002117,891600001,1017010,0108,2023-10-06T10:35:00
1000118,1000119,20800020,3002118,891600001,1017010,8050,2023-10-06T10:35:00
1000119,1000120,20800068,3002119,891600001,1017010,0020,2023-10-06T10:35:00
1000120,1000121,20800020,3002120,891600001,1017010,8050,2023-10-06T10:35:00
1000121,1000122,20800044,3002121,891600001,1017010,0108,2023-10-06T10:35:00
1000122,1000123,20800069,3002122,891600001,1017010,0020,2023-10-06T10:35:00
1000123,1000124,20800044,3002123,891600001,1017010,0108,2023-10-06T10:35:00
1000124,1000125,20800020,3002124,891600001,1017010,8050,2023-10-06T10:35:00
1000125,1000126,20800044,3002125,891600001,1017010,0108,2023-10-06T10:35:00
1000126,1000127,20800020,3002126,891600001,1017010,8050,2023-10-06T10:35:00
1000127,1000128,20800070,3002127,891600001,1017010,0108,2023-10-06T10:35:00
1000128,1000129,20800020,3002128,891600001,1017010,8050,2023-10-06T10:35:00
1000129,1000130,20800044,3002117,891600001,1017010,0108,2024-01-12T10:35:00
1000130,1000131,20800020,3002118,891600001,1017010,8050,2024-01-12T10:35:00
1000131,1000132,20800071,3002119,891600001,1017010,0020,2024-01-12T10:35:00
1000132,1000133,20800020,3002120,891600001,1017010,8050,2024-01-12T10:35:00
1000133,1000134,20800044,3002121,891600001,1017010,0108,2024-01-12T10:35:00
1000134,1000135,20800072,3002129,891600001,1017010,0020,2024-01-12T10:35:00
1000135,1000136,20800044,3002123,891600001,1017010,0108,2024-01-12T10:35:00
1000136,1000137,20800020,3002124,891600001,1017010,8050,2024-01-12T10:35:00
1000137,1000138,20800044,3002125,891600001,1017010,0108,2024-01-12T10:35:00
1000138,1000139,20800020,3002126,891600001,1017010,8050,2024-01-12T10:35:00
1000139,1000140,20800073,3002127,891600001,1017010,0108,2024-01-12T10:35:00
1000140,1000141,20800020,3002130,891600001,1017010,8050,2024-01-12T10:35:00
1000141,1000142,20800044,3002131,891600001,1017010,0108,2024-04-12T10:35:00
1000142,1000143,20800020,3002132,891600001,1017010,8050,2024-04-12T10:35:00
1000143,1000144,20800074,3002133,891600001,1017010,0020,2024-04-12T10:35:00
1000144,1000145,20800020,3002134,891600001,1017010,8050,2024-04-12T10:35:00
1000145,1000146,20800044,3002135,891600001,1017010,0108,2024-04-12T10:35:00
1000146,1000147,20800075,3002136,891600001,1017010,0020,2024-04-12T10:35:00
1000147,1000148,20800044,3002137,891600001,1017010,0108,2024-04-12T10:35:00
1000148,1000149,20800020,3002138,891600001,1017010,8050,2024-04-12T10:35:00
1000149,1000150,20800044,3002139,891600001,1017010,0108,2024-04-12T10:35:00
1000150,1000151,20800020,3002140,891600001,1017010,8050,2024-04-12T10:35:00
1000151,1000152,20800076,3002141,891600001,1017010,0108,2024-04-12T10:35:00
1000152,1000153,20800020,3002142,891600001,1017010,8050,2024-04-12T10:35:00
1000153,1000154,20800044,3002131,891600001,1017010,0108,2024-07-12T10:35:00
1000154,1000155,20800020,3002132,891600001,1017010,8050,2024-07-12T10:35:00
1000155,1000156,20800077,3002133,891600001,1017010,0020,2024-07-12T10:35:00
1000156,1000157,20800020,3002134,891600001,1017010,8050,2024-07-12T10:35:00
1000157,1000158,20800044,3002135,891600001,1017010,0108,2024-07-12T10:35:00
1000158,1000159,20800078,3002143,891600001,1017010,0020,2024-07-12T10:35:00
1000159,1000160,20800044,3002137,891600001,1017010,0108,2024-07-12T10:35:00
1000160,1000161,20800020,3002138,891600001,1017010,8050,2024-07-12T10:35:00
1000161,1000162,20800044,3002139,891600001,1017010,0108,2024-07-12T10:35:00
1000162,1000163,20800020,3002140,891600001,1017010,8050,2024-07-12T10:35:00
1000163,1000164,20800079,3002141,891600001,1017010,0108,2024-07-12T10:35:00
1000164,1000165,20800020,3002144,891600001,1017010,8050,2024-07-12T10:35:00
1000165,1000166,20800044,3002131,891600001,1017010,0108,2024-11-07T10:35:00
1000166,1000167,20800020,3002132,891600001,1017010,8050,2024-11-07T10:35:00
1000167,1000168,20800080,3002133,891600001,1017010,0020,2024-11-07T10:35:00
1000168,1000169,20800020,3002134,891600001,1017010,8050,2024-11-07T10:35:00
1000169,1000170,20800044,3002135,891600001,1017010,0108,2024-11-07T10:35:00
1000170,1000171,20800081,3002145,891600001,1017010,0020,2024-11-07T10:35:00
1000171,1000172,20800044,3002137,891600001,1017010,0108,2024-11-07T10:35:00
1000172,1000173,20800020,3002138,891600001,1017010,8050,2024-11-07T10:35:00
1000173,1000174,20800044,3002139,891600001,1017010,0108,2024-11-07T10:35:00
1000174,1000175,20800020,3002140,891600001,1017010,8050,2024-11-07T10:35:00
1000175,1000176,20800082,3002141,891600001,1017010,0108,2024-11-07T10:35:00
1000176,1000177,20800020,3002146,891600001,1017010,8050,2024-11-07T10:35:00
1000177,1000178,20800044,3002131,891600001,1017010,0108,2025-03-06T10:35:00
1000178,1000179,20800020,3002132,891600001,1017010,8050,2025-03-06T10:35:00
1000179,1000180,20800083,3002133,891600001,1017010,0020,2025-03-06T10:35:00
1000180,1000181,20800020,3002134,891600001,1017010,8050,2025-03-06T10:35:00
1000181,1000182,20800044,3002135,891600001,1017010,0108,2025-03-06T10:35:00
1000182,1000183,20800084,3002147,891600001,1017010,0020,2025-03-06T10:35:00
1000183,1000184,20800044,3002137,891600001,1017010,0108,2025-03-06T10:35:00
1000184,1000185,20800020,3002138,891600001,1017010,8050,2025-03-06T10:35:00
1000185,1000186,20800044,3002139,891600001,1017010,0108,2025-03-06T10:35:00
1000186,1000187,20800020,3002140,891600001,1017010,8050,2025-03-06T10:35:00
1000187,1000188,20800085,3002141,891600001,1017010,0108,2025-03-06T10:35:00
1000188,1000189,20800020,3002148,891600001,1017010,8050,2025-03-06T10:35:00
1000189,1000190,20800044,3002131,891600001,1017010,0108,2025-07-25T10:35:00
1000190,1000191,20800020,3002132,891600001,1017010,8050,2025-07-25T10:35:00
1000191,1000192,20800086,3002133,891600001,1017010,0020,2025-07-25T10:35:00
1000192,1000193,20800020,3002134,891600001,1017010,8050,2025-07-25T10:35:00
1000193,1000194,20800044,3002135,891600001,1017010,0108,2025-07-25T10:35:00
1000194,1000195,20800087,3002149,891600001,1017010,0020,2025-07-25T10:35:00
1000195,1000196,20800044,3002137,891600001,1017010,0108,2025-07-25T10:35:00
1000196,1000197,20800020,3002138,891600001,1017010,8050,2025-07-25T10:35:00
1000197,1000198,20800044,3002139,891600001,1017010,0108,2025-07-25T10:35:00
1000198,1000199,20800020,3002140,891600001,1017010,8050,2025-07-25T10:35:00
1000199,1000200,20800088,3002141,891600001,1017010,0108,2025-07-25T10:35:00
1000200,1000201,20800020,3002150,891600001,1017010,8050,2025-07-25T10:35:00
1000201,1000202,20800044,3002131,891600001,1017010,0108,2025-10-23T10:35:00
1000202,1000203,20800020,3002132,891600001,1017010,8050,2025-10-23T10:35:00
1000203,1000204,20800089,3002133,891600001,1017010,0020,2025-10-23T10:35:00
1000204,1000205,20800020,3002134,891600001,1017010,8050,2025-10-23T10:35:00
1000205,1000206,20800044,3002135,891600001,1017010,0108,2025-10-23T10:35:00
1000206,1000207,20800090,3002151,891600001,1017010,0020,2025-10-23T10:35:00
1000207,1000208,20800044,3002137,891600001,1017010,0108,2025-10-23T10:35:00
1000208,1000209,20800020,3002138,891600001,1017010,8050,2025-10-23T10:35:00
1000209,1000210,20800044,3002139,891600001,1017010,0108,2025-10-23T10:35:00
1000210,1000211,20800020,3002140,891600001,1017010,8050,2025-10-23T10:35:00
1000211,1000212,20800091,3002141,891600001,1017010,0108,2025-10-23T10:35:00
1000212,1000213,20800020,3002152,891600001,1017010,8050,2025-10-23T10:35:00
1000213,1000214,20800044,3002131,891600001,1017010,0108,2026-01-13T10:35:00
1000214,1000215,20800020,3002132,891600001,1017010,8050,2026-01-13T10:35:00
1000215,1000216,20800092,3002133,891600001,1017010,0020,2026-01-13T10:35:00
1000216,1000217,20800020,3002134,891600001,1017010,8050,2026-01-13T10:35:00
1000217,1000218,20800044,3002135,891600001,1017010,0108,2026-01-13T10:35:00
1000218,1000219,20800093,3002153,891600001,1017010,0020,2026-01-13T10:35:00
1000219,1000220,20800044,3002137,891600001,1017010,0108,2026-01-13T10:35:00
1000220,1000221,20800020,3002138,891600001,1017010,8050,2026-01-13T10:35:00
1000221,1000222,20800044,3002139,891600001,1017010,0108,2026-01-13T10:35:00
1000222,1000223,20800020,3002140,891600001,1017010,8050,2026-01-13T10:35:00
1000223,1000224,20800094,3002141,891600001,1017010,0108,2026-01-13T10:35:00
1000224,1000225,20800020,3002154,891600001,1017010,8050,2026-01-13T10:35:00
1000225,1000226,20800044,3002131,891600001,1017010,108,2026-04-10T10:35:00
1000226,1000227,20800020,3002132,891600001,1017010,8050,2026-04-10T10:35:00
1000227,1000228,20800095,3002133,891600001,1017010,20,2026-04-10T10:35:00
1000228,1000229,20800020,3002134,891600001,1017010,8050,2026-04-10T10:35:00
1000229,1000230,20800044,3002135,891600001,1017010,108,2026-04-10T10:35:00
1000230,1000231,20800096,3002155,891600001,1017010,20,2026-04-10T10:35:00
1000231,1000232,20800044,3002137,891600001,1017010,108,2026-04-10T10:35:00
1000232,1000233,20800020,3002138,891600001,1017010,8050,2026-04-10T10:35:00
1000233,1000234,20800044,3002139,891600001,1017010,108,2026-04-10T10:35:00
1000234,1000235,20800020,3002140,891600001,1017010,8050,2026-04-10T10:35:00
1000235,1000236,20800097,3002141,891600001,1017010,108,2026-04-10T10:35:00
1000236,1000237,20800020,3002156,891600001,1017010,8050,2026-04-10T10:35:00
1000237,1000238,20800044,3002131,891600001,1017010,0108,2026-06-29T10:35:00
1000238,1000239,20800020,3002132,891600001,1017010,8050,2026-06-29T10:35:00
1000239,1000240,20800098,3002133,891600001,1017010,0020,2026-06-29T10:35:00
1000240,1000241,20800020,3002134,891600001,1017010,8050,2026-06-29T10:35:00
1000241,1000242,20800044,3002135,891600001,1017010,0108,2026-06-29T10:35:00
1000242,1000243,20800099,3002157,891600001,1017010,0020,2026-06-29T10:35:00
1000243,1000244,20800044,3002137,891600001,1017010,0108,2026-06-29T10:35:00
1000244,1000245,20800020,3002138,891600001,1017010,8050,2026-06-29T10:35:00
1000245,1000246,20800044,3002139,891600001,1017010,0108,2026-06-29T10:35:00
1000246,1000247,20800020,3002140,891600001,1017010,8050,2026-06-29T10:35:00
1000247,1000248,20800100,3002141,891600001,1017010,0108,2026-06-29T10:35:00
1000248,1000249,20800020,3002158,891600001,1017010,8050,2026-06-29T10:35:00
1000249,1000250,20800044,3002131,891600001,1017010,0108,2026-08-06T10:35:00
1000250,1000251,20800020,3002132,891600001,1017010,8050,2026-08-06T10:35:00
1000251,1000252,20800101,3002133,891600001,1017010,0020,2026-08-06T10:35:00
1000252,1000253,20800020,3002134,891600001,1017010,8050,2026-08-06T10:35:00
1000253,1000254,20800044,3002135,891600001,1017010,0108,2026-08-06T10:35:00
1000254,1000255,20800102,3002159,891600001,1017010,0020,2026-08-06T10:35:00
1000255,1000256,20800044,3002137,891600001,1017010,0108,2026-08-06T10:35:00
1000256,1000257,20800020,3002138,891600001,1017010,8050,2026-08-06T10:35:00
1000257,1000258,20800044,3002139,891600001,1017010,0108,2026-08-06T10:35:00
1000258,1000259,20800020,3002140,891600001,1017010,8050,2026-08-06T10:35:00
1000259,1000260,20800103,3002141,891600001,1017010,0108,2026-08-06T10:35:00
1000260,0,20800020,3002160,891600001,1017010,8050,2026-08-06T10:35:00
