job_id,min_lv,max_lv,hp_min,hp_max,mp_min,mp_max,phy_atk_min,phy_atk_max,mag_atk_min,mag_atk_max,heal_min,heal_max,phy_def_min,phy_def_max,mag_def_min,mag_def_max,accuracy_min,accuracy_max,dodge_min,dodge_max,critical_min,critical_max,agility_min,agility_max,fixed_break_damage
1,1,100,8,1540,0,0,21,2366,0,0,3,444,6,958,0,0,3,411,2,288,2,288,2,164,100
1,101,140,1555,2158,0,0,2389,3313,0,0,448,622,967,1342,0,0,415,575,290,403,290,403,165,229,100
1,141,180,2174,4165,0,0,3337,6390,0,0,626,1200,1352,2590,0,0,579,1110,406,778,406,778,231,441,100
1,181,220,4189,6112,0,0,6426,9374,0,0,1206,1760,2604,3799,0,0,1116,1810,783,1141,783,1268,444,720,100
1,221,260,6141,8030,0,0,9417,12925,0,0,1769,2427,3817,4992,0,0,1818,2461,1146,1425,1274,1725,724,935,100
1,261,300,8062,9268,0,0,12975,16336,0,0,2438,3068,5012,6050,0,0,2470,3087,1430,1643,1731,2162,939,1227,100
1,301,340,9300,11293,0,0,16392,20527,0,0,3079,3479,6069,6856,0,0,3097,3710,1649,1863,2170,2477,1230,1403,100
1,341,380,11328,12918,0,0,20588,24294,0,0,3489,3889,6877,7665,0,0,3720,4222,1869,2082,2484,2767,1408,1601,100
1,381,420,12953,14280,0,0,24359,27846,0,0,3898,4298,7686,8473,0,0,4236,4685,2088,2302,2774,3090,1604,1769,100
1,421,460,14315,15642,0,0,27913,31317,0,0,4307,4708,8492,9279,0,0,4696,5208,2308,2523,3098,3519,1774,1938,100
1,461,500,15677,17390,0,0,31383,34637,0,0,4719,5117,9300,10088,0,0,5219,5662,2527,2741,3524,3896,1941,2106,100
1,501,540,17426,18949,0,0,34708,38140,0,0,5129,5529,10109,10896,0,0,5673,6116,2747,2962,3904,4217,2111,2276,100
1,541,580,18986,20633,0,0,38208,41479,0,0,5538,5938,10915,11703,0,0,6127,6834,2967,3180,4225,4528,2278,2443,100
1,581,620,20669,22057,0,0,41552,44915,0,0,5947,6348,11724,12511,0,0,6846,7559,3186,3401,4536,4906,2448,2611,100
1,621,660,22094,23634,0,0,44985,48296,0,0,6357,6757,12532,13320,0,0,7571,8317,3406,3619,4914,5221,2616,2781,100
1,661,700,23671,25068,0,0,48370,51673,0,0,6768,7166,13339,14126,0,0,8332,9061,3625,3839,5229,5658,2786,2948,100
1,701,740,25105,26501,0,0,51745,55168,0,0,7178,7576,14147,14935,0,0,9073,9672,3845,4058,5667,5980,2953,3148,100
1,741,780,26539,27935,0,0,55244,58559,0,0,7587,7987,14954,15741,0,0,9685,10239,4064,4278,5989,6485,3151,3317,100
2,1,100,19,2772,0,0,8,1479,0,0,6,739,20,1643,0,0,3,370,2,246,1,144,1,164,100
2,101,140,2799,3884,0,0,1493,2073,0,0,746,1035,1659,2298,0,0,373,518,248,344,145,201,165,229,100
2,141,180,3912,7494,0,0,2088,4000,0,0,1042,1996,2315,4431,0,0,521,999,347,664,203,388,231,442,100
2,181,220,7536,10994,0,0,4023,5545,0,0,2007,2765,4455,6498,0,0,1005,1465,667,973,391,475,445,541,100
2,221,260,11044,15886,0,0,5569,6555,0,0,2777,3269,6526,8958,0,0,1472,1733,979,1216,477,562,544,640,100
2,261,300,15947,20415,0,0,6580,7565,0,0,3282,3772,8992,11810,0,0,1738,2110,1219,1402,564,648,643,739,100
2,301,340,20484,24557,0,0,7590,8576,0,0,3785,4527,11851,15615,0,0,2118,2392,1407,1590,651,735,741,838,100
2,341,380,24629,29034,0,0,8600,9586,0,0,4541,5061,15660,18699,0,0,2399,2673,1594,1918,738,822,840,937,100
2,381,420,29111,32676,0,0,9611,10596,0,0,5074,5594,18747,21700,0,0,2680,2956,1922,2119,823,999,939,1035,100
2,421,460,32754,36428,0,0,10621,11607,0,0,5607,6127,21750,24593,0,0,2962,3408,2125,2322,1001,1095,1038,1134,100
2,461,500,36508,40295,0,0,11631,12617,0,0,6139,6660,24648,27192,0,0,3416,3704,2326,2523,1097,1442,1137,1233,100
2,501,540,40376,45021,0,0,12642,13627,0,0,6674,7192,27245,29136,0,0,3712,4002,2529,2726,1446,1665,1236,1332,100
2,541,580,45105,49017,0,0,13652,14638,0,0,7207,7725,29188,31865,0,0,4008,4298,2730,2929,1669,1841,1335,1431,100
2,581,620,49103,53074,0,0,14662,15648,0,0,7740,8260,31918,34567,0,0,4306,4594,2933,3177,1843,1969,1432,1530,100
2,621,660,53160,57049,0,0,15674,16658,0,0,8272,8793,34625,37339,0,0,4602,4890,3183,3383,1971,2130,1531,1629,100
2,661,700,57136,60897,0,0,16683,17669,0,0,8805,9325,37398,40176,0,0,4898,5188,3387,3746,2135,2260,1630,1726,100
2,701,740,60984,64730,0,0,17695,18679,0,0,9338,9858,40232,43079,0,0,5194,5484,3752,3961,2264,2425,1729,1825,100
2,741,780,64815,68511,0,0,18705,19689,0,0,9871,10391,43136,46044,0,0,5492,5780,3965,4226,2427,2557,1828,1924,100
3,1,100,10,1386,0,0,5,1183,0,0,22,2809,10,821,0,0,5,370,3,411,0,82,1,205,100
3,101,140,1399,1941,0,0,1194,1658,0,0,2837,3935,829,1148,0,0,373,517,415,575,82,115,207,287,100
3,141,180,1955,3745,0,0,1670,3201,0,0,3963,7591,1156,2214,0,0,521,996,579,1110,115,222,289,553,100
3,181,220,3766,4579,0,0,3219,3915,0,0,7633,11136,2226,2886,0,0,1002,1299,1116,1448,223,271,556,678,100
3,221,260,4600,5413,0,0,3933,4629,0,0,11187,14626,2899,3409,0,0,1305,1630,1454,1819,273,321,681,854,100
3,261,300,5434,6247,0,0,4647,5343,0,0,14682,18987,3422,3934,0,0,1637,1881,1825,2223,322,370,857,1048,100
3,301,340,6268,7317,0,0,5361,6057,0,0,19050,23434,3947,4877,0,0,1888,2131,2230,2660,372,420,1052,1293,100
3,341,380,7339,8443,0,0,6075,6771,0,0,23502,27262,4891,5838,0,0,2138,2383,2667,3331,421,469,1296,1444,100
3,381,420,8465,9974,0,0,6789,7485,0,0,27333,30842,5853,6539,0,0,2390,2633,3341,3682,471,520,1450,1598,100
3,421,460,9998,11180,0,0,7503,8199,0,0,30915,34363,6555,7540,0,0,2640,2884,3691,4034,520,570,1602,1750,100
3,461,500,11205,12570,0,0,8217,8913,0,0,34438,37873,7556,8415,0,0,2890,3134,4042,4385,571,619,1753,1903,100
3,501,540,12595,13876,0,0,8931,9627,0,0,37949,41406,8431,9357,0,0,3141,3386,4394,4737,621,669,1907,2055,100
3,541,580,13902,15316,0,0,9645,10341,0,0,41482,44964,9374,10128,0,0,3391,3636,4745,5088,670,718,2059,2208,100
3,581,620,15342,16795,0,0,10359,11055,0,0,45041,48502,10145,10891,0,0,3643,3887,5097,5440,720,768,2212,2360,100
3,621,660,16822,18246,0,0,11073,11769,0,0,48580,52004,10908,11746,0,0,3893,4137,5448,5789,769,817,2364,2512,100
3,661,700,18274,19450,0,0,11787,12483,0,0,52085,55649,11763,12504,0,0,4144,4389,5799,6287,819,867,2517,2665,100
3,701,740,19478,21076,0,0,12501,13197,0,0,55731,59029,12521,13338,0,0,4394,4639,6296,6705,868,918,2669,2817,100
3,741,780,21104,22340,0,0,13215,13911,0,0,59111,62563,13358,14251,0,0,4646,4890,6714,7164,918,967,2821,2971,100
4,1,100,11,1694,0,0,12,1626,0,0,12,1331,6,958,0,0,4,370,4,493,1,103,2,329,100
4,101,140,1711,2374,0,0,1642,2278,0,0,1344,1863,967,1342,0,0,373,517,497,690,104,144,332,461,100
4,141,180,2391,4581,0,0,2294,4395,0,0,1877,3594,1352,2590,0,0,521,997,695,1332,145,277,464,889,100
4,181,220,4606,6347,0,0,4419,6447,0,0,3615,5272,2604,3799,0,0,1003,1463,1339,1953,279,384,894,1305,100
4,221,260,6376,7945,0,0,6476,8468,0,0,5297,6924,3817,4742,0,0,1470,2210,1962,2950,385,534,1310,1714,100
4,261,300,7975,9423,0,0,8500,10749,0,0,6952,8789,4761,5473,0,0,2219,2883,2962,3404,536,618,1720,2175,100
4,301,340,9455,10970,0,0,10784,13845,0,0,8817,9961,5491,6366,0,0,2893,3645,3415,3859,620,700,2182,2802,100
4,341,380,11002,12262,0,0,13887,16403,0,0,9990,11640,6386,7117,0,0,3654,4355,3870,4314,702,821,2812,3257,100
4,381,420,12294,13554,0,0,16448,18918,0,0,11670,12866,7137,7868,0,0,4364,5202,4324,4767,823,907,3268,3878,100
4,421,460,13586,14846,0,0,18965,20986,0,0,12896,14092,7885,8617,0,0,5212,6120,4779,5223,909,993,3889,4933,100
4,461,500,14878,16138,0,0,21030,23218,0,0,14122,15318,8636,9367,0,0,6134,7022,5234,5676,995,1081,4943,5775,100
4,501,540,16170,17430,0,0,23264,25517,0,0,15347,16543,9387,10118,0,0,7037,7694,5687,6131,1083,1167,5785,6691,100
4,541,580,17462,18722,0,0,25563,27908,0,0,16573,17769,10136,10867,0,0,7710,8361,6143,7014,1169,1253,6702,7273,100
4,581,620,18754,20014,0,0,27956,30106,0,0,17799,18995,10886,11618,0,0,8377,9007,7026,7992,1255,1339,7284,8063,100
4,621,660,20046,21306,0,0,30154,32372,0,0,19025,20221,11637,12368,0,0,9023,10028,8005,8750,1341,1425,8075,8690,100
4,661,700,21338,23217,0,0,32423,34335,0,0,20251,21445,12386,13319,0,0,10044,10947,8763,9279,1430,1514,8706,9246,100
4,701,740,23250,24544,0,0,34386,36695,0,0,21477,22671,13339,14081,0,0,10959,11600,9292,9810,1516,1600,9262,10019,100
4,741,780,24577,25871,0,0,36747,38682,0,0,22703,23897,14099,14842,0,0,11613,12685,9824,10339,1602,1787,10035,10943,100
5,1,100,9,1659,0,0,14,2488,0,0,2,481,5,927,0,0,3,602,1,200,1,267,2,367,100
5,101,140,1675,2325,0,0,2512,3487,0,0,485,674,936,1299,0,0,608,844,202,280,269,374,370,514,100
5,141,180,2342,4488,0,0,3512,6730,0,0,679,1302,1308,2508,0,0,850,1629,282,540,377,721,518,991,100
5,181,220,4513,6586,0,0,6768,9326,0,0,1308,1909,2521,3679,0,0,1638,2656,543,793,726,1178,997,1618,100
5,221,260,6615,8217,0,0,9368,12323,0,0,1918,2384,3695,4350,0,0,2668,3611,797,937,1184,1392,1626,2103,100
5,261,300,8249,9734,0,0,12370,15718,0,0,2392,2896,4366,5020,0,0,3624,4530,941,1083,1398,1608,2112,2760,100
5,301,340,9767,11035,0,0,15771,19515,0,0,2906,3284,5036,5691,0,0,4545,5340,1087,1227,1614,2277,2770,3440,100
5,341,380,11066,12650,0,0,19573,23238,0,0,3294,3670,5707,6361,0,0,5356,6314,1231,1371,2285,2547,3451,3847,100
5,381,420,12684,13984,0,0,23299,26734,0,0,3680,4058,6377,7032,0,0,6330,7106,1375,1525,2555,2815,3858,4328,100
5,421,460,14018,15318,0,0,26797,29858,0,0,4068,4444,7048,7702,0,0,7123,8062,1529,1753,2822,3085,4340,4912,100
5,461,500,15350,16650,0,0,29923,33048,0,0,4454,4832,7720,8373,0,0,8079,9066,1757,1957,3090,3352,4921,5523,100
5,501,540,16684,17984,0,0,33114,36223,0,0,4842,5218,8389,9043,0,0,9084,10118,1961,2168,3360,3622,5535,6165,100
5,541,580,18018,19318,0,0,36290,39248,0,0,5228,5606,9061,9714,0,0,10137,11503,2172,2328,3627,4123,6175,6621,100
5,581,620,19350,20650,0,0,39316,42265,0,0,5616,5992,9730,10384,0,0,11522,12930,2332,2490,4131,4614,6634,7080,100
5,621,660,20684,21984,0,0,42334,45490,0,0,6002,6380,10402,11055,0,0,12951,13984,2494,2650,4619,4910,7089,7657,100
5,661,700,22018,23318,0,0,45559,48684,0,0,6390,6768,11071,11725,0,0,14005,15235,2654,2812,4919,5257,7670,8123,100
5,701,740,23350,24650,0,0,48754,51746,0,0,6776,7154,11743,12396,0,0,15256,16718,2816,2972,5263,5660,8133,8586,100
5,741,780,24684,25984,0,0,51816,54955,0,0,7164,7542,12412,13066,0,0,16740,17685,2976,3132,5668,5967,8599,9216,100
