login_bonus_group_id,sequence,reward_group_id
1001,1,2740001
1001,2,2740002
1001,3,2740003
1001,4,2740004
1001,5,2740005
1001,6,2740006
1001,7,2740007
1001,8,2740008
1001,9,2740009
1001,10,2740010
1001,11,2740011
1001,12,2740012
1001,13,2740013
1001,14,2740014
1001,15,2740015
1001,16,2740016
1001,17,2740017
1001,18,2740018
1001,19,2740019
1001,20,2740020
1001,21,2740021
1001,22,2740022
1001,23,2740023
1001,24,2740024
1001,25,2740025
1001,26,2740026
1001,27,2740027
1001,28,2740028
1002,1,2740001
1002,2,2740001
1002,3,2740001
1002,4,2740001
1002,5,2740001
1002,6,2740001
1002,7,2740001
1002,8,2740001
1002,9,2740001
1002,10,2740001
1002,11,2740001
1002,12,2740001
1002,13,2740001
1002,14,2740001
1002,15,2740001
1002,16,2740001
1002,17,2740001
1002,18,2740001
1002,19,2740001
1002,20,2740001
1002,21,2740001
1002,22,2740001
1002,23,2740001
1002,24,2740001
1002,25,2740001
1002,26,2740001
1002,27,2740001
1002,28,2740001
2001,1,2720001
2001,2,2720002
2001,3,2720003
2001,4,2720004
2001,5,2720005
2001,6,2720006
2001,7,2720007
2002,1,2720015
2002,2,2720016
2002,3,2720017
2002,4,2720018
2002,5,2720019
2002,6,2720020
2003,1,2720001
2003,2,2720001
2003,3,2720001
2003,4,2720001
2003,5,2720001
2003,6,2720001
2003,7,2720001
2004,1,2720008
2004,2,2720009
2004,3,2720010
2004,4,2720011
2004,5,2720012
2004,6,2720013
2004,7,2720014
2005,1,2720021
2005,2,2720022
2005,3,2720023
2005,4,2720024
2005,5,2720025
2005,6,2720026
2006,1,2720027
2006,2,2720028
2006,3,2720029
2006,4,2720030
2006,5,2720031
2006,6,2720032
2006,7,2720033
2007,1,2720034
2007,2,2720035
2007,3,2720036
2007,4,2720037
2007,5,2720038
2008,1,2720034
2008,2,2720035
2008,3,2720036
2008,4,2720037
2008,5,2720038
2009,1,2720034
2009,2,2720035
2009,3,2720036
2009,4,2720037
2009,5,2720038
2010,1,2720034
2010,2,2720035
2010,3,2720036
2010,4,2720037
2010,5,2720038
2011,1,2720034
2011,2,2720035
2011,3,2720036
2011,4,2720037
2011,5,2720038
2012,1,2720034
2012,2,2720035
2012,3,2720036
2012,4,2720037
2012,5,2720038
2013,1,2720034
2013,2,2720035
2013,3,2720036
2013,4,2720037
2013,5,2720038
2014,1,2720039
2014,2,2720040
2014,3,2720041
2014,4,2720042
2014,5,2720043
2014,6,2720044
2014,7,2720045
2015,1,2720046
2015,2,2720047
2015,3,2720048
2015,4,2720049
2015,5,2720050
2015,6,2720051
2015,7,2720052
2017,1,2720060
2017,2,2720061
2017,3,2720062
2017,4,2720063
2017,5,2720064
2017,6,2720065
2017,7,2720066
2018,1,2720039
2018,2,2720040
2018,3,2720041
2018,4,2720042
2018,5,2720043
2018,6,2720044
2018,7,2720045
2019,1,2720067
2019,2,2720068
2019,3,2720069
2019,4,2720070
2019,5,2720071
2019,6,2720072
2019,7,2720073
2020,1,2720074
2020,2,2720075
2020,3,2720076
2020,4,2720077
2020,5,2720078
2020,6,2720079
2020,7,2720080
2021,1,2720081
2021,2,2720082
2021,3,2720083
2021,4,2720084
2021,5,2720085
2021,6,2720086
2021,7,2720087
2022,1,2720088
2022,2,2720089
2022,3,2720090
2022,4,2720091
2022,5,2720092
2022,6,2720093
2022,7,2720094
2023,1,2720095
2023,2,2720096
2023,3,2720097
2023,4,2720098
2023,5,2720099
2023,6,2720100
2023,7,2720101
2024,1,2720102
2024,2,2720103
2024,3,2720104
2024,4,2720105
2024,5,2720106
2025,1,2720107
2025,2,2720108
2025,3,2720109
2025,4,2720110
2025,5,2720111
2025,6,2720112
2025,7,2720113
2026,1,2720114
2026,2,2720115
2026,3,2720116
2026,4,2720117
2026,5,2720118
2026,6,2720119
2026,7,2720120
2027,1,2720121
2027,2,2720122
2027,3,2720123
2027,4,2720124
2027,5,2720125
2027,6,2720126
2027,7,2720127
2028,1,2720128
2028,2,2720129
2028,3,2720130
2028,4,2720131
2028,5,2720132
2028,6,2720133
2028,7,2720134
2029,1,2720135
2029,2,2720136
2029,3,2720137
2029,4,2720138
2029,5,2720139
2029,6,2720140
2029,7,2720141
2030,1,2720142
2030,2,2720143
2030,3,2720144
2030,4,2720145
2030,5,2720146
2030,6,2720147
2030,7,2720148
2031,1,2720149
2031,2,2720150
2031,3,2720151
2031,4,2720152
2031,5,2720153
2031,6,2720154
2031,7,2720155
2031,8,2720156
2031,9,2720157
2031,10,2720158
2032,1,2720159
2032,2,2720160
2032,3,2720161
2032,4,2720162
2032,5,2720163
2033,1,2720164
2033,2,2720165
2033,3,2720166
2033,4,2720167
2033,5,2720168
2033,6,2720169
2033,7,2720170
2034,1,2720171
2034,2,2720172
2034,3,2720173
2034,4,2720174
2034,5,2720175
2034,6,2720176
2034,7,2720177
2035,1,2720178
2035,2,2720179
2035,3,2720180
2035,4,2720181
2035,5,2720182
2035,6,2720183
2035,7,2720184
2036,1,2720185
2036,2,2720186
2036,3,2720187
2036,4,2720188
2036,5,2720189
2036,6,2720190
2036,7,2720191
2037,1,2720202
2037,2,2720203
2037,3,2720204
2037,4,2720205
2037,5,2720206
2037,6,2720207
2037,7,2720208
2038,1,2720192
2038,2,2720193
2038,3,2720194
2038,4,2720195
2038,5,2720196
2038,6,2720197
2038,7,2720198
2038,8,2720199
2038,9,2720200
2038,10,2720201
2039,1,2720209
2039,2,2720210
2039,3,2720211
2039,4,2720212
2039,5,2720213
2039,6,2720214
2039,7,2720215
2039,8,2720216
2039,9,2720217
2039,10,2720218
2040,1,2720229
2040,2,2720230
2040,3,2720231
2040,4,2720232
2040,5,2720233
2040,6,2720234
2040,7,2720235
2041,1,2720236
2041,2,2720237
2041,3,2720238
2041,4,2720239
2041,5,2720240
2041,6,2720241
2041,7,2720242
2042,1,2720243
2042,2,2720244
2042,3,2720245
2042,4,2720246
2042,5,2720247
2042,6,2720248
2042,7,2720249
2043,1,2720250
2043,2,2720251
2043,3,2720252
2043,4,2720253
2043,5,2720254
2043,6,2720255
2043,7,2720256
2043,8,2720257
2043,9,2720258
2043,10,2720259
2044,1,2720260
2044,2,2720261
2044,3,2720262
2044,4,2720263
2044,5,2720264
2044,6,2720265
2044,7,2720266
2044,8,2720267
2044,9,2720268
2044,10,2720269
2045,1,2720270
2045,2,2720271
2045,3,2720272
2045,4,2720273
2045,5,2720274
2045,6,2720275
2045,7,2720276
2046,1,2720277
2046,2,2720278
2046,3,2720279
2046,4,2720280
2046,5,2720281
2046,6,2720282
2046,7,2720283
2046,8,2720284
2046,9,2720285
2046,10,2720286
2047,1,2720287
2047,2,2720288
2047,3,2720289
2047,4,2720290
2047,5,2720291
2047,6,2720292
2047,7,2720293
2047,8,2720294
2047,9,2720295
2047,10,2720296
2048,1,2720297
2048,2,2720298
2048,3,2720299
2048,4,2720300
2048,5,2720301
2048,6,2720302
2048,7,2720303
2049,1,2710001
2050,1,2720304
2050,2,2720305
2050,3,2720306
2050,4,2720307
2050,5,2720308
2050,6,2720309
2050,7,2720310
2050,8,2720311
2050,9,2720312
2050,10,2720313
2051,1,2720314
2051,2,2720315
2051,3,2720316
2051,4,2720317
2051,5,2720318
2051,6,2720319
2051,7,2720320
2051,8,2720321
2051,9,2720322
2051,10,2720323
2052,1,2720324
2052,2,2720325
2052,3,2720326
2052,4,2720327
2052,5,2720328
2052,6,2720329
2052,7,2720330
2053,1,2720331
2053,2,2720332
2053,3,2720333
2053,4,2720334
2053,5,2720335
2053,6,2720336
2053,7,2720337
2054,1,2720338
2054,2,2720339
2054,3,2720340
2054,4,2720341
2054,5,2720342
2054,6,2720343
2054,7,2720344
2054,8,2720345
2054,9,2720346
2054,10,2720347
2055,1,2720348
2055,2,2720349
2055,3,2720350
2055,4,2720351
2055,5,2720352
2055,6,2720353
2055,7,2720354
2055,8,2720355
2055,9,2720356
2055,10,2720357
2056,1,2720358
2056,2,2720359
2056,3,2720360
2056,4,2720361
2056,5,2720362
2056,6,2720363
2056,7,2720364
2057,1,2720365
2057,2,2720366
2057,3,2720367
2057,4,2720368
2057,5,2720369
2057,6,2720370
2057,7,2720371
2057,8,2720372
2057,9,2720373
2057,10,2720374
2058,1,2720375
2058,2,2720376
2058,3,2720377
2058,4,2720378
2058,5,2720379
2058,6,2720380
2058,7,2720381
2058,8,2720382
2058,9,2720383
2058,10,2720384
2059,1,2720385
2059,2,2720386
2059,3,2720387
2059,4,2720388
2059,5,2720389
2059,6,2720390
2059,7,2720391
2059,8,2720392
2059,9,2720393
2059,10,2720394
2060,1,2720395
2060,2,2720396
2060,3,2720397
2060,4,2720398
2060,5,2720399
2060,6,2720400
2060,7,2720401
2060,8,2720402
2060,9,2720403
2060,10,2720404
2061,1,2720405
2061,2,2720406
2061,3,2720407
2061,4,2720408
2061,5,2720409
2061,6,2720410
2061,7,2720411
2061,8,2720412
2061,9,2720413
2061,10,2720414
2062,1,2720425
2062,2,2720426
2062,3,2720427
2062,4,2720428
2062,5,2720429
2062,6,2720430
2062,7,2720431
2062,8,2720432
2062,9,2720433
2062,10,2720434
2063,1,2720435
2063,2,2720436
2063,3,2720437
2063,4,2720438
2063,5,2720439
2063,6,2720440
2063,7,2720441
2063,8,2720442
2063,9,2720443
2063,10,2720444
2064,1,2720445
2064,2,2720446
2064,3,2720447
2064,4,2720448
2064,5,2720449
2064,6,2720450
2064,7,2720451
2064,8,2720452
2064,9,2720453
2064,10,2720454
2065,1,2720455
2065,2,2720456
2065,3,2720457
2065,4,2720458
2065,5,2720459
2065,6,2720460
2065,7,2720461
2065,8,2720462
2065,9,2720463
2065,10,2720464
2066,1,2720465
2066,2,2720466
2066,3,2720467
2066,4,2720468
2066,5,2720469
2066,6,2720470
2066,7,2720471
2067,1,2720472
2067,2,2720473
2067,3,2720474
2067,4,2720475
2067,5,2720476
2067,6,2720477
2067,7,2720478
2068,1,2720479
2068,2,2720480
2068,3,2720481
2068,4,2720482
2068,5,2720483
2068,6,2720484
2068,7,2720485
2069,1,2720486
2069,2,2720487
2069,3,2720488
2069,4,2720489
2069,5,2720490
2069,6,2720491
2069,7,2720492
2070,1,2720493
2070,2,2720494
2070,3,2720495
2070,4,2720496
2070,5,2720497
2070,6,2720498
2070,7,2720499
2070,8,2720500
2071,1,2720501
2071,2,2720502
2071,3,2720503
2071,4,2720504
2071,5,2720505
2071,6,2720506
2071,7,2720507
2071,8,2720508
2071,9,2720509
2071,10,2720510
2072,1,2720511
2072,2,2720512
2072,3,2720513
2072,4,2720514
2072,5,2720515
2072,6,2720516
2072,7,2720517
2072,8,2720518
2073,1,2720519
2073,2,2720520
2073,3,2720521
2073,4,2720522
2073,5,2720523
2073,6,2720524
2073,7,2720525
2073,8,2720526
2073,9,2720527
2073,10,2720528
2074,1,2720529
2074,2,2720530
2074,3,2720531
2074,4,2720532
2074,5,2720533
2074,6,2720534
2074,7,2720535
2074,8,2720536
2074,9,2720537
2074,10,2720538
2075,1,2720539
2075,2,2720540
2075,3,2720541
2075,4,2720542
2075,5,2720543
2075,6,2720544
2075,7,2720545
2075,8,2720546
2075,9,2720547
2075,10,2720548
2076,1,2720549
2076,2,2720550
2076,3,2720551
2076,4,2720552
2076,5,2720553
2076,6,2720554
2076,7,2720555
2076,8,2720556
2076,9,2720557
2076,10,2720558
2077,1,2720559
2077,2,2720560
2077,3,2720561
2077,4,2720562
2077,5,2720563
2077,6,2720564
2077,7,2720565
2077,8,2720566
2077,9,2720567
2077,10,2720568
2078,1,2720586
2078,2,2720587
2078,3,2720588
2078,4,2720589
2078,5,2720590
2078,6,2720591
2078,7,2720592
2078,8,2720593
2078,9,2720594
2078,10,2720595
2079,1,2720569
2079,2,2720570
2079,3,2720571
2079,4,2720572
2079,5,2720573
2079,6,2720574
2079,7,2720575
2079,8,2720576
2079,9,2720577
2079,10,2720578
2081,1,2720596
2081,2,2720597
2081,3,2720598
2081,4,2720599
2081,5,2720600
2081,6,2720601
2081,7,2720602
2081,8,2720603
2082,1,2720604
2082,2,2720605
2082,3,2720606
2082,4,2720607
2082,5,2720608
2082,6,2720609
2082,7,2720610
2082,8,2720611
2083,1,2720612
2083,2,2720613
2083,3,2720614
2083,4,2720615
2083,5,2720616
2083,6,2720617
2083,7,2720618
2084,1,2720619
2084,2,2720620
2084,3,2720621
2084,4,2720622
2084,5,2720623
2084,6,2720624
2084,7,2720625
2084,8,2720626
2085,1,2720627
2085,2,2720628
2085,3,2720629
2085,4,2720630
2085,5,2720631
2085,6,2720632
2085,7,2720633
2085,8,2720634
2085,9,2720635
2085,10,2720636
2086,1,2720637
2086,2,2720638
2086,3,2720639
2086,4,2720640
2086,5,2720641
2086,6,2720642
2086,7,2720643
2087,1,2720644
2087,2,2720645
2087,3,2720646
2087,4,2720647
2087,5,2720648
2087,6,2720649
2087,7,2720650
2088,1,2720651
2088,2,2720652
2088,3,2720653
2088,4,2720654
2088,5,2720655
2088,6,2720656
2088,7,2720657
2089,1,2720658
2089,2,2720659
2089,3,2720660
2089,4,2720661
2089,5,2720662
2089,6,2720663
2089,7,2720664
2090,1,2720665
2090,2,2720666
2090,3,2720667
2090,4,2720668
2090,5,2720669
2090,6,2720670
2090,7,2720671
2090,8,2720672
2090,9,2720673
2090,10,2720674
2091,1,2720675
2091,2,2720676
2091,3,2720677
2091,4,2720678
2091,5,2720679
2091,6,2720680
2091,7,2720681
2092,1,2720682
2092,2,2720683
2092,3,2720684
2092,4,2720685
2092,5,2720686
2092,6,2720687
2092,7,2720688
2092,8,2720689
2092,9,2720690
2092,10,2720691
2093,1,2720692
2093,2,2720693
2093,3,2720694
2093,4,2720695
2093,5,2720696
2093,6,2720697
2093,7,2720698
2093,8,2720699
2093,9,2720700
2093,10,2720701
2094,1,2720702
2094,2,2720703
2094,3,2720704
2094,4,2720705
2094,5,2720706
2094,6,2720707
2094,7,2720708
2094,8,2720709
2094,9,2720710
2094,10,2720711
2095,1,2720712
2095,2,2720713
2095,3,2720714
2095,4,2720715
2095,5,2720716
2095,6,2720717
2095,7,2720718
2095,8,2720719
2095,9,2720720
2095,10,2720721
2096,1,2720722
2096,2,2720723
2096,3,2720724
2096,4,2720725
2096,5,2720726
2096,6,2720727
2096,7,2720728
2096,8,2720729
2096,9,2720730
2096,10,2720731
2097,1,2720732
2097,2,2720733
2097,3,2720734
2097,4,2720735
2097,5,2720736
2097,6,2720737
2097,7,2720738
2097,8,2720739
2097,9,2720740
2097,10,2720741
2098,1,2720742
2098,2,2720743
2098,3,2720744
2098,4,2720745
2098,5,2720746
2098,6,2720747
2098,7,2720748
2098,8,2720749
2098,9,2720750
2098,10,2720751
2099,1,2720752
2099,2,2720753
2099,3,2720754
2099,4,2720755
2099,5,2720756
2100,1,2720757
2100,2,2720758
2100,3,2720759
2100,4,2720760
2100,5,2720761
2100,6,2720762
2100,7,2720763
2100,8,2720764
2100,9,2720765
2100,10,2720766
2101,1,2720767
2101,2,2720768
2101,3,2720769
2101,4,2720770
2101,5,2720771
2101,6,2720772
2101,7,2720773
2101,8,2720774
2102,1,2720775
2102,2,2720776
2102,3,2720777
2102,4,2720778
2102,5,2720779
2102,6,2720780
2102,7,2720781
2103,1,2720782
2103,2,2720783
2103,3,2720784
2103,4,2720785
2103,5,2720786
2103,6,2720787
2103,7,2720788
2103,8,2720789
2103,9,2720790
2103,10,2720791
2104,1,2720792
2104,2,2720793
2104,3,2720794
2104,4,2720795
2104,5,2720796
2104,6,2720797
2104,7,2720798
2104,8,2720799
2104,9,2720800
2104,10,2720801
2105,1,2720802
2105,2,2720803
2105,3,2720804
2105,4,2720805
2105,5,2720806
2105,6,2720807
2105,7,2720808
2105,8,2720809
2105,9,2720810
2105,10,2720811
2106,1,2720812
2106,2,2720813
2106,3,2720814
2106,4,2720815
2106,5,2720816
2106,6,2720817
2106,7,2720818
2106,8,2720819
2106,9,2720820
2106,10,2720821
2107,1,2720822
2107,2,2720823
2107,3,2720824
2107,4,2720825
2107,5,2720826
2107,6,2720827
2107,7,2720828
2107,8,2720829
2107,9,2720830
2107,10,2720831
2108,1,2720832
2108,2,2720833
2108,3,2720834
2108,4,2720835
2108,5,2720836
2108,6,2720837
2108,7,2720838
2110,1,2720849
2110,2,2720850
2110,3,2720851
2110,4,2720852
2110,5,2720853
2110,6,2720854
2110,7,2720855
2110,8,2720856
2110,9,2720857
2110,10,2720858
2112,1,2720859
2112,2,2720860
2112,3,2720861
2112,4,2720862
2112,5,2720863
2112,6,2720864
2112,7,2720865
2112,8,2720866
2112,9,2720867
2112,10,2720868
2113,1,2720869
2113,2,2720870
2113,3,2720871
2113,4,2720872
2113,5,2720873
2113,6,2720874
2113,7,2720875
2113,8,2720876
2113,9,2720877
2113,10,2720878
2114,1,2720879
2114,2,2720880
2114,3,2720881
2114,4,2720882
2114,5,2720883
2114,6,2720884
2114,7,2720885
2114,8,2720886
2114,9,2720887
2114,10,2720888
2115,1,2710002
2116,1,2720889
2116,2,2720890
2116,3,2720891
2116,4,2720892
2116,5,2720893
2116,6,2720894
2116,7,2720895
2116,8,2720896
2116,9,2720897
2116,10,2720898
2117,1,2720899
2117,2,2720900
2117,3,2720901
2117,4,2720902
2117,5,2720903
2117,6,2720904
2117,7,2720905
2117,8,2720906
2117,9,2720907
2117,10,2720908
2118,1,2720909
2118,2,2720910
2118,3,2720911
2118,4,2720912
2118,5,2720913
2118,6,2720914
2118,7,2720915
2118,8,2720916
2118,9,2720917
2118,10,2720918
2119,1,2720919
2119,2,2720920
2119,3,2720921
2119,4,2720922
2119,5,2720923
2120,1,2720924
2120,2,2720925
2120,3,2720926
2120,4,2720927
2120,5,2720928
2120,6,2720929
2120,7,2720930
2120,8,2720931
2120,9,2720932
2120,10,2720933
2121,1,2720934
2121,2,2720935
2121,3,2720936
2121,4,2720937
2121,5,2720938
2121,6,2720939
2121,7,2720940
2121,8,2720941
2121,9,2720942
2121,10,2720943
2122,1,2720944
2122,2,2720945
2122,3,2720946
2122,4,2720947
2122,5,2720948
2122,6,2720949
2122,7,2720950
2122,8,2720951
2122,9,2720952
2122,10,2720953
2123,1,2720954
2123,2,2720955
2123,3,2720956
2123,4,2720957
2123,5,2720958
2123,6,2720959
2123,7,2720960
2123,8,2720961
2123,9,2720962
2123,10,2720963
2124,1,2720964
2124,2,2720965
2124,3,2720966
2124,4,2720967
2124,5,2720968
2124,6,2720969
2124,7,2720970
2124,8,2720971
2124,9,2720972
2124,10,2720973
2125,1,2720974
2125,2,2720975
2125,3,2720976
2125,4,2720977
2125,5,2720978
2125,6,2720979
2125,7,2720980
2125,8,2720981
2125,9,2720982
2125,10,2720983
2126,1,2720984
2126,2,2720985
2126,3,2720986
2126,4,2720987
2126,5,2720988
2126,6,2720989
2126,7,2720990
2126,8,2720991
2126,9,2720992
2126,10,2720993
2127,1,2720994
2127,2,2720995
2127,3,2720996
2127,4,2720997
2127,5,2720998
2127,6,2720999
2127,7,2721000
2128,1,2721001
2128,2,2721002
2128,3,2721003
2128,4,2721004
2128,5,2721005
2128,6,2721006
2128,7,2721007
2128,8,2721008
2128,9,2721009
2128,10,2721010
2129,1,2721011
2129,2,2721012
2129,3,2721013
2129,4,2721014
2129,5,2721015
2129,6,2721016
2129,7,2721017
2129,8,2721018
2129,9,2721019
2129,10,2721020
2130,1,2721021
2130,2,2721022
2130,3,2721023
2130,4,2721024
2130,5,2721025
2130,6,2721026
2130,7,2721027
2130,8,2721028
2130,9,2721029
2130,10,2721030
2131,1,2710003
2132,1,2721031
2132,2,2721032
2132,3,2721033
2132,4,2721034
2132,5,2721035
2132,6,2721036
2132,7,2721037
2132,8,2721038
2132,9,2721039
2132,10,2721040
2133,1,2721041
2133,2,2721042
2133,3,2721043
2133,4,2721044
2133,5,2721045
2133,6,2721046
2133,7,2721047
2133,8,2721048
2133,9,2721049
2133,10,2721050
2134,1,2721051
2134,2,2721052
2134,3,2721053
2134,4,2721054
2134,5,2721055
2134,6,2721056
2134,7,2721057
2134,8,2721058
2134,9,2721059
2134,10,2721060
2135,1,2721061
2135,2,2721062
2135,3,2721063
2135,4,2721064
2135,5,2721065
2135,6,2721066
2135,7,2721067
2135,8,2721068
2135,9,2721069
2135,10,2721070
2136,1,2721071
2136,2,2721072
2136,3,2721073
2136,4,2721074
2136,5,2721075
2136,6,2721076
2136,7,2721077
2136,8,2721078
2136,9,2721079
2136,10,2721080
2137,1,2710001
2138,1,2721081
2138,2,2721082
2138,3,2721083
2138,4,2721084
2138,5,2721085
2138,6,2721086
2138,7,2721087
2138,8,2721088
2138,9,2721089
2138,10,2721090
2139,1,2721091
2139,2,2721092
2139,3,2721093
2139,4,2721094
2139,5,2721095
2139,6,2721096
2139,7,2721097
2139,8,2721098
2139,9,2721099
2139,10,2721100
2140,1,2710004
2141,1,2721101
2141,2,2721102
2141,3,2721103
2141,4,2721104
2141,5,2721105
2141,6,2721106
2141,7,2721107
2141,8,2721108
2141,9,2721109
2141,10,2721110
2142,1,2721111
2142,2,2721112
2142,3,2721113
2142,4,2721114
2142,5,2721115
2142,6,2721116
2142,7,2721117
2142,8,2721118
2143,1,2721119
2143,2,2721120
2143,3,2721121
2143,4,2721122
2143,5,2721123
2143,6,2721124
2143,7,2721125
2143,8,2721126
2143,9,2721127
2143,10,2721128
2144,1,2721129
2144,2,2721130
2144,3,2721131
2144,4,2721132
2144,5,2721133
2144,6,2721134
2144,7,2721135
2144,8,2721136
2144,9,2721137
2144,10,2721138
2145,1,2721139
2145,2,2721140
2145,3,2721141
2145,4,2721142
2145,5,2721143
2145,6,2721144
2145,7,2721145
2146,1,2721146
2146,2,2721147
2146,3,2721148
2146,4,2721149
2146,5,2721150
2146,6,2721151
2146,7,2721152
2146,8,2721153
2146,9,2721154
2146,10,2721155
2147,1,2721156
2147,2,2721157
2147,3,2721158
2147,4,2721159
2147,5,2721160
2147,6,2721161
2147,7,2721162
2147,8,2721163
2147,9,2721164
2147,10,2721165
2148,1,2721166
2148,2,2721167
2148,3,2721168
2148,4,2721169
2148,5,2721170
2148,6,2721171
2148,7,2721172
2148,8,2721173
2148,9,2721174
2148,10,2721175
2149,1,2721176
2149,2,2721177
2149,3,2721178
2149,4,2721179
2149,5,2721180
2149,6,2721181
2149,7,2721182
2149,8,2721183
2149,9,2721184
2149,10,2721185
2150,1,2721186
2150,2,2721187
2150,3,2721188
2150,4,2721189
2150,5,2721190
2150,6,2721191
2150,7,2721192
2150,8,2721193
2150,9,2721194
2150,10,2721195
2151,1,2721196
2151,2,2721197
2151,3,2721198
2151,4,2721199
2151,5,2721200
2151,6,2721201
2151,7,2721202
2151,8,2721203
2151,9,2721204
2151,10,2721205
2152,1,2721206
2152,2,2721207
2152,3,2721208
2152,4,2721209
2152,5,2721210
2152,6,2721211
2152,7,2721212
2152,8,2721213
2152,9,2721214
2152,10,2721215
2153,1,2710005
2154,1,2721216
2154,2,2721217
2154,3,2721218
2154,4,2721219
2154,5,2721220
2154,6,2721221
2154,7,2721222
2155,1,2721223
2155,2,2721224
2155,3,2721225
2155,4,2721226
2155,5,2721227
2155,6,2721228
2155,7,2721229
2155,8,2721230
2155,9,2721231
2155,10,2721232
2156,1,2721233
2156,2,2721234
2156,3,2721235
2156,4,2721236
2156,5,2721237
2156,6,2721238
2156,7,2721239
2156,8,2721240
2156,9,2721241
2156,10,2721242
2157,1,2721243
2157,2,2721244
2157,3,2721245
2157,4,2721246
2157,5,2721247
2157,6,2721248
2157,7,2721249
2157,8,2721250
2157,9,2721251
2157,10,2721252
2158,1,2721253
2158,2,2721254
2158,3,2721255
2158,4,2721256
2158,5,2721257
2158,6,2721258
2158,7,2721259
2158,8,2721260
2158,9,2721261
2158,10,2721262
2159,1,2721263
2159,2,2721264
2159,3,2721265
2159,4,2721266
2159,5,2721267
2159,6,2721268
2159,7,2721269
2159,8,2721270
2159,9,2721271
2159,10,2721272
2160,1,2721273
2160,2,2721274
2160,3,2721275
2160,4,2721276
2160,5,2721277
2160,6,2721278
2160,7,2721279
2160,8,2721280
2160,9,2721281
2160,10,2721282
2161,1,2721283
2161,2,2721284
2161,3,2721285
2161,4,2721286
2161,5,2721287
2161,6,2721288
2161,7,2721289
2161,8,2721290
2161,9,2721291
2161,10,2721292
2162,1,2721293
2162,2,2721294
2162,3,2721295
2162,4,2721296
2162,5,2721297
2162,6,2721298
2162,7,2721299
2162,8,2721300
2162,9,2721301
2162,10,2721302
2163,1,2721303
2163,2,2721304
2163,3,2721305
2163,4,2721306
2163,5,2721307
2163,6,2721308
2163,7,2721309
2163,8,2721310
2164,1,2721311
2164,2,2721312
2164,3,2721313
2164,4,2721314
2164,5,2721315
2164,6,2721316
2164,7,2721317
2164,8,2721318
2165,1,2721319
2165,2,2721320
2165,3,2721321
2165,4,2721322
2165,5,2721323
2165,6,2721324
2165,7,2721325
2165,8,2721326
2165,9,2721327
2165,10,2721328
2166,1,2721329
2166,2,2721330
2166,3,2721331
2166,4,2721332
2166,5,2721333
2166,6,2721334
2166,7,2721335
2167,1,2721336
2167,2,2721337
2167,3,2721338
2167,4,2721339
2167,5,2721340
2167,6,2721341
2167,7,2721342
2167,8,2721343
2167,9,2721344
2167,10,2721345
2168,1,2720192
2168,2,2720193
2168,3,2720194
2168,4,2720195
2168,5,2720196
2168,6,2720197
2168,7,2720198
2168,8,2720199
2168,9,2720200
2168,10,2720201
2169,1,2721346
2169,2,2721347
2169,3,2721348
2169,4,2721349
2169,5,2721350
2169,6,2721351
2169,7,2721352
2169,8,2721353
2169,9,2721354
2169,10,2721355
2170,1,2721356
2170,2,2721357
2170,3,2721358
2170,4,2721359
2170,5,2721360
2170,6,2721361
2170,7,2721362
2170,8,2721363
2170,9,2721364
2170,10,2721365
2171,1,2721366
2171,2,2721367
2171,3,2721368
2171,4,2721369
2171,5,2721370
2171,6,2721371
2171,7,2721372
2171,8,2721373
2171,9,2721374
2171,10,2721375
2172,1,2721376
2172,2,2721377
2172,3,2721378
2172,4,2721379
2172,5,2721380
2172,6,2721381
2172,7,2721382
2172,8,2721383
2172,9,2721384
2172,10,2721385
2173,1,2721386
2173,2,2721387
2173,3,2721388
2173,4,2721389
2173,5,2721390
2173,6,2721391
2173,7,2721392
2173,8,2721393
2173,9,2721394
2173,10,2721395
2174,1,2721396
2174,2,2721397
2174,3,2721398
2174,4,2721399
2174,5,2721400
2174,6,2721401
2174,7,2721402
2174,8,2721403
2174,9,2721404
2174,10,2721405
2175,1,2721406
2175,2,2721407
2175,3,2721408
2175,4,2721409
2175,5,2721410
2175,6,2721411
2175,7,2721412
2175,8,2721413
2175,9,2721414
2175,10,2721415
2176,1,2710006
2177,1,2721416
2177,2,2721417
2177,3,2721418
2177,4,2721419
2177,5,2721420
2177,6,2721421
2177,7,2721422
2177,8,2721423
2177,9,2721424
2177,10,2721425
2178,1,2721426
2178,2,2721427
2178,3,2721428
2178,4,2721429
2178,5,2721430
2178,6,2721431
2178,7,2721432
2178,8,2721433
2178,9,2721434
2178,10,2721435
2179,1,2721436
2179,2,2721437
2179,3,2721438
2179,4,2721439
2179,5,2721440
2179,6,2721441
2179,7,2721442
2179,8,2721443
2179,9,2721444
2179,10,2721445
2180,1,2721446
2180,2,2721447
2180,3,2721448
2180,4,2721449
2180,5,2721450
2180,6,2721451
2180,7,2721452
2180,8,2721453
2180,9,2721454
2180,10,2721455
2181,1,2721456
2181,2,2721457
2181,3,2721458
2181,4,2721459
2181,5,2721460
2181,6,2721461
2181,7,2721462
2181,8,2721463
2181,9,2721464
2181,10,2721465
2182,1,2721466
2182,2,2721467
2182,3,2721468
2182,4,2721469
2182,5,2721470
2182,6,2721471
2182,7,2721472
2182,8,2721473
2182,9,2721474
2182,10,2721475
2183,1,2721476
2183,2,2721477
2183,3,2721478
2183,4,2721479
2183,5,2721480
2183,6,2721481
2183,7,2721482
2183,8,2721483
2183,9,2721484
2183,10,2721485
2184,1,2721486
2184,2,2721487
2184,3,2721488
2184,4,2721489
2184,5,2721490
2184,6,2721491
2184,7,2721492
2184,8,2721493
2184,9,2721494
2184,10,2721495
2185,1,2710007
2186,1,2721496
2186,2,2721497
2186,3,2721498
2186,4,2721499
2186,5,2721500
2186,6,2721501
2186,7,2721502
2186,8,2721503
2186,9,2721504
2186,10,2721505
2187,1,2721506
2187,2,2721507
2187,3,2721508
2187,4,2721509
2187,5,2721510
2187,6,2721511
2187,7,2721512
2187,8,2721513
2187,9,2721514
2187,10,2721515
2188,1,2721516
2188,2,2721517
2188,3,2721518
2188,4,2721519
2188,5,2721520
2188,6,2721521
2188,7,2721522
2188,8,2721523
2188,9,2721524
2188,10,2721525
2189,1,2721526
2189,2,2721527
2189,3,2721528
2189,4,2721529
2189,5,2721530
2189,6,2721531
2189,7,2721532
2189,8,2721533
2189,9,2721534
2189,10,2721535
2190,1,2721536
2190,2,2721537
2190,3,2721538
2190,4,2721539
2190,5,2721540
2190,6,2721541
2190,7,2721542
2190,8,2721543
2190,9,2721544
2190,10,2721545
2191,1,2721546
2191,2,2721547
2191,3,2721548
2191,4,2721549
2191,5,2721550
2191,6,2721551
2191,7,2721552
2191,8,2721553
2191,9,2721554
2191,10,2721555
2192,1,2721556
2192,2,2721557
2192,3,2721558
2192,4,2721559
2192,5,2721560
2192,6,2721561
2192,7,2721562
2192,8,2721563
2192,9,2721564
2192,10,2721565
2193,1,2721566
2193,2,2721567
2193,3,2721568
2193,4,2721569
2193,5,2721570
2193,6,2721571
2193,7,2721572
2193,8,2721573
2193,9,2721574
2193,10,2721575
2194,1,2721576
2194,2,2721577
2194,3,2721578
2194,4,2721579
2194,5,2721580
2194,6,2721581
2194,7,2721582
2194,8,2721583
2194,9,2721584
2194,10,2721585
2195,1,2721586
2195,2,2721587
2195,3,2721588
2195,4,2721589
2195,5,2721590
2195,6,2721591
2195,7,2721592
2196,1,2710008
2197,1,2721593
2197,2,2721594
2197,3,2721595
2197,4,2721596
2197,5,2721597
2197,6,2721598
2197,7,2721599
2198,1,2721600
2198,2,2721601
2198,3,2721602
2198,4,2721603
2198,5,2721604
2198,6,2721605
2198,7,2721606
2198,8,2721607
2198,9,2721608
2198,10,2721609
2199,1,2721610
2199,2,2721611
2199,3,2721612
2199,4,2721613
2199,5,2721614
2199,6,2721615
2199,7,2721616
2199,8,2721617
2199,9,2721618
2199,10,2721619
2200,1,2721620
2200,2,2721621
2200,3,2721622
2200,4,2721623
2200,5,2721624
2200,6,2721625
2200,7,2721626
2200,8,2721627
2200,9,2721628
2200,10,2721629
2201,1,2721630
2201,2,2721631
2201,3,2721632
2201,4,2721633
2201,5,2721634
2201,6,2721635
2201,7,2721636
2201,8,2721637
2201,9,2721638
2201,10,2721639
2202,1,2721640
2202,2,2721641
2202,3,2721642
2202,4,2721643
2202,5,2721644
2202,6,2721645
2202,7,2721646
2202,8,2721647
2202,9,2721648
2202,10,2721649
2203,1,2721650
2203,2,2721651
2203,3,2721652
2203,4,2721653
2203,5,2721654
2203,6,2721655
2203,7,2721656
2203,8,2721657
2203,9,2721658
2203,10,2721659
2204,1,2721660
2204,2,2721661
2204,3,2721662
2204,4,2721663
2204,5,2721664
2204,6,2721665
2204,7,2721666
2204,8,2721667
2204,9,2721668
2204,10,2721669
2205,1,2721670
2205,2,2721671
2205,3,2721672
2205,4,2721673
2205,5,2721674
2205,6,2721675
2205,7,2721676
2205,8,2721677
2205,9,2721678
2205,10,2721679
2206,1,2721680
2206,2,2721681
2206,3,2721682
2206,4,2721683
2206,5,2721684
2206,6,2721685
2206,7,2721686
2206,8,2721687
2206,9,2721688
2206,10,2721689
2208,1,2721700
2208,2,2721701
2208,3,2721702
2208,4,2721703
2208,5,2721704
2208,6,2721705
2208,7,2721706
2208,8,2721707
2208,9,2721708
2208,10,2721709
2209,1,2710009
2210,1,2721710
2210,2,2721711
2210,3,2721712
2210,4,2721713
2210,5,2721714
2210,6,2721715
2210,7,2721716
2210,8,2721717
2210,9,2721718
2210,10,2721719
2211,1,2721730
2211,2,2721731
2211,3,2721732
2211,4,2721733
2211,5,2721734
2211,6,2721735
2211,7,2721736
2211,8,2721737
2211,9,2721738
2211,10,2721739
2212,1,2721740
2212,2,2721741
2212,3,2721742
2212,4,2721743
2212,5,2721744
2212,6,2721745
2212,7,2721746
2212,8,2721747
2212,9,2721748
2212,10,2721749
2213,1,2721720
2213,2,2721721
2213,3,2721722
2213,4,2721723
2213,5,2721724
2213,6,2721725
2213,7,2721726
2213,8,2721727
2213,9,2721728
2213,10,2721729
2214,1,2721750
2214,2,2721751
2214,3,2721752
2214,4,2721753
2214,5,2721754
2214,6,2721755
2214,7,2721756
2214,8,2721757
2214,9,2721758
2215,1,2721759
2215,2,2721760
2215,3,2721761
2215,4,2721762
2215,5,2721763
2215,6,2721764
2215,7,2721765
2215,8,2721766
2215,9,2721767
2215,10,2721768
2216,1,2721769
2216,2,2721770
2216,3,2721771
2216,4,2721772
2216,5,2721773
2216,6,2721774
2216,7,2721775
2216,8,2721776
2216,9,2721777
2216,10,2721778
2217,1,2721779
2217,2,2721780
2217,3,2721781
2217,4,2721782
2217,5,2721783
2217,6,2721784
2217,7,2721785
2217,8,2721786
2217,9,2721787
2217,10,2721788
2218,1,2721789
2218,2,2721790
2218,3,2721791
2218,4,2721792
2218,5,2721793
2218,6,2721794
2218,7,2721795
2218,8,2721796
2219,1,2721797
2219,2,2721798
2219,3,2721799
2219,4,2721800
2219,5,2721801
2219,6,2721802
2219,7,2721803
2219,8,2721804
2220,1,2721805
2220,2,2721806
2220,3,2721807
2220,4,2721808
2220,5,2721809
2220,6,2721810
2220,7,2721811
2220,8,2721812
2220,9,2721813
2220,10,2721814
2221,1,2721815
2221,2,2721816
2221,3,2721817
2221,4,2721818
2221,5,2721819
2221,6,2721820
2221,7,2721821
2221,8,2721822
2221,9,2721823
2221,10,2721824
2222,1,2721825
2222,2,2721826
2222,3,2721827
2222,4,2721828
2222,5,2721829
2222,6,2721830
2222,7,2721831
2222,8,2721832
2222,9,2721833
2222,10,2721834
2223,1,2721835
2223,2,2721836
2223,3,2721837
2223,4,2721838
2223,5,2721839
2223,6,2721840
2223,7,2721841
2223,8,2721842
2223,9,2721843
2223,10,2721844
2224,1,2721845
2224,2,2721846
2224,3,2721847
2224,4,2721848
2224,5,2721849
2224,6,2721850
2224,7,2721851
2224,8,2721852
2224,9,2721853
2224,10,2721854
2225,1,2721855
2225,2,2721856
2225,3,2721857
2225,4,2721858
2225,5,2721859
2225,6,2721860
2225,7,2721861
2225,8,2721862
2225,9,2721863
2225,10,2721864
2226,1,2721865
2226,2,2721866
2226,3,2721867
2226,4,2721868
2226,5,2721869
2226,6,2721870
2226,7,2721871
2226,8,2721872
2226,9,2721873
2226,10,2721874
2227,1,2721875
2227,2,2721876
2227,3,2721877
2227,4,2721878
2227,5,2721879
2227,6,2721880
2227,7,2721881
2227,8,2721882
2227,9,2721883
2227,10,2721884
2228,1,2721885
2228,2,2721886
2228,3,2721887
2228,4,2721888
2228,5,2721889
2228,6,2721890
2228,7,2721891
2228,8,2721892
2228,9,2721893
2228,10,2721894
2229,1,2721895
2229,2,2721896
2229,3,2721897
2229,4,2721898
2229,5,2721899
2229,6,2721900
2229,7,2721901
2229,8,2721902
2229,9,2721903
2229,10,2721904
2230,1,2721905
2230,2,2721906
2230,3,2721907
2230,4,2721908
2230,5,2721909
2230,6,2721910
2230,7,2721911
2230,8,2721912
2230,9,2721913
2230,10,2721914
2231,1,2721915
2231,2,2721916
2231,3,2721917
2231,4,2721918
2231,5,2721919
2231,6,2721920
2231,7,2721921
2231,8,2721922
2231,9,2721923
2231,10,2721924
2232,1,2721925
2232,2,2721926
2232,3,2721927
2232,4,2721928
2232,5,2721929
2232,6,2721930
2232,7,2721931
2232,8,2721932
2232,9,2721933
2232,10,2721934
2233,1,2721935
2233,2,2721936
2233,3,2721937
2233,4,2721938
2233,5,2721939
2233,6,2721940
2233,7,2721941
2233,8,2721942
2233,9,2721943
2233,10,2721944
2234,1,2710010
2235,1,2721945
2235,2,2721946
2235,3,2721947
2235,4,2721948
2235,5,2721949
2235,6,2721950
2235,7,2721951
2235,8,2721952
2235,9,2721953
2235,10,2721954
2236,1,2721955
2236,2,2721956
2236,3,2721957
2236,4,2721958
2236,5,2721959
2236,6,2721960
2236,7,2721961
2236,8,2721962
2236,9,2721963
2236,10,2721964
2237,1,2721965
2237,2,2721966
2237,3,2721967
2237,4,2721968
2237,5,2721969
2237,6,2721970
2237,7,2721971
2237,8,2721972
2237,9,2721973
2237,10,2721974
2238,1,2721975
2238,2,2721976
2238,3,2721977
2238,4,2721978
2238,5,2721979
2238,6,2721980
2238,7,2721981
2238,8,2721982
2238,9,2721983
2238,10,2721984
2239,1,2721985
2239,2,2721986
2239,3,2721987
2239,4,2721988
2239,5,2721989
2239,6,2721990
2239,7,2721991
2239,8,2721992
2239,9,2721993
2239,10,2721994
2240,1,2721995
2240,2,2721996
2240,3,2721997
2240,4,2721998
2240,5,2721999
2240,6,2722000
2240,7,2722001
2240,8,2722002
2240,9,2722003
2240,10,2722004
2241,1,2722005
2241,2,2722006
2241,3,2722007
2241,4,2722008
2241,5,2722009
2241,6,2722010
2241,7,2722011
2241,8,2722012
2241,9,2722013
2241,10,2722014
2242,1,2722015
2242,2,2722016
2242,3,2722017
2242,4,2722018
2242,5,2722019
2242,6,2722020
2242,7,2722021
2242,8,2722022
2242,9,2722023
2242,10,2722024
2243,1,2722025
2243,2,2722026
2243,3,2722027
2243,4,2722028
2243,5,2722029
2243,6,2722030
2243,7,2722031
2243,8,2722032
2243,9,2722033
2243,10,2722034
2244,1,2722035
2244,2,2722036
2244,3,2722037
2244,4,2722038
2244,5,2722039
2244,6,2722040
2244,7,2722041
2244,8,2722042
2244,9,2722043
2244,10,2722044
2245,1,2722045
2245,2,2722046
2245,3,2722047
2245,4,2722048
2245,5,2722049
2245,6,2722050
2245,7,2722051
2246,1,2722052
2246,2,2722053
2246,3,2722054
2246,4,2722055
2246,5,2722056
2246,6,2722057
2246,7,2722058
2246,8,2722059
2246,9,2722060
2246,10,2722061
2247,1,2722062
2247,2,2722063
2247,3,2722064
2247,4,2722065
2247,5,2722066
2247,6,2722067
2247,7,2722068
2247,8,2722069
2247,9,2722070
2247,10,2722071
2248,1,2722072
2248,2,2722073
2248,3,2722074
2248,4,2722075
2248,5,2722076
2248,6,2722077
2248,7,2722078
2248,8,2722079
2248,9,2722080
2248,10,2722081
2249,1,2722082
2249,2,2722083
2249,3,2722084
2249,4,2722085
2249,5,2722086
2249,6,2722087
2249,7,2722088
2249,8,2722089
2249,9,2722090
2249,10,2722091
2250,1,2722092
2250,2,2722093
2250,3,2722094
2250,4,2722095
2250,5,2722096
2250,6,2722097
2250,7,2722098
2250,8,2722099
2250,9,2722100
2250,10,2722101
2251,1,2722102
2251,2,2722103
2251,3,2722104
2251,4,2722105
2251,5,2722106
2251,6,2722107
2251,7,2722108
2251,8,2722109
2251,9,2722110
2251,10,2722111
2252,1,2722112
2252,2,2722113
2252,3,2722114
2252,4,2722115
2252,5,2722116
2252,6,2722117
2252,7,2722118
2252,8,2722119
2252,9,2722120
2252,10,2722121
2253,1,2722122
2253,2,2722123
2253,3,2722124
2253,4,2722125
2253,5,2722126
2253,6,2722127
2253,7,2722128
2253,8,2722129
2253,9,2722130
2253,10,2722131
2254,1,2722132
2254,2,2722133
2254,3,2722134
2254,4,2722135
2254,5,2722136
2255,1,2722137
2255,2,2722138
2255,3,2722139
2255,4,2722140
2255,5,2722141
2255,6,2722142
2255,7,2722143
2255,8,2722144
2255,9,2722145
2256,1,2722146
2256,2,2722147
2256,3,2722148
2256,4,2722149
2256,5,2722150
2256,6,2722151
2256,7,2722152
2256,8,2722153
2256,9,2722154
2256,10,2722155
2257,1,2722156
2257,2,2722157
2257,3,2722158
2257,4,2722159
2257,5,2722160
2257,6,2722161
2257,7,2722162
2257,8,2722163
2257,9,2722164
2257,10,2722165
2258,1,2710011
2259,1,2722166
2259,2,2722167
2259,3,2722168
2259,4,2722169
2259,5,2722170
2259,6,2722171
2259,7,2722172
2259,8,2722173
2259,9,2722174
2259,10,2722175
2260,1,2710012
2261,1,2722176
2261,2,2722177
2261,3,2722178
2261,4,2722179
2261,5,2722180
2261,6,2722181
2261,7,2722182
2262,1,2722183
2262,2,2722184
2262,3,2722185
2262,4,2722186
2262,5,2722187
2262,6,2722188
2262,7,2722189
2262,8,2722190
2262,9,2722191
2262,10,2722192
2263,1,2722193
2263,2,2722194
2263,3,2722195
2263,4,2722196
2263,5,2722197
2263,6,2722198
2263,7,2722199
2263,8,2722200
2264,1,2722202
2264,2,2722203
2264,3,2722204
2264,4,2722205
2264,5,2722206
2264,6,2722207
2264,7,2722208
2264,8,2722209
2264,9,2722210
2264,10,2722211
2265,1,2722212
2265,2,2722213
2265,3,2722214
2265,4,2722215
2265,5,2722216
2265,6,2722217
2265,7,2722218
2265,8,2722219
2265,9,2722220
2265,10,2722221
2266,1,2722222
2266,2,2722223
2266,3,2722224
2266,4,2722225
2266,5,2722226
2266,6,2722227
2266,7,2722228
2266,8,2722229
2266,9,2722230
2266,10,2722231
2267,1,2722232
2267,2,2722233
2267,3,2722234
2267,4,2722235
2267,5,2722236
2267,6,2722237
2267,7,2722238
2267,8,2722239
2267,9,2722240
2267,10,2722241
2268,1,2722242
2268,2,2722243
2268,3,2722244
2268,4,2722245
2268,5,2722246
2268,6,2722247
2268,7,2722248
2268,8,2722249
2268,9,2722250
2268,10,2722251
2269,1,2722252
2269,2,2722253
2269,3,2722254
2269,4,2722255
2269,5,2722256
2269,6,2722257
2269,7,2722258
2269,8,2722259
2269,9,2722260
2269,10,2722261
2270,1,2710013
2271,1,2722262
2271,2,2722263
2271,3,2722264
2271,4,2722265
2271,5,2722266
2271,6,2722267
2271,7,2722268
2271,8,2722269
2271,9,2722270
2272,1,2722271
2272,2,2722272
2272,3,2722273
2272,4,2722274
2272,5,2722275
2272,6,2722276
2272,7,2722277
2272,8,2722278
2272,9,2722279
2272,10,2722280
2273,1,2722281
2273,2,2722282
2273,3,2722283
2273,4,2722284
2273,5,2722285
2273,6,2722286
2273,7,2722287
2273,8,2722288
2273,9,2722289
2273,10,2722290
2274,1,2722291
2274,2,2722292
2274,3,2722293
2274,4,2722294
2274,5,2722295
2274,6,2722296
2274,7,2722297
2274,8,2722298
2274,9,2722299
2274,10,2722300
2275,1,2710014
2276,1,2722301
2276,2,2722302
2276,3,2722303
2276,4,2722304
2276,5,2722305
2276,6,2722306
2276,7,2722307
2277,1,2722308
2277,2,2722309
2277,3,2722310
2277,4,2722311
2277,5,2722312
2277,6,2722313
2277,7,2722314
2277,8,2722315
2277,9,2722316
2277,10,2722317
2278,1,2722318
2278,2,2722319
2278,3,2722320
2278,4,2722321
2278,5,2722322
2278,6,2722323
2278,7,2722324
2278,8,2722325
2278,9,2722326
2278,10,2722327
2279,1,2722328
2279,2,2722329
2279,3,2722330
2279,4,2722331
2279,5,2722332
2279,6,2722333
2279,7,2722334
2279,8,2722335
2279,9,2722336
2279,10,2722337
2280,1,2722338
2280,2,2722339
2280,3,2722340
2280,4,2722341
2280,5,2722342
2280,6,2722343
2280,7,2722344
2280,8,2722345
2280,9,2722346
2280,10,2722347
2281,1,2722348
2281,2,2722349
2281,3,2722350
2281,4,2722351
2281,5,2722352
2281,6,2722353
2281,7,2722354
2281,8,2722355
2281,9,2722356
2281,10,2722357
2282,1,2722358
2282,2,2722359
2282,3,2722360
2282,4,2722361
2282,5,2722362
2282,6,2722363
2282,7,2722364
2282,8,2722365
2282,9,2722366
2282,10,2722367
2283,1,2710015
2284,1,2722368
2284,2,2722369
2284,3,2722370
2284,4,2722371
2284,5,2722372
2284,6,2722373
2284,7,2722374
2284,8,2722375
2284,9,2722376
2284,10,2722377
2285,1,2722378
2285,2,2722379
2285,3,2722380
2285,4,2722381
2285,5,2722382
2285,6,2722383
2285,7,2722384
2286,1,2722385
2286,2,2722386
2286,3,2722387
2286,4,2722388
2286,5,2722389
2286,6,2722390
2286,7,2722391
2286,8,2722392
2286,9,2722393
2286,10,2722394
2287,1,2710016
2288,1,2722395
2288,2,2722396
2288,3,2722397
2288,4,2722398
2288,5,2722399
2288,6,2722400
2288,7,2722401
2288,8,2722402
2288,9,2722403
2288,10,2722404
2289,1,2722405
2289,2,2722406
2289,3,2722407
2289,4,2722408
2289,5,2722409
2289,6,2722410
2289,7,2722411
2289,8,2722412
2289,9,2722413
2289,10,2722414
2290,1,2722415
2290,2,2722416
2290,3,2722417
2290,4,2722418
2290,5,2722419
2290,6,2722420
2290,7,2722421
2290,8,2722422
2290,9,2722423
2290,10,2722424
2291,1,2722425
2291,2,2722426
2291,3,2722427
2291,4,2722428
2291,5,2722429
2291,6,2722430
2291,7,2722431
2291,8,2722432
2291,9,2722433
2291,10,2722434
2292,1,2722435
2292,2,2722436
2292,3,2722437
2292,4,2722438
2292,5,2722439
2292,6,2722440
2292,7,2722441
2292,8,2722442
2292,9,2722443
2292,10,2722444
2293,1,2722445
2293,2,2722446
2293,3,2722447
2293,4,2722448
2293,5,2722449
2293,6,2722450
2293,7,2722451
2293,8,2722452
2293,9,2722453
2294,1,2722454
2294,2,2722455
2294,3,2722456
2294,4,2722457
2294,5,2722458
2294,6,2722459
2294,7,2722460
2295,1,2722461
2295,2,2722462
2295,3,2722463
2295,4,2722464
2295,5,2722465
2295,6,2722466
2295,7,2722467
3001,1,2730029
3001,2,2730030
3001,3,2730031
3001,4,2730032
3001,5,2730033
3001,6,2730034
3001,7,2730035
3001,8,2730036
3001,9,2730037
3001,10,2730038
3001,11,2730039
3001,12,2730040
3001,13,2730041
3001,14,2730042
3001,15,2730043
3001,16,2730044
3001,17,2730045
3001,18,2730046
3001,19,2730047
3001,20,2730048
3001,21,2730049
3001,22,2730050
3001,23,2730051
3001,24,2730052
3001,25,2730053
3001,26,2730054
3001,27,2730055
3001,28,2730056
3002,1,2730057
3002,2,2730058
3002,3,2730059
3002,4,2730060
3002,5,2730061
3002,6,2730062
3002,7,2730063
3003,1,2730057
3003,2,2730058
3003,3,2730059
3003,4,2730060
3003,5,2730061
3003,6,2730062
3003,7,2730063
4002,1,2750002
4002,2,2750003
4002,3,2750004
4002,4,2750005
4002,5,2750006
4002,6,2750007
4002,7,2750008
4003,1,2750009
4003,2,2750010
4003,3,2750011
4003,4,2750012
4003,5,2750013
4003,6,2750014
4003,7,2750015
4003,8,2750016
4003,9,2750017
4003,10,2750018
5001,1,2760001
5001,2,2760001
5001,3,2760001
5001,4,2760001
5001,5,2760001
5001,6,2760001
5001,7,2760001
6001,1,2760002
6001,2,2760002
6001,3,2760002
6001,4,2760002
6001,5,2760002
6001,6,2760002
6001,7,2760002
7001,1,2760003
7001,2,2760003
7001,3,2760003
7001,4,2760003
7001,5,2760003
7001,6,2760003
7001,7,2760003
