id,word
1,M女
2,M嬢
3,M娘
4,NIGA
5,S女
6,S嬢
7,S娘
8,UGLY
9,WEB.SYO-TEN.NET
10,いめーじくらぶ
11,ヴぁか
12,う゛ぁか
13,う゛ぁぎな
14,おっぱお
15,おなろう
16,おな画
17,おな系
18,おな好
19,おな写
20,おな声
21,おな二
22,かのじょほしい
23,カノジョ募集
24,かのじょ欲しい
25,かり頭
26,カレシ募集
27,がんころ
28,がんじゃ
29,きえてくだ
30,しこしこ
31,しこって
32,すかと□
33,すかと口
34,そふばん
35,ちんK
36,でぃーぷすろーと
37,どうてー
38,ばかちょんかめら
39,ばかでもちょんでも
40,バグおしえて
41,バグ教えて
42,ぶっ殺す
43,ふにゃちん
44,ま○こ
45,まんK
46,まんかす
47,まんぐり
48,やり友
49,りあるH
50,りあるえっち
51,りあるでH
52,ろーたー
53,愛人
54,淫楽
55,淫虐
56,淫事
57,淫獣
58,淫心
59,淫水
60,淫蕩
61,淫売女
62,淫婦
63,淫奔
64,淫魔
65,淫慾
66,淫欲
67,淫乱症
68,淫猥
69,淫祠
70,陰茎癌
71,陰根
72,陰嚢癌
73,円光
74,円女
76,覚せい剤
77,割り切り
78,官能映画
79,官能画像
80,官能小説
81,顔面騎乗
82,基地外
83,騎上位
84,亀頭部
85,擬似包茎
86,虚乳
87,胸の小
88,胸の大
89,近親姦
90,空気人形
91,鶏姦
92,鉤十字
93,元気汁
94,公開てれくら
95,高額さぽ
96,合コン
97,合法どらっぐ
98,催淫
99,死ん
100,氏ね
101,視姦
102,失せろ
104,手ぶら
105,首つり
106,首吊
107,集団H
108,住所
109,獣姦
110,獣交
111,出会い
112,春画
113,初体験は
114,女性性器陵辱
115,商品券くれ
116,商品券ちょう
117,商品券ぷれ
118,商品券もら
119,消えてくだ
120,神待
121,整形
122,先走り汁
124,脱いで
125,脱げ
126,谷間
127,恥辱
128,痴
129,中田氏
130,直あど
131,直でん
132,直メ
133,直め
134,直電
136,電動こけし
137,得ろ
138,馬なみ
139,馬鹿
140,馬鹿ちょん
141,馬鹿ちょんかめら
142,馬鹿でもちょんでも
143,馬並
144,反日
145,犯し
146,犯る
147,彼女ほしい
148,彼女欲しい
149,姫始め
150,姫納め
151,片輪者
152,片跛
153,豊中市庄内西町
154,欲求不満なっこ
155,欲求不満なっ子
156,欲求不満な系
157,欲求不満な女
158,欲求不満な嬢
159,欲求不満な娘
160,練炭
161,連絡先
162,喘いで
163,喘ぎ
164,猥
165,肛
166,舐め
167,苺佐保
169,<quad
170,18禁
171,1人H
172,1人えっち
173,4本指
174,４本足
175,AIDS
176,ANAL
177,ANUS
178,ARSE
179,ASS
180,Ａ級戦犯
181,bn153
182,HAKENKREUZ
183,Hすき
184,Hずき
185,H好き
186,H友
187,ISIL
188,ISIS
189,NAZI
190,WHORE
192,あいえき
193,あいじそばそく
194,あいじそばんく
195,あいじのれ
196,あいじる
197,あいじんばそく
198,あいじんばんく
199,あいじんぼしゅう
200,あいづんばんく
201,あいぬけん
202,あいぬじそ
203,あいぬじん
204,あいぬづん
205,あいぬ犬
206,あいぬ人
207,あおせんちいき
208,あおせんちく
209,あおせんちたい
210,あかせんちいき
211,あかせんちく
212,あかせんちたい
213,あきめくら
214,あくめ
215,あさ公
216,あしこき
217,あつこき
218,あてうま
219,あて馬
220,あとぴ
221,あとぴい
222,あとぴー
223,あど交
224,あなきょうだい
225,あなきょーだい
226,あなのれ
227,あなる
228,あにりそぐす
229,あにりんぐす
230,あぬす
231,あのれかいだ
232,あばずれ
233,あばづれ
234,あめ公
235,ありのとわたり
236,ありのもそわたり
237,ありのもんわたり
238,あるかいだ
240,いざり
241,いすらーむ国
242,いすらむこく
243,いすらむ国
244,いそさあと
245,いそさーと
246,いそしび
247,いそつび
248,いそにょう
249,いそにょー
250,いそにょお
251,いそぽてそつ
252,いそぽてんつ
253,いそもう
254,いそもお
255,いそらそ
256,いそらん
257,いた公
258,いぬがみじそ
259,いぬがみじん
260,いぬがみすじ
261,いぬがみづん
262,いぬがみ筋
263,いぬころし
264,いぬごろし
265,いぬころつ
266,いぬごろつ
267,いぬじにそ
268,いぬじにん
269,いぬづにん
270,いまらちお
271,いめくら
272,いらまちお
273,いんつび
274,いんにょう
275,いんにょー
276,いんにょお
277,いんぽ
278,いんぽてそつ
279,いんぽてんし
280,いんぽてんつ
281,いんもう
282,いんもお
283,いんらそ
284,いんらん
285,い本い立
286,い本し夜
287,う●こ
288,う●ち
289,う☆こ
290,う☆ち
291,う★こ
292,う★ち
293,うOこ
294,うOち
295,うーち
297,うまずめ
298,うらすじ
299,うらにほん
300,うらびでお
301,うら本
302,うんこ
303,うんち
304,えいず
305,えすいーえっくす
306,えすきも
307,えすきもー
308,えせどうわ
309,えそじょこうさい
310,えちごのこめしき
311,えちごのこめつき
312,えっちあいて
313,えっちすき
314,えっちずき
315,えっちとも
316,えっちふれんど
317,えっち好き
318,えっち相手
319,えっち友
320,えねま
321,えひめ丸
322,えほば
323,えろげ
324,えろちゃっと
325,えろびでお
326,えろまにあ
327,えろりすと
328,えろ本
329,えんじょこうさい
330,えんづょこうさい
331,おうがすむ
332,おうぎがえし
333,おうみどろぼう
334,おうむしんりきょう
335,おうむ真理教
336,おうるどみす
337,おーがすむ
338,おーがずむ
339,おおぎがえし
340,おーるど・みす
341,おおるどみす
342,おーるどみす
343,おかすぞ
344,おきなかし
345,おきなわすらむ
346,おさとがしれる
347,おしっこ
348,おしつそぼ
349,おしつんぼ
350,おしぱい
351,おしんぼ
352,おそなこども
353,おち●こ
354,おち☆こ
355,おち★こ
356,おちOこ
357,おちこぼれ
358,おちそこ
359,おちそちそ
360,おちそちん
361,おちゃくみ
362,おちんこ
363,おちんちそ
364,おちんちん
365,おつつんぼ
366,おっぱい
367,おつんぼ
368,おとなのおもちゃ
369,おなって
370,おなに
371,おなにー
372,おなにすと
373,おなぺしと
374,おなぺっと
375,おなほ
376,おなほうのれ
377,おなほうる
378,おなほおのれ
379,おなほーのれ
380,おなほおる
381,おなほーる
382,おなりすと
383,おなる
384,おのれがすむす
385,おま●こ
386,おま☆こ
387,おま★こ
388,おまOこ
389,おまーこ
390,おまそこ
391,おまそちょ
392,おまんこ
393,おまんちょ
394,おめこ
395,おもてにしぽん
396,おもてにつぽそ
397,おもてにつぽん
398,おもてにほそ
399,おもてにほん
400,おるがすむす
401,おわい屋
402,おんなこども
403,おんなたらし
404,お茶汲み
405,お里が知れる
406,がいきち
407,がいじそ
408,がいじん
409,かいめんたい
410,かうぱ
411,かうぱー
412,かうぱあえき
413,かうぱーえき
414,かうぱー液
415,かうぱえき
416,かくせいざい
417,かさっかき
418,かずのこてんじょう
419,かずのこてんじょー
420,かずのこ天井
421,かそうばのこつひろい
422,かたおや
423,かたちそば
424,かたちんば
425,かたておち
426,がちゃ目
427,かっぺ
428,かなつそぼ
429,かなつんぼ
430,かぼう
431,がまそじる
432,がまんじのれ
433,がまんじる
434,がまんぢる
435,がまんづる
436,がまん汁
437,かりくび
438,かりそびょう
439,かりんびょう
440,かり首
441,かり太
442,かわかぶり
443,かわかむり
444,かわたそぼう
445,かわたんぼう
446,かわらもの
447,かんうばのほねひろい
448,き●たま
449,き☆たま
450,き★たま
451,きOたま
452,きーせん
453,きーたま
454,きぐるい
455,きじのれし
456,きじるし
457,きじるつ
458,きそたま
459,きちがい
460,きっこうしばり
461,ぎっちょ
462,きつねつきすじ
463,きつねつき筋
464,きつね憑き筋
465,きづるし
466,きもおた
467,きもをた
468,きゃば
469,きゃばくら
470,ぎょくもそ
471,ぎょくもん
472,きんしそそうかん
473,きんしんそうかん
474,きんしんんうかん
475,きんたま
476,きんつんそうかん
477,き印
478,くーぱーしせん
479,くーぱー氏線
482,くそに
483,くそにりそぐす
484,くそにりんぐす
485,くたばれ
488,くのれどぞく
489,くびかりぞく
490,くまんこ
491,くみとりや
492,くらじみあ
493,くらづみあ
494,くらみじあ
495,くらみづあ
496,くりとり
497,くりとりす
498,くりにそぐす
499,くりにんぐす
500,ぐりんす
501,くるどぞく
502,くるど族
503,くろそぼ
504,くろんぼ
505,くんに
506,くんにりそぐす
507,くんにりんぐす
508,けいたいばんごう
509,けしそんかぞく
510,げそばくすらむ
511,けっそそかぞく
512,けっそんかぞく
513,けつの穴
514,けっんんかぞく
515,げんじゅうみん
516,げんばくすらむ
517,ごうかそ
518,ごうかん
519,こうしそこく
520,こうしんこく
521,こうしんれつ
522,こうつんこく
523,こうないはっしゃ
524,ごうびょう
525,こうまそ
526,こうもうじそ
527,こうもうじん
528,こうもうづん
529,こおまそ
530,こーまそ
531,こおまん
532,こーまん
533,こかいん
534,こじいそ
535,こじいん
536,こじき
537,こそじろーむ
538,ごみ屋
539,ごむしゃく
540,ごむ尺
541,ころしたい
542,ころしてやのれ
543,ころしてやる
544,ころすぞ
545,ころつたい
546,ころつてやる
547,こんじろーむ
548,こんづろーむ
549,こんどーむ
550,ざあめそ
551,ざーめそ
552,ざあめん
553,ざーめん
554,さいえそとろじ
555,さいえそとろじい
556,さいえそとろじー
557,さいえんとろじ
558,さいえんとろじい
559,さいえんとろじー
560,さいえんとろづ
561,さいえんとろづい
562,さいえんとろづー
563,さお師
564,さげまそ
565,さげまん
566,さそかそせいばつ
567,さそかんせいばつ
568,さそごくじそ
569,さそごくじん
570,さでぃすと
571,さのばびっち
572,さらきん
573,さら金
574,さんかそせいばつ
575,さんかんせいばし
576,さんかんせいばつ
577,さんごくじそ
578,さんごくじん
579,さんごくづん
580,しきかくいじょう
581,しきかくいづょう
582,しつくすないそ
583,しっくすないん
584,しなじそ
585,しなじん
586,しなたりくぼ
587,しなづん
588,しびれふぐ
589,じぷし
590,じへいしょう
591,じへいつょう
592,じゃしぷ
593,じゃっぷ
594,じゃぱゆきさそ
595,じゃぱゆきさん
596,しょくぶつにそげそ
597,しょくぶつにんげん
598,しょじょまく
599,しょづょまく
600,しんへいみん
601,し朝ろ欠
602,し尿
603,すかとろ
604,すけべいす
605,すちゅわーです
606,すぺのれま
607,すぺるま
608,ずりせそ
609,ずりせん
610,すわっぴんぐ
611,ぜいきそどろぼう
612,ぜいきんどろぼう
613,せいしそいじょう
614,せいしそいじょうしゃ
615,せいしそはくじゃく
616,せいしそびょう
617,せいしそびょうじゃくしゃ
618,せいじょうい
619,せいしんいじょう
620,せいしんいじょうしゃ
621,せいしんいづょうしゃ
622,せいしんはくじゃく
623,せいしんはくづゃく
624,せいしんびょう
625,せいしんびょういん
626,せいしんびょうじゃくしゃ
627,せいしんびょうづゃくしゃ
628,せいつんいじょう
629,せいつんいじょうつゃ
630,せいつんはくじゃく
631,せいつんびょう
632,せいつんびょうじゃくつゃ
633,せいはそざい
634,せいはんざい
635,ぜい六
636,せくふれ
637,せしくす
638,せそろこうふ
639,せっくす
640,せつくす
641,せふれ
642,せむしおとこ
643,せむし男
644,せんじんぶらく
645,せんずり
646,ぜんりつせん
647,せんろこうふ
648,ぞうえきふ
649,そーぷじょう
650,そーぷらんど
651,そーぷ嬢
652,そくしゃく
653,そくはめ
654,そふとげい
655,たいわそはげ
656,たいわんはげ
657,たけのこいしゃ
658,たけのこ医者
659,たたきだいく
660,たたき屋
661,たたき大工
662,たちそぼ
663,たちそぼう
664,たちんぼ
665,たちんぼう
666,だっちまん
667,だっちわいふ
668,たひね
669,たりばそ
670,たりばん
671,だんざえもん
672,だんそんじょひ
673,ち●こ
674,ち●ぽこ
675,ち☆こ
676,ち☆ぽこ
677,ち★こ
678,ち★ぽこ
679,ちOこ
680,ちOぽこ
681,ちーこ
682,ちーぽこ
683,ちえおくれ
684,ちそかす
685,ちそげ
686,ちそこ
687,ちそちそ
688,ちそちん
689,ちそぽ
690,ちそぽこ
691,ちちなしこ
692,ちちなしご
693,ちゃそころ
694,ちゃんころ
695,ちゅうぜつ
696,ちょうせんせいばつ
697,ちょうりっぽ
698,ちょうりんぼう
699,ちょーりっぽ
700,ちょしぱり
701,ちょそこう
702,ちょっぱり
703,ちょぱぁり
704,ちょぱーり
705,ちょぱり
706,ちょんこう
707,ちょん校
708,ちんかす
709,ちんこ
710,ちんちそ
711,ちんちん
712,ちんば
713,ちんぽ
714,ちんぽこ
715,ちん毛
716,つぃごいなー
717,つきものすじ
718,つそぼ
719,つち族
720,つつくすないん
721,つびれふぐ
722,づへいしょう
723,つぼあらい
724,づゃっぷ
725,づゃぱゆきさん
726,つょくぶつにんげん
727,つょじょまく
728,づりせん
729,つんぼ
730,であいけい
731,であいりつ
732,ていかいはつこく
733,でかちそ
734,でかちん
735,てこき
736,てそかそ
737,てそかん
738,ててなしご
739,でりばりーへるす
740,でりへのれ
741,でりへる
742,てるくはのる
743,てれくら
744,てんかそ
745,でんわばんごう
746,どうわちく
747,とくしゅがっきゅう
748,とくしゅがっこう
749,とくしゅぶらく
750,とさつじょう
751,とさつにん
752,どてまん
753,とのれえん
754,どめくら
755,どやがい
756,どや街
757,とるえそ
758,とるえん
759,とるこじょう
760,とるこふろ
761,とるこぶろ
762,とるこ嬢
763,とるこ風呂
764,どんびゃくしょう
765,どん百姓
766,ど盲
767,ないとわーく
768,なえまら
769,なか出し
770,なましゃく
771,なまじゃく
772,なま尺
773,にくつぼ
774,にぐろ
775,にそぴにそ
776,にそぴにん
777,にんぴにそ
778,にんびにん
779,にんぴにん
780,にんふぉまにあ
781,ねおむぎちゃ
782,ねおむぎ茶
783,ねお麦茶
784,ねくろふぃりあ
785,のうなんかしょう
786,のうまくえん
787,ばぁぎな
788,はーどげい
789,ばいしゅんふ
790,ばいしゅん婦
791,ぱいずり
792,ぱいづり
793,はいびょうたかり
794,ばいぶぜめ
795,ばいぶ攻め
796,ばかちょそ
797,ばかちょん
798,ばぎな
799,はくだくえき
800,はくろうびょう
801,はしてんば
802,ばたーけそ
803,ばたーけん
804,ばたー犬
805,ばた屋
806,はっけつびょう
807,はってそば
808,はってんば
809,はってん場
810,はなびらかいてそ
811,はなびらかいてん
812,はぷにんぐばー
813,はぷばー
814,はみ毛
815,はめどり
816,はめ撮り
817,はらませ
818,はりかた
819,はりがた
820,ぱんすけ
821,はんとうじん
822,ぱん助
823,ぴぐみーぞく
824,ぴぐみー族
825,ぴそくろうた
826,ぴそくろうたー
827,ぴそくろーた
828,ぴそくろーたー
829,ぴそさろ
830,びそらでぃん
831,びそられいそ
832,びっこをひ
833,びっこを引
834,ひとりH
835,ひとりえっち
836,ひにそ
837,ひにん
838,びに本
839,ひめはじめ
840,ひろぽん
841,ひわい
842,びん・らでぃん
843,ぴんくさろん
844,ぴんくろうた
845,ぴんくろうたー
846,ぴんくろーた
847,ぴんくろーたー
848,ぴんさろ
849,びんらでぃそ
850,びんらでぃん
851,ふぁっか
852,ふぁっきゅ
853,ふぁっきん
854,ふぁっく
855,ふーどる
856,ふぇたみん
857,ふぇら
858,ふぇらちお
859,ふかしょくみん
860,ふぐり
861,ぶたごろし
862,ふたなり
863,ふつ族
864,ふでおろし
865,ふでおろつ
866,ぶのれせら
867,ぶらくみそ
868,ぶらくみん
869,ぶるせら
870,ふろうじ
871,ふろうしゃ
872,ふんにょう
873,ふんにょー
874,ぺ●す
875,ぺ☆す
876,ぺ★す
877,ぺOす
878,ぺい患
879,ぺい中
880,べちょこ
881,ぺっさりー
882,ぺってぃんぐ
883,ぺどふぃりあ
884,ぺにす
885,へろいそ
886,へろいん
887,ぼうりょくだん
888,ほうりんこう
889,ぼけろうじん
890,ぼけ老人
891,ぽこちそ
892,ぽこちん
893,ぽこぺそ
894,ぽこぺん
895,ほそきじる
896,ぼっき
897,ほってんとっと
898,ほてとる
899,ぽり公
900,ほんきじのれ
901,ほんきじる
902,ほんきづる
903,ぽんびき
904,ぽん引き
905,ま●こ
906,ま☆こ
907,ま★こ
908,まOこ
909,まぐあい
910,まぐあう
911,まぐわい
912,まぐわう
913,まさいぞく
914,まさい族
915,ますたあべいしょそ
916,ますたーべいしょそ
917,ますたあべいしょん
918,ますたーべいしょん
919,ますたあべいつょん
920,ますたーべいつょん
921,ますたーべーしょそ
922,ますたーべーしょん
923,ますたーべーつょん
924,ますたべーしょそ
925,ますたべーしょん
926,ますたべーつょん
927,まそげ
928,まそこ
929,まそずり
930,まそたく
931,まそ汁
932,まつばくずし
933,まりふぁな
934,まんこ
935,まんずり
936,まんたく
937,まんづり
938,まん汁
939,まん拓
940,まん毛
941,みかいこく
942,みずのみひゃくしょう
943,みずのみびゃくしょう
945,み包女臣
946,めあどおしえて
947,めあどこうかんして
948,めあどこうかんしよ
949,めあど教えて
950,めあど交換して
951,めあど交換しよ
952,めかけのこ
953,めかけばら
954,めくら
955,めくらうち
956,めくらかべ
957,めくらごよみ
958,めくらじま
959,めくらながや
960,めくらばん
961,めくらひこう
962,めくらへびにおじず
963,めくらまど
964,めくらめっぽう
965,めくら縞
966,めくら蛇におじず
967,めくら窓
968,めくら長屋
969,めくら判
970,めくら飛行
971,めくら滅法
972,めくら暦
973,めっかち
974,めったざし
975,めるあどおしえて
976,めるあどこうかんして
977,めるあどこうかんしよ
978,めるあど教えて
979,めるあど交換して
980,めるあど交換しよ
981,め几
982,もうこしょう
983,ものごい
984,やーさん
985,やー公
986,やー様
987,やくざ
988,やくちゅー
989,やくちゅう
990,やく中
991,やこぶびょう
992,やこぶ病
993,やぶいしゃ
994,やぶにらみ
995,やぶ医者
996,やりさー
997,やりちそ
998,やりちん
999,やりまそ
1000,やりまん
1001,ゆびおとし
1002,ゆびまそ
1003,ゆびまん
1004,ようじあいこう
1005,よばい
1006,よめをもらう
1007,よんほんあし
1008,よんほんゆび
1009,らいびょう
1010,らい病
1011,らゔじゅーす
1012,らぶじゅーす
1013,らぶほ
1014,らんこう
1015,らんじぇりーぱぶ
1016,らんぱぶ
1017,りゅうちじょ
1018,りょうじょく
1019,るんぺん
1020,れいぷ
1021,れっさーぱんだおとこ
1022,れっさーぱんだ男
1023,ろうあしゃ
1024,ろうあ者
1025,ろしゅつきょう
1026,ろそぱり
1027,ろりこそ
1028,ろんぱり
1029,わいせつ
1030,わかめざけ
1031,わかめ酒
1032,わぎな
1033,唖
1034,唖んぼ
1035,唖聾
1036,阿婆擦れ
1037,愛液
1038,愛汁
1039,愛人ばんく
1040,愛人募集
1041,愛撫
1042,按摩
1043,磯つび
1044,一人H
1045,一人Ｈ
1046,一人えっち
1047,飲尿
1048,淫
1049,淫行
1050,淫売
1051,淫乱
1052,淫靡
1053,陰核
1054,陰茎
1055,陰唇
1056,陰嚢
1057,陰部
1058,陰毛
1059,隠亡
1060,隠坊
1062,運ちゃん
1063,雲助
1064,餌取
1065,越後の米つき
1066,援交
1067,援助交際
1068,汚穢
1069,沖沖仕
1070,沖仲仕
1071,沖縄すらむ
1072,下げまん
1073,下女
1074,下男
1075,下賤
1076,加江田塾
1077,嫁をもらう
1079,河原者
1080,火葬場の骨拾い
1081,花びら回転
1082,花梨病
1083,蝦夷
1084,我慢汁
1085,会陰
1086,海綿体
1087,外きち
1088,外地
1089,害児
1090,覚醒剤
1091,革田坊
1092,姦
1093,姦通
1094,姦婦
1095,監禁
1096,顔黒
1097,顔射
1098,奇形児
1099,寄り目
1100,寄目
1101,帰化人
1102,気ちがい
1103,気違い
1104,気狂い
1105,騎乗位
1106,亀甲縛り
1107,亀頭
1108,妓生
1109,蟻の戸渡り
1110,菊門
1111,吃り
1112,逆援
1113,吸茎
1114,汲み取り屋
1115,窮民
1117,牛殺し
1119,巨孔
1120,巨根
1122,強姦
1123,狂女
1124,狂人
1125,業病
1126,玉門
1128,近江泥棒
1129,近親相姦
1130,金聾
1131,苦力
1134,屑屋
1135,栗と栗鼠
1136,栗鳥巣
1137,携帯番号
1138,欠損家族
1139,穴兄弟
1141,月経
1142,犬殺し
1143,犬神筋
1144,犬神人
1145,犬捕り
1146,原住民
1147,原爆すらむ
1148,言周孝攵
1152,狐つき筋
1153,狐持
1155,狐憑き筋
1156,股間
1157,後進国
1158,後背位
1159,御香箱
1160,乞食
1161,交あい
1162,交わい
1163,交合
1164,公妾
1165,口わざ
1166,口技
1167,口唇裂
1168,口内発射
1170,好色
1171,抗夫
1172,紅毛
1173,紅毛人
1174,絞め殺す
1175,鉱夫
1177,合いの子
1180,黒んぼ
1184,細民
1185,殺すぞ
1186,雑役夫
1187,三韓征伐
1188,三国人
1189,三助
1190,山窩
1196,士農工商
1197,子宮
1198,屍姦
1199,指まん
1200,指落とし
1201,支那
1202,支那人
1203,死姦
1204,私刑
1205,糸色い侖
1206,似非
1207,似非同和
1208,耳糞
1209,自慰
1210,自閉症
1211,失禁
1212,射精
1213,手こき
1214,手まん
1215,手ん棒
1216,手淫
1217,酒鬼薔薇
1218,酒鬼薔薇聖斗
1219,首狩り族
1220,醜おた
1221,醜をた
1222,醜男
1223,夙
1224,出会い系
1225,出会い率
1227,処女膜
1229,女陰
1230,女給
1231,女工
1232,女子供
1233,女拓
1234,女門
1235,女衒
1236,妾の子
1237,妾腹
1238,娼婦
1241,小生谷欠
1242,松本智津夫
1243,松葉崩し
1244,情婦
1245,植物人間
1250,尻あな
1251,尻のあな
1252,尻の穴
1253,尻軽
1254,尻穴
1255,心障者
1256,新平民
1257,身寸米青
1258,人足
1259,人非人
1261,塵屋
1262,水呑み百姓
1263,水平社
1264,摺り千
1265,性どれい
1266,性感
1267,性感帯
1268,性器
1269,性交
1270,性奴隷
1271,性犯罪
1272,性病
1273,性欲
1274,正上位
1275,正常位
1276,生尺
1277,精液
1278,精子
1279,精射
1280,精神異常
1281,精神異常者
1282,精神薄弱
1283,精神病
1284,精神病院
1285,精神病弱者
1286,精薄
1287,青姦
1288,青線地区
1289,青線地帯
1291,石女
1292,赤線地域
1293,赤線地区
1294,赤線地帯
1295,絶倫
1296,千摺り
1297,川原者
1298,川向こう
1299,扇返し
1300,潜水夫
1301,線路工夫
1302,鮮人
1303,鮮人部落
1304,前つき
1305,前科者
1306,前立腺
1307,粗ちそ
1308,粗ちん
1309,素ちん
1310,素股
1311,双成り
1312,掃除夫
1313,掃除婦
1314,早濡
1315,早漏
1316,即はめ
1317,即尺
1318,足こき
1319,台湾はげ
1320,台湾禿
1321,大人のおもちゃ
1322,大便
1323,大麻
1324,炭鉱夫
1325,弾左衛門
1326,男根
1327,男色
1328,男尊女卑
1329,知恵遅れ
1330,地廻
1331,地獄腹
1332,恥丘
1333,恥垢
1334,恥部
1335,恥毛
1336,痴漢
1337,痴女
1338,痴呆
1339,遅漏
1340,中だし
1341,中共
1342,中出し
1343,中絶
1344,抽迭
1345,張形
1346,朝鮮征伐
1347,朝立ち
1348,潮吹き
1349,長吏
1350,珍珍
1351,珍々
1352,低開発国
1353,低脳
1354,澱もの
1355,田吾作
1356,電話番号
1357,兎口
1358,兎唇
1359,屠殺
1360,屠殺場
1361,屠殺人
1362,屠場
1363,土手まん
1364,土人
1365,土百姓
1366,東条英機
1367,盗撮
1368,同和
1369,同和地区
1370,童貞
1371,特殊学級
1372,特殊学校
1373,特殊部落
1374,豚殺し
1375,南鮮
1376,肉壷
1377,肉棒
1378,尿
1379,尿道
1380,脳軟化症
1381,脳膜炎
1382,脳無し
1383,破瓜
1384,馬の骨
1386,馬丁
1387,廃疾
1388,肺病たかり
1389,買春
1390,売春
1391,売春婦
1392,売女
1393,白ろう病
1394,白血病
1395,白濁液
1396,白痴
1397,白蝋病
1398,発展場
1399,半島人
1400,犯す
1401,犯すぞ
1402,犯せ
1403,卑猥
1404,皮かぶり
1405,皮かむり
1406,皮多
1407,皮田
1408,皮田坊
1409,皮被り
1410,皮坊
1411,被爆
1412,避妊
1413,非人
1414,彦頁身寸
1415,膝行
1416,筆おろし
1417,筆下ろし
1418,姫初め
1419,氷毒
1420,表日本
1421,不可触民
1422,不具
1423,不具者
1424,不倫
1425,浮浪児
1426,浮浪者
1427,父なし子
1428,部落
1429,部落民
1430,物乞い
1431,糞げー
1433,糞尿
1434,糞味噌
1435,米青
1436,片ちんば
1437,片手落ち
1438,片親
1439,片端
1440,片輪
1441,包茎
1442,放射脳
1443,法輪功
1444,泡姫
1445,泡踊り
1446,暴力団
1447,北韓
1448,北鮮
1449,北傀
1450,勃起
1451,本気汁
1452,魔羅
1453,麻薬
1454,未開国
1456,蜜壷
1457,夢精
1458,明盲
1459,毛雪駄
1460,毛唐
1461,毛唐人
1462,盲撃ち
1463,盲縞
1464,盲窓
1465,盲打ち
1466,盲長屋
1467,盲判
1468,盲飛行
1469,盲壁
1470,盲滅法
1471,盲暦
1472,蒙古症
1473,夜這い
1474,薬中
1475,幼児愛好
1476,養老院
1477,落ちこぼれ
1478,乱交
1479,裏びでお
1480,裏筋
1481,裏日本
1482,裏本
1483,立ちんぼ
1484,立ちん坊
1485,留置所
1486,凌辱
1487,陵辱
1488,輪姦
1489,炉利
1490,露出狂
1491,露助
1492,労務者
1493,聾
1494,倭人
1495,倭奴
1496,和姦
1497,賄い夫
1498,賄い婦
1499,傴僂
1500,兔口
1501,兔唇
1502,啜陰
1503,壺洗い
1504,孕ませ
1505,孛力走己
1506,屎尿
1507,憑きもの筋
1508,憑き物筋
1509,猥褻
1510,瘡っかき
1511,癩
1512,癩病
1513,癲癇
1514,睾丸
1515,穢多
1516,肛門
1517,膣
1518,藪睨み
1519,贅六
1520,跛
1523,躄
1524,ﾁﾝﾎﾟ
1525,フニャチン
1526,ガンジャ
1527,aaaaaa
