id,popup_scenario_group_id,character_id,appear_position,text_word,voice_id
10001101,100011,17,2,10600001,V017_8018
10001102,100011,17,2,10600002,V017_8019
10002101,100021,3,2,10600003,VM002_0018
10002102,100021,3,2,10600004,VM002_0019
10003201,100032,3,2,10600005,VM002_0020
10003202,100032,3,2,10600006,VM002_0021
10003203,100032,3,2,10600007,VM002_0022
10004301,100043,1,2,10600008,VM002_0023
10004302,100043,1,2,10600009,VM002_0024
10005101,100051,3,2,10600010,VM002_0132
10005102,100051,3,2,10600011,VM002_0133
10005103,100051,3,2,10600012,VM002_0134
10006201,100062,3,2,10600013,VM002_0135
10006202,100062,3,2,10600014,VM002_0136
10007301,100073,3,2,10600015,VM002_0137
10007302,100073,3,2,10600016,VM002_0138
10007303,100073,3,2,10600017,VM002_0139
10007304,100073,3,2,10600018,VM002_0140
10008101,100081,3,2,10600019,VM002_0141
10008102,100081,3,2,10600020,VM002_0142
10009201,100092,3,2,10600021,VM002_0143
10009202,100092,3,2,10600022,VM002_0144
10010101,100101,4,2,10600023,VM002_0263
10010102,100101,4,2,10600024,VM002_0264
10010103,100101,4,2,10600025,VM002_0265
10011201,100112,5,2,10600026,VM002_0266
10011202,100112,5,2,10600027,VM002_0267
10012301,100123,3,2,10600028,VM002_0268
10012302,100123,3,2,10600029,VM002_0269
10012303,100123,3,2,10600030,VM002_0270
10013101,100131,3,2,10600031,VM002_0271
10014201,100142,3,2,10600032,VM002_0272
10014202,100142,3,2,10600033,VM002_0273
10015101,100151,2,2,10600034,0
10015102,100151,3,2,10600035,VM002_0275
10015103,100151,4,2,10600036,VM002_0276
10016201,100162,5,2,10600037,VM002_0277
10016202,100162,4,2,10600038,VM002_0278
10016203,100162,5,2,10600039,VM002_0279
10016204,100162,5,2,10600040,VM002_0280
10017301,100173,4,2,10600041,VM002_0281
10018101,100181,9,2,10600042,VM003_0050
10018102,100181,9,2,10600043,VM003_0051
10018103,100181,4,2,10600044,VM003_0052
10019201,100192,9,2,10600045,VM003_0053
10019202,100192,9,2,10600046,VM003_0054
10020301,100203,4,2,10600047,VM003_0055
10021101,100211,2,2,10600048,VM003_0056
10021102,100211,5,2,10600049,VM003_0124
10022201,100222,6,2,10600050,VM003_0125
10022202,100222,6,2,10600051,VM003_0126
10023301,100233,84,2,10600052,VM003_0127
10023302,100233,4,2,10600053,VM003_0128
10024101,100241,6,2,10600054,VM003_0129
10024102,100241,6,2,10600055,VM003_0130
10025201,100252,2,2,10600056,VM003_0131
10025202,100252,85,2,10600057,VM003_0132
10025203,100252,5,2,10600058,VM003_0133
10026301,100263,6,2,10600059,VM003_0134
10026302,100263,2,2,10600060,VM003_0135
10026303,100263,6,2,10600061,VM003_0136
10026304,100263,2,2,10600062,VM003_0137
10027101,100271,5,2,10600063,VM003_0138
10027102,100271,85,2,10600064,VM003_0139
10028201,100282,83,2,10600065,VM003_0140
10028202,100282,83,2,10600066,VM003_0141
10028203,100282,83,2,10600067,VM003_0142
10029101,100291,17,2,10600068,VM003_0211
10029102,100291,21,2,10600069,VM003_0212
10030201,100302,17,2,10600070,VM003_0213
10030202,100302,17,2,10600071,VM003_0214
10030203,100302,17,2,10600072,VM003_0215
10031301,100313,21,2,10600073,VM003_0216
10032101,100321,18,2,10600074,VM003_0217
10032102,100321,18,2,10600075,VM003_0218
10032103,100321,18,2,10600076,VM003_0219
10033201,100332,18,2,10600077,VM003_0220
10033202,100332,18,2,10600078,VM003_0221
10034301,100343,18,2,10600079,VM003_0222
10035101,100351,17,2,10600080,VM003_0223
10036201,100362,17,2,10600081,VM003_0224
10036202,100362,17,2,10600082,VM003_0225
10037301,100373,17,2,10600083,VM003_0226
10038101,100381,2,2,10600084,VM005_0008
10039101,100391,2,2,10600085,VM005_0009
10040201,100402,2,2,10600086,VM005_0010
10041301,100413,2,2,10600087,VM005_0011
10042101,100421,4,2,10600088,VM005_0072
10043101,100431,5,2,10600089,VM005_0073
10043102,100431,5,2,10600090,VM005_0074
10044201,100442,5,2,10600091,VM005_0075
10044202,100442,5,2,10600092,VM005_0076
10045301,100453,4,2,10600093,VM005_0077
10046101,100461,4,2,10600094,VM005_0078
10046102,100461,4,2,10600095,VM005_0079
10047101,100471,9,2,10600096,VM005_0091
10048201,100482,4,2,10600097,VM005_0092
10049301,100493,5,2,10600098,VM005_0093
10050101,100501,4,2,10600099,VM005_0094
10050102,100501,4,2,10600100,VM005_0095
10051201,100512,5,2,10600101,VM005_0096
10051202,100512,4,2,10600102,VM005_0097
10051203,100512,5,2,10600103,VM005_0098
10052101,100521,4,2,10600104,VM005_0099
10052102,100521,9,2,10600105,VM005_0100
10053201,100532,5,2,10600106,VM005_0101
10053202,100532,85,2,10600107,VM005_0102
10054101,100541,18,2,10600108,VM007_0015
10054102,100541,18,2,10600109,VM007_0016
10054103,100541,18,2,10600110,VM007_0017
10055101,100551,6,2,10600111,VM007_0039
10056201,100562,6,2,10600112,VM007_0040
10056202,100562,6,2,10600113,VM007_0041
10057101,100571,4,2,10600114,VM007_0115
10057102,100571,4,2,10600115,VM007_0116
10057103,100571,4,2,10600116,VM007_0118
10057104,100571,4,2,10600117,VM007_0119
10058201,100582,3,2,10600118,VM007_0120
10058202,100582,3,2,10600119,VM007_0121
10058203,100582,3,2,10600120,VM007_0122
10058204,100582,4,2,10600121,VM007_0123
10058205,100582,4,2,10600122,VM007_0125
10058206,100582,4,2,10600123,VM007_0126
10058207,100582,4,2,10600124,VM007_0127
10059101,100591,21,2,10600125,VM007_0257
10059102,100591,20,2,10600126,VM007_0258
10059103,100591,20,2,10600127,VM007_0259
10059104,100591,1,2,10600128,VM007_0260
10059105,100591,21,2,10600129,VM007_0261
10059106,100591,20,2,10600130,VM007_0262
10059107,100591,23,2,10600131,VM007_0263
10059108,100591,22,2,10600132,VM007_0264
10059109,100591,22,2,10600133,VM007_0265
10060101,100601,23,2,10600134,VM007_0278
10060102,100601,1,2,10600135,VM007_0279
10060103,100601,22,2,10600136,VM007_0280
10061101,100611,1,2,10600137,VP001_0012
10061102,100611,18,2,10600138,VP001_0003
10061103,100611,1,2,10600139,VM007_0328
10062201,100622,18,2,10600140,V018_1029
10063301,100633,18,2,10600141,V018_3007
10064401,100644,18,2,10600142,V018_1129
10065501,100655,18,2,10600143,V018_2017
10066601,100666,18,2,10600144,V018_1028
10067701,100677,18,2,10600161,VP001_0013
10068801,100688,18,2,10600145,V018_1128
10082101,100821,1,2,10600137,VP001_0012
10082102,100821,18,2,10600138,VP001_0003
10082103,100821,1,2,10600139,VM007_0328
10083201,100832,18,2,10600140,V018_1029
10084301,100843,18,2,10600141,V018_3007
10085401,100854,18,2,10600142,V018_1129
10086501,100865,18,2,10600143,V018_2017
10087601,100876,18,2,10600144,V018_1028
10088701,100887,18,2,10600161,VP001_0013
10089801,100898,18,2,10600145,V018_1128
10103101,101031,1,2,10600137,VP001_0012
10103102,101031,18,2,10600138,VP001_0003
10103103,101031,1,2,10600139,VM007_0328
10104201,101042,18,2,10600140,V018_1029
10105301,101053,18,2,10600141,V018_3007
10106401,101064,18,2,10600142,V018_1129
10107501,101075,18,2,10600143,V018_2017
10108601,101086,18,2,10600144,V018_1028
10109701,101097,18,2,10600161,VP001_0013
10110801,101108,18,2,10600145,V018_1128
10124101,101241,18,2,10600162,VP001_0014
10124102,101241,18,2,10600163,VP001_0015
10125201,101252,4,2,10600164,VP001_0016
10125202,101252,4,2,10600165,VP001_0017
10126301,101263,18,2,10600166,VP001_0018
10127401,101274,5,2,10600167,VP001_0019
10128501,101285,1,2,10600168,VP001_0001
10129601,101296,1,2,10600169,VP001_0002
10130701,101307,3,2,10600170,VP001_0020
10131801,101318,5,2,10600171,VP001_0021
10131802,101318,5,2,10600172,VP001_0022
10132901,101329,18,2,10600173,VP001_0023
10138101,101381,6,2,10600184,VP002_0031
10138102,101381,5,2,10600185,VP002_0008
10138103,101381,4,2,10600186,VP002_0033
10139201,101392,4,2,10600203,VP002_0014
10140301,101403,4,2,10600193,VP002_0019
10141401,101414,5,2,10600187,VP002_0024
10142501,101425,6,2,10600198,VP002_0003
10143601,101436,6,2,10600188,VP002_0030
10143602,101436,4,2,10600189,VP002_0025
10144701,101447,5,2,10600201,VP002_0001
10145101,101451,6,2,10600184,VP002_0031
10145102,101451,5,2,10600185,VP002_0008
10145103,101451,4,2,10600186,VP002_0033
10146201,101462,4,2,10600203,VP002_0014
10147301,101473,4,2,10600193,VP002_0019
10148401,101484,5,2,10600187,VP002_0024
10149501,101495,6,2,10600198,VP002_0003
10150601,101506,6,2,10600188,VP002_0030
10150602,101506,4,2,10600189,VP002_0025
10151701,101517,5,2,10600201,VP002_0001
10152101,101521,6,2,10600184,VP002_0031
10152102,101521,5,2,10600185,VP002_0008
10152103,101521,4,2,10600186,VP002_0033
10153201,101532,4,2,10600203,VP002_0014
10154301,101543,4,2,10600193,VP002_0019
10155401,101554,5,2,10600187,VP002_0024
10156501,101565,6,2,10600198,VP002_0003
10157601,101576,6,2,10600188,VP002_0030
10157602,101576,4,2,10600189,VP002_0025
10158701,101587,5,2,10600201,VP002_0001
10159101,101591,6,2,10600184,VP002_0031
10159102,101591,5,2,10600185,VP002_0008
10159103,101591,4,2,10600186,VP002_0033
10160201,101602,4,2,10600203,VP002_0014
10161301,101613,4,2,10600193,VP002_0019
10162401,101624,4,2,10600190,VP002_0004
10163501,101635,5,2,10600199,VP002_0026
10164601,101646,5,2,10600194,VP002_0013
10164602,101646,4,2,10600195,VP002_0029
10165701,101657,5,2,10600202,VP002_0002
10166101,101661,6,2,10600184,VP002_0031
10166102,101661,5,2,10600185,VP002_0008
10166103,101661,4,2,10600186,VP002_0033
10167201,101672,4,2,10600203,VP002_0014
10168301,101683,4,2,10600193,VP002_0019
10169401,101694,4,2,10600190,VP002_0004
10170501,101705,5,2,10600199,VP002_0026
10171601,101716,5,2,10600194,VP002_0013
10171602,101716,4,2,10600195,VP002_0029
10172701,101727,5,2,10600202,VP002_0002
10173101,101731,6,2,10600184,VP002_0031
10173102,101731,5,2,10600185,VP002_0008
10173103,101731,4,2,10600186,VP002_0033
10174101,101741,6,2,10600184,VP002_0031
10174102,101741,5,2,10600185,VP002_0008
10174103,101741,4,2,10600186,VP002_0033
10174201,101742,4,2,10600203,VP002_0014
10175201,101752,4,2,10600203,VP002_0014
10175301,101753,4,2,10600193,VP002_0019
10176301,101763,4,2,10600193,VP002_0019
10176401,101764,4,2,10600190,VP002_0004
10177401,101774,5,2,10600187,VP002_0024
10177501,101775,5,2,10600199,VP002_0026
10178501,101785,5,2,10600200,VP002_0037
10178601,101786,5,2,10600194,VP002_0013
10178602,101786,4,2,10600195,VP002_0029
10179601,101796,6,2,10600188,VP002_0030
10179602,101796,4,2,10600189,VP002_0025
10179701,101797,5,2,10600202,VP002_0002
10180701,101807,5,2,10600201,VP002_0001
10181101,101811,6,2,10600184,VP002_0031
10181102,101811,5,2,10600185,VP002_0008
10181103,101811,4,2,10600186,VP002_0033
10182201,101822,4,2,10600203,VP002_0014
10183301,101833,4,2,10600193,VP002_0019
10184401,101844,5,2,10600187,VP002_0024
10185501,101855,5,2,10600200,VP002_0037
10186601,101866,6,2,10600188,VP002_0030
10186602,101866,4,2,10600189,VP002_0025
10187701,101877,5,2,10600201,VP002_0001
10188101,101881,6,2,10600184,VP002_0031
10188102,101881,5,2,10600185,VP002_0008
10188103,101881,4,2,10600186,VP002_0033
10189201,101892,4,2,10600203,VP002_0014
10190301,101903,4,2,10600193,VP002_0019
10191401,101914,5,2,10600187,VP002_0024
10192501,101925,5,2,10600200,VP002_0037
10193601,101936,6,2,10600188,VP002_0030
10193602,101936,4,2,10600189,VP002_0025
10194701,101947,5,2,10600201,VP002_0001
10195101,101951,6,2,10600184,VP002_0031
10195102,101951,5,2,10600185,VP002_0008
10195103,101951,4,2,10600186,VP002_0033
10196201,101962,4,2,10600203,VP002_0014
10197301,101973,4,2,10600193,VP002_0019
10198401,101984,4,2,10600192,VP002_0012
10199501,101995,5,2,10600199,VP002_0026
10200601,102006,5,2,10600194,VP002_0013
10200602,102006,4,2,10600195,VP002_0029
10201701,102017,5,2,10600202,VP002_0002
10202101,102021,6,2,10600184,VP002_0031
10202102,102021,5,2,10600185,VP002_0008
10202103,102021,4,2,10600186,VP002_0033
10203201,102032,4,2,10600203,VP002_0014
10204301,102043,4,2,10600193,VP002_0019
10205401,102054,4,2,10600192,VP002_0012
10206501,102065,5,2,10600199,VP002_0026
10207601,102076,5,2,10600194,VP002_0013
10207602,102076,4,2,10600195,VP002_0029
10208701,102087,5,2,10600202,VP002_0002
10209101,102091,6,2,10600184,VP002_0031
10209102,102091,5,2,10600185,VP002_0008
10209103,102091,4,2,10600186,VP002_0033
10210201,102102,4,2,10600203,VP002_0014
10211301,102113,4,2,10600193,VP002_0019
10212401,102124,4,2,10600192,VP002_0012
10213501,102135,5,2,10600199,VP002_0026
10214601,102146,5,2,10600194,VP002_0013
10214602,102146,4,2,10600195,VP002_0029
10215701,102157,5,2,10600202,VP002_0002
10216101,102161,6,2,10600184,VP002_0031
10216102,102161,5,2,10600185,VP002_0008
10216103,102161,4,2,10600186,VP002_0033
10217201,102172,4,2,10600203,VP002_0014
10218301,102183,4,2,10600193,VP002_0019
10219401,102194,4,2,10600190,VP002_0004
10220501,102205,5,2,10600200,VP002_0037
10221601,102216,6,2,10600188,VP002_0030
10221602,102216,4,2,10600189,VP002_0025
10222701,102227,5,2,10600201,VP002_0001
10223101,102231,6,2,10600184,VP002_0031
10223102,102231,5,2,10600185,VP002_0008
10223103,102231,4,2,10600186,VP002_0033
10224201,102242,4,2,10600203,VP002_0014
10225301,102253,4,2,10600193,VP002_0019
10226401,102264,4,2,10600190,VP002_0004
10227501,102275,5,2,10600200,VP002_0037
10228601,102286,6,2,10600188,VP002_0030
10228602,102286,4,2,10600189,VP002_0025
10229701,102297,5,2,10600201,VP002_0001
10230101,102301,6,2,10600184,VP002_0031
10230102,102301,5,2,10600185,VP002_0008
10230103,102301,4,2,10600186,VP002_0033
10231201,102312,4,2,10600203,VP002_0014
10232301,102323,4,2,10600193,VP002_0019
10233401,102334,4,2,10600190,VP002_0004
10234501,102345,5,2,10600200,VP002_0037
10235601,102356,6,2,10600188,VP002_0030
10235602,102356,4,2,10600189,VP002_0025
10236701,102367,5,2,10600201,VP002_0001
10237101,102371,6,2,10600184,VP002_0031
10237102,102371,5,2,10600185,VP002_0008
10237103,102371,4,2,10600186,VP002_0033
10238201,102382,4,2,10600203,VP002_0014
10239301,102393,4,2,10600193,VP002_0019
10240401,102404,4,2,10600192,VP002_0012
10241501,102415,6,2,10600198,VP002_0003
10242601,102426,5,2,10600194,VP002_0013
10242602,102426,4,2,10600195,VP002_0029
10243701,102437,5,2,10600202,VP002_0002
10244101,102441,6,2,10600184,VP002_0031
10244102,102441,5,2,10600185,VP002_0008
10244103,102441,4,2,10600186,VP002_0033
10245201,102452,4,2,10600203,VP002_0014
10246301,102463,4,2,10600193,VP002_0019
10247401,102474,4,2,10600192,VP002_0012
10248501,102485,6,2,10600198,VP002_0003
10249601,102496,5,2,10600194,VP002_0013
10249602,102496,4,2,10600195,VP002_0029
10250701,102507,5,2,10600202,VP002_0002
10251101,102511,6,2,10600184,VP002_0031
10251102,102511,5,2,10600185,VP002_0008
10251103,102511,4,2,10600186,VP002_0033
10252201,102522,4,2,10600203,VP002_0014
10253301,102533,4,2,10600193,VP002_0019
10254401,102544,4,2,10600192,VP002_0012
10255501,102555,6,2,10600198,VP002_0003
10256601,102566,5,2,10600194,VP002_0013
10256602,102566,4,2,10600195,VP002_0029
10257701,102577,5,2,10600202,VP002_0002
10258101,102581,6,2,10600184,VP002_0031
10258102,102581,5,2,10600185,VP002_0008
10258103,102581,4,2,10600186,VP002_0033
10259201,102592,4,2,10600203,VP002_0014
10260301,102603,4,2,10600193,VP002_0019
10261401,102614,6,2,10600191,VP002_0011
10262501,102625,5,2,10600200,VP002_0037
10263601,102636,6,2,10600196,VP002_0032
10263602,102636,5,2,10600197,VP002_0018
10264701,102647,5,2,10600202,VP002_0002
10265101,102651,6,2,10600184,VP002_0031
10265102,102651,5,2,10600185,VP002_0008
10265103,102651,4,2,10600186,VP002_0033
10266201,102662,4,2,10600203,VP002_0014
10267301,102673,4,2,10600193,VP002_0019
10268401,102684,6,2,10600191,VP002_0011
10269501,102695,5,2,10600200,VP002_0037
10270601,102706,6,2,10600196,VP002_0032
10270602,102706,5,2,10600197,VP002_0018
10271701,102717,5,2,10600202,VP002_0002
10272101,102721,6,2,10600184,VP002_0031
10272102,102721,5,2,10600185,VP002_0008
10272103,102721,4,2,10600186,VP002_0033
10273201,102732,4,2,10600203,VP002_0014
10274301,102743,4,2,10600193,VP002_0019
10275401,102754,6,2,10600191,VP002_0011
10276501,102765,5,2,10600200,VP002_0037
10277601,102776,6,2,10600196,VP002_0032
10277602,102776,5,2,10600197,VP002_0018
10278701,102787,5,2,10600202,VP002_0002
10279101,102791,3,2,10600204,VP002_0034
10279102,102791,4,2,10600223,VP002_0019
10280201,102802,2,2,10600205,VP002_0023
10280202,102802,3,2,10600206,V003_1023
10281101,102811,5,2,10600205,VP002_0007
10281102,102811,3,2,10600207,V003_1003
10282201,102822,4,2,10600208,V004_1022
10283101,102831,2,2,10600205,VP002_0023
10283102,102831,3,2,10600209,V003_0023
10284201,102842,5,2,10600210,V005_1026
10285101,102851,3,2,10600204,VP002_0034
10285102,102851,4,2,10600223,VP002_0019
10286201,102862,2,2,10600205,VP002_0023
10286202,102862,3,2,10600206,V003_1023
10287101,102871,5,2,10600205,VP002_0007
10287102,102871,3,2,10600207,V003_1003
10288201,102882,4,2,10600208,V004_1022
10289101,102891,2,2,10600205,VP002_0023
10289102,102891,3,2,10600209,V003_0023
10290201,102902,5,2,10600210,V005_1026
10291101,102911,3,2,10600204,VP002_0034
10291102,102911,4,2,10600223,VP002_0019
10292201,102922,2,2,10600205,VP002_0023
10292202,102922,3,2,10600206,V003_1023
10293101,102931,5,2,10600205,VP002_0007
10293102,102931,3,2,10600207,V003_1003
10294201,102942,4,2,10600208,V004_1022
10295101,102951,2,2,10600205,VP002_0023
10295102,102951,3,2,10600209,V003_0023
10296201,102962,5,2,10600210,V005_1026
10297101,102971,3,2,10600211,VP002_0006
10297102,102971,1,2,10600212,VP002_0005
10298201,102982,1,2,10600213,VP002_0045
10299101,102991,2,2,10600214,VP002_0042
10299102,102991,1,2,10600215,VP002_0044
10300201,103002,3,2,10600216,V003_1027
10301101,103011,2,2,10600217,VP002_0010
10301102,103011,1,2,10600218,VP002_0020
10302201,103022,2,2,10600219,VP002_0022
10302202,103022,3,2,10600220,VP002_0027
10303101,103031,3,2,10600211,VP002_0006
10303102,103031,1,2,10600212,VP002_0005
10304201,103042,1,2,10600213,VP002_0045
10305101,103051,2,2,10600214,VP002_0042
10305102,103051,1,2,10600215,VP002_0044
10306201,103062,3,2,10600216,V003_1027
10307101,103071,2,2,10600217,VP002_0010
10307102,103071,1,2,10600218,VP002_0020
10308201,103082,1,2,10600221,VP002_0040
10308202,103082,2,2,10600222,VP002_0021
10309301,103093,2,2,10600219,VP002_0022
10309302,103093,3,2,10600220,VP002_0027
10310101,103101,2,2,10600224,VM005_0148
10310102,103101,17,2,10600225,VM005_0149
10311201,103112,2,2,10600226,VM005_0150
10311202,103112,1,2,10600227,VM005_0151
10312301,103123,17,2,10600228,VM005_0152
10312302,103123,17,2,10600229,VM005_0153
10313101,103131,16,2,10600301,V016_3002
10313102,103131,16,2,10600302,V016_3006
10314201,103142,6,2,10600303,VP002_0031
10314202,103142,8,2,10600304,VP003_0001
10315301,103153,7,2,10600305,V007_1018
10315302,103153,8,2,10600306,VM002_0379
10316101,103161,16,2,10600307,VM001_0006
10317201,103172,8,2,10600308,VP003_0002
10318301,103183,16,2,10600309,V016_1016
10319101,103191,16,2,10600301,V016_3002
10319102,103191,16,2,10600302,V016_3006
10319401,103194,8,2,10600310,VP003_0003
10320201,103202,6,2,10600303,VP002_0031
10320202,103202,8,2,10600304,VP003_0001
10320501,103205,7,2,10600311,V007_1022
10321301,103213,7,2,10600305,V007_1018
10321302,103213,8,2,10600306,VM002_0379
10321601,103216,8,2,10600312,VP003_0004
10322101,103221,16,2,10600307,VM001_0006
10322701,103227,1,2,10600313,VP003_0005
10322702,103227,8,2,10600314,VP003_0006
10323201,103232,8,2,10600308,VP003_0002
10323801,103238,8,2,10600315,VP003_0007
10324301,103243,16,2,10600309,V016_1016
10324901,103249,7,2,10600316,V007_1011
10325401,103254,8,2,10600310,VP003_0003
10326501,103265,7,2,10600311,V007_1022
10327601,103276,8,2,10600312,VP003_0004
10328701,103287,1,2,10600313,VP003_0005
10328702,103287,8,2,10600314,VP003_0006
10329101,103291,22,2,10600230,VP004_0001
10329102,103291,20,2,10600231,VP004_0002
10329103,103291,22,2,10600232,VP004_0003
10329801,103298,8,2,10600315,VP003_0007
10330201,103302,21,2,10600233,VP004_0004
10330901,103309,7,2,10600316,V007_1020
10331301,103313,20,2,10600234,VP004_0005
10332401,103324,23,2,10600235,VP004_0006
10333501,103335,21,2,10600236,V021_1021
10334601,103346,20,2,10600237,VP004_0007
10335701,103357,22,2,10600238,VP004_0008
10336801,103368,20,2,10600239,VP004_0009
10336802,103368,21,2,10600240,VP004_0010
10337901,103379,21,2,10600241,VP004_0011
10340101,103401,22,2,10600246,VM008_0298
10340102,103401,22,2,10600247,VM008_0299
10340103,103401,22,2,10600248,VM008_0300
10340104,103401,21,2,10600249,VM008_0301
10340105,103401,20,2,10600250,VM008_0302
10341201,103412,22,2,10600251,VM008_0303
10341202,103412,21,2,10600252,VM008_0304
10341203,103412,20,2,10600253,VM008_0305
10341204,103412,22,2,10600254,VM008_0306
10341205,103412,22,2,10600255,VM008_0307
10341206,103412,22,2,10600256,VM008_0308
10342301,103423,21,2,10600257,VM008_0309
10342302,103423,20,2,10600258,VM008_0310
10342303,103423,22,2,10600259,VM008_0311
10342304,103423,20,2,10600260,VM008_0312
10342305,103423,21,2,10600261,VM008_0313
10343101,103431,1,2,10600262,VM008_0345
10343102,103431,1,2,10600263,VM008_0346
10343103,103431,1,2,10600264,VM008_0347
10343104,103431,1,2,10600265,VM008_0348
10343105,103431,1,2,10600266,VM008_0349
10344201,103442,1,2,10600267,VM008_0350
10344202,103442,1,2,10600268,VM008_0351
10344203,103442,1,2,10600269,VM008_0352
10344204,103442,1,2,10600270,VM008_0353
10345301,103453,1,2,10600271,VM008_0354
10345302,103453,1,2,10600272,VM008_0355
10345303,103453,1,2,10600273,VM008_0356
10345304,103453,1,2,10600274,VM008_0357
10346101,103461,2,2,10600275,VM008_0373
10346102,103461,2,2,10600276,VM008_0374
10346103,103461,2,2,10600277,VM008_0375
10346104,103461,2,2,10600278,VM008_0376
10347201,103472,2,2,10600279,VM008_0377
10347202,103472,2,2,10600280,VM008_0378
10347203,103472,2,2,10600281,VM008_0379
10347204,103472,2,2,10600282,VM008_0380
10347205,103472,2,2,10600283,VM008_0381
10348301,103483,2,2,10600284,VM008_0382
10348302,103483,2,2,10600285,VM008_0383
10349101,103491,17,2,10600286,VM008_0408
10349102,103491,17,2,10600287,VM008_0409
10349103,103491,2,2,10600288,VM008_0410
10349104,103491,2,2,10600289,VM008_0411
10350201,103502,17,2,10600290,VM008_0412
10350202,103502,2,2,10600291,VM008_0413
10350203,103502,2,2,10600292,VM008_0414
10350204,103502,2,2,10600293,VM008_0415
10351301,103513,17,2,10600294,VM008_0416
10351302,103513,2,2,10600295,VM008_0417
10352101,103521,2,2,10600296,VM009_0511
10352102,103521,18,2,10600297,VM009_0512
10352103,103521,2,2,10600298,VM009_0513
10352104,103521,18,2,10600299,VM009_0514
10352105,103521,18,2,10600300,VM009_0515
10353101,103531,6,2,10600184,VP002_0031
10353102,103531,5,2,10600185,VP002_0008
10353103,103531,4,2,10600186,VP002_0033
10354201,103542,4,2,10600203,VP002_0014
10355301,103553,4,2,10600193,VP002_0019
10356401,103564,5,2,10600187,VP002_0024
10357501,103575,6,2,10600198,VP002_0003
10358601,103586,6,2,10600188,VP002_0030
10358602,103586,4,2,10600189,VP002_0025
10359701,103597,5,2,10600201,VP002_0001
10360101,103601,6,2,10600184,VP002_0031
10360102,103601,5,2,10600185,VP002_0008
10360103,103601,4,2,10600186,VP002_0033
10361201,103612,4,2,10600203,VP002_0014
10362301,103623,4,2,10600193,VP002_0019
10363401,103634,4,2,10600190,VP002_0004
10364501,103645,5,2,10600199,VP002_0026
10365601,103656,5,2,10600194,VP002_0013
10365602,103656,4,2,10600195,VP002_0029
10366701,103667,5,2,10600202,VP002_0002
10367101,103671,6,2,10600184,VP002_0031
10367102,103671,5,2,10600185,VP002_0008
10367103,103671,4,2,10600186,VP002_0033
10368201,103682,4,2,10600203,VP002_0014
10369301,103693,4,2,10600193,VP002_0019
10370401,103704,5,2,10600187,VP002_0024
10371501,103715,5,2,10600200,VP002_0037
10372601,103726,6,2,10600188,VP002_0030
10372602,103726,4,2,10600189,VP002_0025
10373701,103737,5,2,10600201,VP002_0001
10374101,103741,6,2,10600184,VP002_0031
10374102,103741,5,2,10600185,VP002_0008
10374103,103741,4,2,10600186,VP002_0033
10375201,103752,4,2,10600203,VP002_0014
10376301,103763,4,2,10600193,VP002_0019
10377401,103774,4,2,10600192,VP002_0012
10378501,103785,5,2,10600199,VP002_0026
10379601,103796,5,2,10600194,VP002_0013
10379602,103796,4,2,10600195,VP002_0029
10380701,103807,5,2,10600202,VP002_0002
10381101,103811,6,2,10600184,VP002_0031
10381102,103811,5,2,10600185,VP002_0008
10381103,103811,4,2,10600186,VP002_0033
10382201,103822,4,2,10600203,VP002_0014
10383301,103833,4,2,10600193,VP002_0019
10384401,103844,4,2,10600190,VP002_0004
10385501,103855,5,2,10600200,VP002_0037
10386601,103866,6,2,10600188,VP002_0030
10386602,103866,4,2,10600189,VP002_0025
10387701,103877,5,2,10600201,VP002_0001
10388101,103881,6,2,10600184,VP002_0031
10388102,103881,5,2,10600185,VP002_0008
10388103,103881,4,2,10600186,VP002_0033
10389201,103892,4,2,10600203,VP002_0014
10390301,103903,4,2,10600193,VP002_0019
10391401,103914,4,2,10600192,VP002_0012
10392501,103925,6,2,10600198,VP002_0003
10393601,103936,5,2,10600194,VP002_0013
10393602,103936,4,2,10600195,VP002_0029
10394701,103947,5,2,10600202,VP002_0002
10395101,103951,6,2,10600184,VP002_0031
10395102,103951,5,2,10600185,VP002_0008
10395103,103951,4,2,10600186,VP002_0033
10396201,103962,4,2,10600203,VP002_0014
10397301,103973,4,2,10600193,VP002_0019
10398401,103984,6,2,10600191,VP002_0011
10399501,103995,5,2,10600200,VP002_0037
10400601,104006,6,2,10600196,VP002_0032
10400602,104006,5,2,10600197,VP002_0018
10401701,104017,5,2,10600202,VP002_0002
10402101,104021,19,2,10600318,VP005_0001
10402102,104021,19,2,10600319,VP005_0002
10402103,104021,32,2,10600320,VP005_0003
10402104,104021,32,2,10600321,VP005_0004
10403201,104032,32,2,10600322,VP005_0005
10403202,104032,33,2,10600323,V033_1016
10404301,104043,32,2,10600324,VP005_0006
10404302,104043,19,2,10600325,VP005_0007
10405401,104054,33,2,10600326,VP005_0008
10406501,104065,33,2,10600327,VP005_0009
10407601,104076,33,2,10600328,VP005_0010
10408701,104087,19,2,10600329,VP005_0011
10409801,104098,32,2,10600330,VP005_0012
10409802,104098,33,2,10600331,V033_2028
10410901,104109,32,2,10600332,VP005_0013
10410902,104109,19,2,10600333,V019_1018
10413101,104131,3,2,10600211,VP002_0006
10413102,104131,1,2,10600212,VP002_0005
10414201,104142,1,2,10600213,VP002_0045
10415101,104151,2,2,10600214,VP002_0042
10415102,104151,1,2,10600215,VP002_0044
10416201,104162,3,2,10600216,V003_1027
10417101,104171,2,2,10600217,VP002_0010
10417102,104171,1,2,10600218,VP002_0020
10418201,104182,1,2,10600221,VP002_0040
10418202,104182,2,2,10600222,VP002_0021
10419301,104193,2,2,10600219,VP002_0022
10419302,104193,3,2,10600220,VP002_0027
10420101,104201,1,2,10600338,V001_1018
10420102,104201,3,2,10600339,V003_0021
10421201,104212,2,2,10600340,V002_0123
10422301,104223,3,2,10600341,V003_0023
10423401,104234,2,2,10600342,V002_1021
10424101,104241,3,2,10600343,V003_1003
10425201,104252,1,2,10600344,V001_1003
10426301,104263,2,2,10600345,V002_0122
10427401,104274,1,2,10600346,V001_2007
10428501,104285,1,2,10600347,V001_2011
10429601,104296,3,2,10600348,V003_1023
10430701,104307,2,2,10600349,V002_2011
10430702,104307,1,2,10600350,V001_1026
10431801,104318,2,2,10600351,V002_1120
10432901,104329,3,2,10600352,V003_1027
10434101,104341,1,2,10600338,V001_1018
10434102,104341,3,2,10600339,V003_0021
10435201,104352,2,2,10600340,V002_0123
10436301,104363,3,2,10600341,V003_0023
10437401,104374,2,2,10600342,V002_1021
10438101,104381,3,2,10600343,V003_1003
10439201,104392,1,2,10600344,V001_1017
10440301,104403,2,2,10600345,V002_0122
10441401,104414,1,2,10600346,V001_2007
10442501,104425,1,2,10600347,V001_2011
10443601,104436,3,2,10600348,V003_1023
10444701,104447,2,2,10600349,V002_2011
10444702,104447,1,2,10600350,V001_1026
10445801,104458,2,2,10600351,V002_1120
10446901,104469,3,2,10600352,V003_1027
10448101,104481,84,2,10600354,VP008_0003
10448102,104481,83,2,10600355,VP008_0004
10448103,104481,3,2,10600356,VP008_0005
10449201,104492,83,2,10600357,VP008_0007
10449202,104492,3,2,10600358,VP008_0008
10450301,104503,83,2,10600359,VM003_0060
10451401,104514,83,2,10600360,VP008_0009
10452501,104525,83,2,10600361,VP008_0010
10452502,104525,3,2,10600362,V003_1106
10452503,104525,83,2,10600363,VP008_0011
10453601,104536,3,2,10600364,VP008_0012
10454701,104547,84,2,10600365,VP008_0013
10454702,104547,83,2,10600366,VP008_0014
10455801,104558,83,2,10600367,VP008_0015
10456101,104561,3,2,10600368,VP009_0005
10456102,104561,85,2,10600369,VM009_0136
10457101,104571,3,2,10600370,VM009_0336
10457102,104571,2,2,10600371,V002_2103
10458101,104581,3,2,10600372,VP009_0006
10458102,104581,85,2,10600373,VM005_0067
10459201,104592,3,2,10600374,VP009_0001
10459202,104592,85,2,10600375,V085_1023
10460301,104603,3,2,10600376,VM002_0308
10460302,104603,2,2,10600377,V002_1024
10461401,104614,2,2,10600378,V002_1126
10462501,104625,85,2,10600379,VP009_0004
10462502,104625,2,2,10600380,VM008_0415
10463601,104636,85,2,10600381,VP009_0003
10463602,104636,2,2,10600382,VP009_0007
10464101,104641,19,2,10600383,VM010_0185
10465101,104651,19,2,10600385,VM010_0187
10465201,104652,19,2,10600384,VM010_0186
10466101,104661,6,2,10600387,VM010_0384
10466201,104662,19,2,10600386,VM010_0188
10467101,104671,6,2,10600390,VM010_0387
10467102,104671,6,2,10600391,VM010_0388
10467201,104672,6,2,10600388,VM010_0385
10467301,104673,6,2,10600389,VM010_0386
10468201,104682,6,2,10600392,VM010_0389
10468202,104682,6,2,10600393,VM010_0390
10468301,104683,6,2,10600394,VM010_0391
10468302,104683,6,2,10600395,VM010_0392
10469101,104691,32,2,10600396,VM011_0315
10469102,104691,33,2,10600397,VM011_0316
10469103,104691,32,2,10600398,VM011_0317
10470201,104702,33,2,10600399,VM011_0318
10470202,104702,33,2,10600400,VM011_0319
10470203,104702,33,2,10600401,VM011_0320
10471301,104713,32,2,10600402,VM011_0321
10471302,104713,32,2,10600403,VM011_0322
10471303,104713,32,2,10600404,VM011_0323
10471304,104713,33,2,10600405,VM011_0324
10471305,104713,33,2,10600406,VM011_0325
10471306,104713,32,2,10600407,VM011_0326
10472101,104721,32,2,10600408,VM011_0434
10473201,104732,33,2,10600409,VM011_0435
10473202,104732,33,2,10600410,VM011_0436
10474301,104743,32,2,10600411,VM011_0437
10474302,104743,33,2,10600412,VM011_0438
10475101,104751,2,2,10600205,VM002_0233
10475102,104751,3,2,10600414,V003_1019
10475103,104751,5,2,10600415,V005_1029
10476201,104762,4,2,10600416,V004_1019
10476202,104762,3,2,10600417,V003_1117
10477301,104773,5,2,10600418,VM011_0299
10477302,104773,4,2,10600419,V004_2011
10478401,104784,4,2,10600420,VM009_0400
10478402,104784,3,2,10600421,VM009_0401
10479501,104795,2,2,10600422,V002_1020
10480601,104806,2,2,10600423,V002_1022
10481701,104817,4,2,10600424,VM005_0097
10481702,104817,5,2,10600425,VM005_0098
10482801,104828,3,2,10600426,V003_1026
10482802,104828,4,2,10600427,V004_2030
10483901,104839,2,2,10600428,V002_3004
10483902,104839,3,2,10600429,V003_1027
10488101,104881,16,2,10600301,V016_3002
10488102,104881,16,2,10600302,V016_3006
10489201,104892,6,2,10600303,VP002_0031
10489202,104892,8,2,10600304,VP003_0001
10490301,104903,7,2,10600305,V007_1018
10490302,104903,8,2,10600306,VM002_0379
10491101,104911,16,2,10600307,VM001_0006
10492201,104922,8,2,10600308,VP003_0002
10493301,104933,16,2,10600309,V016_1016
10494401,104944,8,2,10600310,VP003_0003
10495501,104955,7,2,10600311,V007_1022
10496601,104966,8,2,10600312,VP003_0004
10497701,104977,1,2,10600313,VP003_0005
10497702,104977,8,2,10600314,VP003_0006
10498801,104988,8,2,10600315,VP003_0007
10499901,104999,7,2,10600438,V007_1011
10509101,105091,5,2,10600439,VM002_0221
10509102,105091,4,2,10600440,VM008_0486
10509103,105091,7,2,10600441,V007_0021
10509104,105091,1,2,10600442,VM009_0277
10509105,105091,3,2,10600443,VM009_0401
10510201,105102,3,2,10600444,VP010_0003
10510202,105102,3,2,10600445,VP010_0004
10511301,105113,7,2,10600446,VM011_0392
10511302,105113,5,2,10600447,VM005_0068
10512401,105124,5,2,10600448,VM013_0566
10512402,105124,5,2,10600449,VM013_0567
10513501,105135,5,2,10600450,VP010_0005
10513502,105135,5,2,10600451,VP010_0006
10513503,105135,4,2,10600452,VP010_0007
10514601,105146,4,2,10600453,VP010_0008
10514602,105146,7,2,10600454,V007_0023
10515701,105157,4,2,10600455,VP010_0009
10515702,105157,4,2,10600456,VP010_0010
10515703,105157,1,2,10600457,VM002_0071
10516801,105168,1,2,10600458,V001_1017
10516802,105168,3,2,10600459,VM005_0133
10516803,105168,1,2,10600460,VP010_0011
10517101,105171,19,2,10600461,V019_3001
10517102,105171,17,2,10600462,V017_0021
10518201,105182,19,2,10600463,V019_0023
10518202,105182,17,2,10600464,V017_2001
10519301,105193,19,2,10600465,V019_1026
10520401,105204,19,2,10600466,V019_0026
10521101,105211,17,2,10600467,VP011_0001
10521102,105211,17,2,10600468,VP011_0002
10522201,105222,17,2,10600469,VP011_0003
10522202,105222,17,2,10600470,VP011_0004
10522203,105222,19,2,10600471,V019_2003
10523301,105233,19,2,10600472,V019_2010
10523302,105233,17,2,10600473,V017_2010
10524401,105244,19,2,10600474,VP011_0005
10524402,105244,17,2,10600475,VM008_0387
10525501,105255,17,2,10600476,VM008_0389
10525502,105255,19,2,10600477,V019_2002
10526601,105266,19,2,10600478,V019_2007
10526602,105266,17,2,10600479,VM008_0481_2
10527701,105277,17,2,10600480,V017_2023
10528801,105288,17,2,10600481,V017_0023
10529901,105299,19,2,10600482,V019_3007
10531101,105311,19,2,10600461,V019_3001
10531102,105311,17,2,10600462,V017_0021
10532201,105322,19,2,10600463,V019_0023
10532202,105322,17,2,10600464,V017_2001
10533301,105333,19,2,10600465,V019_1026
10534401,105344,19,2,10600466,V019_0026
10535101,105351,17,2,10600467,VP011_0001
10535102,105351,17,2,10600468,VP011_0002
10536201,105362,17,2,10600469,VP011_0003
10536202,105362,17,2,10600470,VP011_0004
10536203,105362,19,2,10600471,V019_2003
10537301,105373,19,2,10600472,V019_2010
10537302,105373,17,2,10600473,V017_2010
10538401,105384,19,2,10600474,VP011_0005
10538402,105384,17,2,10600475,VM008_0387
10539501,105395,17,2,10600476,VM008_0389
10539502,105395,19,2,10600477,V019_2002
10540601,105406,19,2,10600478,V019_2007
10540602,105406,17,2,10600479,VM008_0481_2
10541701,105417,17,2,10600480,V017_2023
10542801,105428,17,2,10600481,V017_0023
10543901,105439,19,2,10600482,V019_3007
10545101,105451,3,2,10600368,VP009_0005
10545102,105451,85,2,10600369,VM009_0136
10546101,105461,3,2,10600370,VM009_0336
10546102,105461,2,2,10600371,V002_2103
10547101,105471,3,2,10600372,VP009_0006
10547102,105471,85,2,10600373,VM005_0067
10548201,105482,3,2,10600374,VP009_0001
10548202,105482,85,2,10600375,V085_1023
10549301,105493,3,2,10600376,VM002_0308
10549302,105493,2,2,10600377,V002_1024
10550401,105504,2,2,10600378,V002_1126
10551501,105515,85,2,10600379,VP009_0004
10551502,105515,2,2,10600380,VM008_0415
10552601,105526,85,2,10600381,VP009_0003
10552602,105526,2,2,10600382,VP009_0007
10553101,105531,18,2,10600485,VM013_0301
10553102,105531,18,2,10600486,VM013_0302
10553103,105531,18,2,10600487,VM013_0303
10553104,105531,18,2,10600488,VM013_0304
10554101,105541,0,2,10600489,VM013_0451
10554102,105541,0,2,10600490,VM013_0452
10555201,105552,0,2,10600491,VM013_0453
10555202,105552,0,2,10600492,VM013_0454
10556301,105563,2,2,10600493,VM013_0455
10556302,105563,0,2,10600494,VM013_0456
10557101,105571,1,2,10600495,VM013_0500
10557102,105571,1,2,10600496,VM013_0501
10557103,105571,1,2,10600497,VM013_0502
10558101,105581,1,2,10600498,VM013_0544
10558102,105581,1,2,10600499,VM013_0545
10559101,105591,1,2,10600137,VP001_0012
10559102,105591,18,2,10600138,VP001_0003
10559103,105591,1,2,10600139,VM007_0328
10560201,105602,18,2,10600140,V018_1029
10561301,105613,18,2,10600141,V018_3007
10562401,105624,18,2,10600142,V018_1129
10563501,105635,18,2,10600143,V018_2017
10564601,105646,18,2,10600144,V018_1028
10565701,105657,18,2,10600161,VP001_0013
10566801,105668,18,2,10600145,V018_1128
10567901,105679,18,2,10600181,V018_0122
10572101,105721,1,2,10600501,V001_2020
10572102,105721,1,2,10600502,V001_2015
10573101,105731,18,2,10600503,V018_2017
10573102,105731,18,2,10600504,V018_2015
10574101,105741,6,2,10600505,V006_2020
10574102,105741,6,2,10600506,V006_2015
10575101,105751,5,2,10600507,V005_2017
10575102,105751,5,2,10600508,V005_2015
10576101,105761,2,2,10600509,V002_2020
10576102,105761,2,2,10600510,V002_1029
10577101,105771,16,2,10600511,V016_0027
10577102,105771,16,2,10600512,V016_0026
10578101,105781,3,2,10600513,V003_2017
10578102,105781,3,2,10600514,V003_0021
10579101,105791,7,2,10600515,V007_2015
10579102,105791,7,2,10600516,V007_0023
10580101,105801,4,2,10600517,V004_2020
10580102,105801,4,2,10600518,V004_2006
10581101,105811,17,2,10600519,V017_2015
10581102,105811,17,2,10600520,V017_1021
10582101,105821,1,2,10600338,V001_1018
10582102,105821,3,2,10600339,V003_0021
10583201,105832,2,2,10600340,V002_0123
10584301,105843,3,2,10600341,V003_0023
10585401,105854,2,2,10600342,V002_1021
10586101,105861,3,2,10600343,V003_1019
10587201,105872,1,2,10600344,V001_1003
10588301,105883,2,2,10600345,V002_0122
10589401,105894,1,2,10600346,V001_2007
10590501,105905,1,2,10600347,V001_2011
10591601,105916,3,2,10600348,V003_1023
10592701,105927,2,2,10600349,V002_2011
10592702,105927,1,2,10600350,V001_1026
10593801,105938,2,2,10600351,V002_1120
10594901,105949,3,2,10600352,V003_1027
10596101,105961,1,2,10600521,V001_0006
10596102,105961,1,2,10600522,V001_1021
10597201,105972,1,2,10600523,0
10598301,105983,1,2,10600524,V001_0007
10599101,105991,1,2,10600525,V001_0006
10600201,106002,1,2,10600526,V001_2025
10600202,106002,1,2,10600527,V001_2006
10601301,106013,1,2,10600528,0
10601302,106013,1,2,10600529,V001_0007
10602101,106021,1,2,10600530,V001_0006
10602102,106021,1,2,10600531,0
10602103,106021,1,2,10600532,V001_2006
10603201,106032,1,2,10600533,V001_1005
10603202,106032,1,2,10600534,V001_0007
10604101,106041,1,2,10600535,V001_0006
10604102,106041,1,2,10600536,V001_1015
10605201,106052,1,2,10600537,0
10605202,106052,1,2,10600538,V001_1005
10606301,106063,1,2,10600539,V001_0007
10607101,106071,1,2,10600540,V001_0006
10607102,106071,1,2,10600541,0
10607103,106071,1,2,10600542,V001_1015
10608201,106082,1,2,10600543,V001_1005
10609301,106093,1,2,10600544,V001_0007
10610101,106101,1,2,10600545,V001_0006
10610102,106101,1,2,10600546,V001_2006
10610103,106101,1,2,10600547,0
10611201,106112,1,2,10600548,V001_2017
10611202,106112,1,2,10600549,V001_0007
10612101,106121,1,2,10600550,V001_0006
10612102,106121,1,2,10600551,V001_2015
10612103,106121,1,2,10600552,0
10612104,106121,1,2,10600553,V001_2006
10613201,106132,1,2,10600554,V001_0030
10614101,106141,16,2,10600555,VP012_0001
10614102,106141,17,2,10600556,V017_2002
10614103,106141,18,2,10600557,V018_0122
10615201,106152,16,2,10600558,VM015_0577
10615202,106152,17,2,10600559,VM005_0153
10616301,106163,18,2,10600560,VM009_0512
10616302,106163,17,2,10600561,V017_2007
10617401,106174,16,2,10600562,VM010_0180
10617402,106174,17,2,10600563,VM010_0181
10618501,106185,18,2,10600564,VP012_0002
10618502,106185,16,2,10600565,VM008_0480
10619601,106196,17,2,10600566,VP012_0003
10619602,106196,18,2,10600567,VM009_0413
10620701,106207,16,2,10600568,V016_1027
10620702,106207,17,2,10600569,V017_2001
10620703,106207,18,2,10600570,V018_2003
10621801,106218,18,2,10600571,V018_1023
10621802,106218,16,2,10600572,VP012_0004
10621803,106218,17,2,10600573,VP012_0005
10622901,106229,16,2,10600574,V016_1026
10622902,106229,18,2,10600575,V018_1022
10622903,106229,17,2,10600576,VM008_0409
10623101,106231,16,2,10600577,VM015_0480
10624101,106241,2,2,10600582,VM015_0485
10624102,106241,5,2,10600583,VM015_0486
10624201,106242,16,2,10600578,VM015_0481
10625101,106251,2,2,10600584,VM015_0507
10625102,106251,2,2,10600585,VM015_0508
10625103,106251,2,2,10600586,VM015_0509
10625104,106251,4,2,10600587,VM015_0510
10625105,106251,4,2,10600588,VM015_0511
10625301,106253,16,2,10600579,VM015_0482
10625302,106253,16,2,10600580,VM015_0483
10625303,106253,16,2,10600581,VM015_0484
10626101,106261,7,2,10600589,VM015_0543
10626102,106261,7,2,10600590,VM015_0544
10626103,106261,7,2,10600591,VM015_0545
10626104,106261,5,2,10600592,VM015_0546
10626105,106261,5,2,10600593,VM015_0547
10626106,106261,6,2,10600594,VM015_0548
10627201,106272,7,2,10600595,VM015_0549
10627202,106272,5,2,10600596,VM015_0550
10627203,106272,7,2,10600597,VM015_0551
10627204,106272,7,2,10600598,VM015_0552
10627205,106272,7,2,10600599,VM015_0553
10627206,106272,7,2,10600600,VM015_0554
10628301,106283,5,2,10600601,VM015_0555
10628302,106283,7,2,10600602,VM015_0556
10629101,106291,6,2,10600603,VM015_0557
10629102,106291,6,2,10600604,VM015_0558
10629103,106291,5,2,10600605,VM015_0559
10629104,106291,5,2,10600606,VM015_0560
10629105,106291,5,2,10600607,VM015_0561
10629106,106291,7,2,10600608,VM015_0562
10630201,106302,5,2,10600609,VM015_0563
10630202,106302,5,2,10600610,VM015_0564
10630203,106302,5,2,10600611,VM015_0565
10631301,106313,6,2,10600612,VM015_0566
10631302,106313,6,2,10600613,VM015_0567
10631303,106313,6,2,10600614,VM015_0568
10631304,106313,5,2,10600615,VM015_0569
10632101,106321,8,2,10600616,VM015_0612
10632102,106321,8,2,10600617,VM015_0613
10632103,106321,8,2,10600618,VM015_0614
10633201,106332,8,2,10600619,VM015_0615
10633202,106332,8,2,10600620,VM015_0616
10633203,106332,8,2,10600621,VM015_0617
10633204,106332,8,2,10600622,VM015_0618
10634301,106343,8,2,10600623,VM015_0619
10634302,106343,8,2,10600624,VM015_0620
10635101,106351,7,2,10600625,VM015_0621
10635102,106351,7,2,10600626,VM015_0622
10635103,106351,7,2,10600627,VM015_0623
10635104,106351,7,2,10600628,VM015_0624
10636201,106362,7,2,10600629,VM015_0625
10636202,106362,7,2,10600630,VM015_0626
10636203,106362,7,2,10600631,VM015_0627
10636204,106362,7,2,10600632,VM015_0628
10636205,106362,7,2,10600633,VM015_0629
10637301,106373,7,2,10600634,VM015_0630
10637302,106373,7,2,10600635,VM015_0631
10637303,106373,7,2,10600636,VM015_0632
10637304,106373,7,2,10600637,VM015_0633
10638101,106381,2,2,10600638,VM016_0395
10638102,106381,2,2,10600639,VM016_0396
10638103,106381,4,2,10600640,VM016_0397
10639101,106391,17,2,10600641,VM016_0442
10639102,106391,49,2,10600642,VM016_0443
10639103,106391,49,2,10600643,VM016_0444
10640201,106402,49,2,10600644,VM016_0445
10640202,106402,49,2,10600645,VM016_0446
10640203,106402,49,2,10600646,VM016_0447
10641101,106411,17,2,10600647,VM016_0448
10641102,106411,49,2,10600648,VM016_0449
10641103,106411,49,2,10600649,VM016_0450
10642101,106421,7,2,10600650,VM016_0451
10642102,106421,1,2,10600651,VM016_0452
10642103,106421,1,2,10600652,VM016_0453
10643101,106431,17,2,10600653,VM016_0454
10644101,106441,3,2,10600368,VP009_0005
10644102,106441,85,2,10600369,VM009_0136
10645101,106451,3,2,10600370,VM009_0336
10645102,106451,2,2,10600371,V002_2103
10646101,106461,3,2,10600372,VP009_0006
10646102,106461,85,2,10600373,VM005_0067
10647201,106472,3,2,10600374,VP009_0001
10647202,106472,85,2,10600375,V085_1023
10648301,106483,3,2,10600376,VM002_0308
10648302,106483,2,2,10600377,V002_1024
10649401,106494,2,2,10600378,V002_1126
10650501,106505,85,2,10600379,VP009_0004
10650502,106505,2,2,10600380,VM008_0415
10651101,106511,17,2,10600654,VM016_0455
10652101,106521,19,2,10600461,V019_3001
10652102,106521,17,2,10600462,V017_0021
10653201,106532,19,2,10600463,V019_0023
10653202,106532,17,2,10600464,V017_2001
10654301,106543,19,2,10600465,V019_1026
10655401,106554,19,2,10600466,V019_0026
10656101,106561,17,2,10600467,VP011_0001
10656102,106561,17,2,10600468,VP011_0002
10657201,106572,17,2,10600469,VP011_0003
10657202,106572,17,2,10600470,VP011_0004
10657203,106572,19,2,10600471,V019_2003
10658301,106583,19,2,10600472,V019_2010
10658302,106583,17,2,10600473,V017_2010
10659401,106594,19,2,10600474,VP011_0005
10659402,106594,17,2,10600475,VM008_0387
10660501,106605,17,2,10600476,VM008_0389
10660502,106605,19,2,10600477,V019_2002
10661601,106616,19,2,10600478,V019_2007
10661602,106616,17,2,10600479,VM008_0481_2
10662701,106627,17,2,10600480,V017_2023
10663801,106638,17,2,10600481,V017_0023
10664901,106649,19,2,10600482,V019_3007
10666101,106661,1,2,10600655,V001_0006
10667101,106671,5,2,10600660,V005_0022
10667201,106672,3,2,10600656,V003_0023
10668101,106681,83,2,10600665,V083_1020
10668201,106682,6,2,10600661,V006_1019
10668301,106683,2,2,10600657,V002_1022
10669101,106691,7,2,10600670,V007_1021
10669201,106692,84,2,10600666,V084_2003
10669301,106693,4,2,10600662,V004_2007
10669401,106694,1,2,10600658,V001_1005
10670101,106701,3,2,10600675,V003_0022
10670201,106702,6,2,10600671,V006_1029
10670301,106703,85,2,10600667,V085_2021
10670401,106704,5,2,10600663,V005_2017
10670501,106705,1,2,10600659,V001_0007
10671101,106711,4,2,10600680,V004_1023
10671201,106712,5,2,10600676,V005_2003
10671301,106713,2,2,10600672,V002_2003
10671401,106714,83,2,10600668,V083_1006
10671501,106715,4,2,10600664,V004_1027
10672101,106721,1,2,10600685,V001_1021
10672201,106722,1,2,10600681,V001_2007
10672301,106723,9,2,10600677,V009_2001
10672401,106724,7,2,10600673,V007_2016
10672501,106725,85,2,10600669,VM001_0481
10673101,106731,16,2,10600690,V016_0012
10673201,106732,2,2,10600686,V002_2003
10673301,106733,83,2,10600682,V083_1021
10673401,106734,3,2,10600678,V003_1005
10673501,106735,6,2,10600674,V006_2023
10674101,106741,21,2,10600695,V021_1015
10674201,106742,18,2,10600691,V018_2006
10674301,106743,3,2,10600687,V003_0122
10674401,106744,4,2,10600683,V004_1006
10674501,106745,9,2,10600679,V009_2017
10675101,106751,18,2,10600700,V018_1016
10675201,106752,20,2,10600696,V020_2009
10675301,106753,17,2,10600692,V017_2025
10675401,106754,2,2,10600688,V002_2022
10675501,106755,83,2,10600684,V083_2007
10676101,106761,33,2,10600705,V033_2001
10676201,106762,24,2,10600701,V024_0021
10676301,106763,33,2,10600697,V033_1016
10676401,106764,18,2,10600693,V018_2001
10676501,106765,1,2,10600689,V001_2006
10677101,106771,20,2,10600710,V020_2006
10677201,106772,16,2,10600706,V016_2001
10677301,106773,18,2,10600702,V018_1021
10677401,106774,20,2,10600698,V020_2007
10677501,106775,16,2,10600694,V016_0013
10678101,106781,20,2,10600715,V020_1020
10678201,106782,17,2,10600711,V017_2001
10678301,106783,33,2,10600707,V033_1018
10678401,106784,18,2,10600703,V018_2017
10678501,106785,21,2,10600699,V021_2015
10679101,106791,16,2,10600720,V016_1016
10679201,106792,33,2,10600716,V033_1019
10679301,106793,20,2,10600712,V020_2025
10679401,106794,33,2,10600708,V033_2001
10679501,106795,24,2,10600704,V024_0022
10680201,106802,17,2,10600721,V017_2025
10680301,106803,21,2,10600717,V021_2024
10680401,106804,20,2,10600713,V020_1006
10680501,106805,16,2,10600709,V016_2015
10681301,106813,18,2,10600722,V018_1015
10681401,106814,20,2,10600718,V020_2023
10681501,106815,17,2,10600714,V017_2007
10682401,106824,17,2,10600723,V017_2017
10682501,106825,33,2,10600719,V033_2001
10683501,106835,16,2,10600724,V016_0027
10712101,107121,207,2,10600752,V002_0126
10712102,107121,405,2,10600753,V004_0122
10712103,107121,271,2,10600754,V017_1123
10713201,107132,405,2,10600755,V004_1127
10713202,107132,207,2,10600756,V002_2103
10714301,107143,271,2,10600757,V017_2110
10714302,107143,405,2,10600758,V004_1123
10715401,107154,405,2,10600759,V004_1115
10715402,107154,207,2,10600760,V002_1126
10716501,107165,405,2,10600761,V004_1122
10716502,107165,271,2,10600762,V017_2119
10717601,107176,405,2,10600763,V004_1120
10718701,107187,207,2,10600764,V002_1121
10719801,107198,271,2,10600765,V017_2107
10720901,107209,207,2,10600766,V002_1123
10720902,107209,405,2,10600767,V004_1121
10723101,107231,6,2,10600771,V006_0021
10723102,107231,85,2,10600772,V085_2003
10723103,107231,2,2,10600773,V002_0021
10724201,107242,7,2,10600774,V007_1016
10724202,107242,2,2,10600775,V002_2003
10725301,107253,85,2,10600776,VM005_0102
10726401,107264,6,2,10600777,V006_2011
10726402,107264,2,2,10600778,V002_1021
10727501,107275,85,2,10600779,V085_2007
10727502,107275,7,2,10600780,VM007_0148
10728601,107286,2,2,10600781,V002_1022
10729701,107297,85,2,10600782,VM005_0067
10729702,107297,2,2,10600783,VM015_0319
10730801,107308,85,2,10600784,V085_1023
10730802,107308,6,2,10600785,VM010_0284
10730803,107308,7,2,10600786,V007_0023
10731901,107319,6,2,10600787,V006_1026
10731902,107319,2,2,10600788,V002_1018
10731903,107319,85,2,10600789,V085_1020
10732101,107321,5,2,10600439,VM002_0221
10732102,107321,4,2,10600440,VM008_0486
10732103,107321,7,2,10600441,V007_0021
10732104,107321,1,2,10600442,VM009_0277
10732105,107321,3,2,10600443,VM009_0401
10733201,107332,3,2,10600444,VP010_0003
10733202,107332,3,2,10600445,VP010_0004
10734301,107343,7,2,10600446,VM011_0392
10734302,107343,5,2,10600447,VM005_0068
10735401,107354,5,2,10600448,VM013_0566
10735402,107354,5,2,10600449,VM013_0567
10736501,107365,5,2,10600450,VP010_0005
10736502,107365,5,2,10600451,VP010_0006
10736503,107365,4,2,10600452,VP010_0007
10737601,107376,4,2,10600453,VP010_0008
10737602,107376,7,2,10600454,V007_0023
10738701,107387,4,2,10600455,VP010_0009
10738702,107387,4,2,10600456,VP010_0010
10738703,107387,1,2,10600457,VM002_0071
10739801,107398,1,2,10600458,V001_1017
10739802,107398,3,2,10600459,VM005_0133
10739803,107398,1,2,10600460,VP010_0011
10740101,107401,17,2,10600790,VM019_349
10740102,107401,17,2,10600791,VM019_350
10741201,107412,17,2,10600792,VM019_351
10742301,107423,17,2,10600793,VM019_352
10743101,107431,3,2,10600794,VM019_353
10744201,107442,3,2,10600795,VM019_354
10744202,107442,3,2,10600796,VM019_355
10745301,107453,3,2,10600797,VM019_356
10745302,107453,3,2,10600798,VM019_357
10746101,107461,3,2,10600799,VM019_358
10747201,107472,3,2,10600800,VM019_359
10748301,107483,3,2,10600801,VM019_360
10749101,107491,49,2,10600802,VM019_384
10750201,107502,49,2,10600803,VM019_385
10751301,107513,17,2,10600804,VM019_386
10752101,107521,49,2,10600805,VM019_387
10753201,107532,17,2,10600806,VM019_388
10754101,107541,17,2,10600807,VM019_389
10754102,107541,49,2,10600808,VM019_390
10755201,107552,49,2,10600809,VM019_391
10756301,107563,17,2,10600810,VM019_392
10756302,107563,17,2,10600811,VM019_393
10757101,107571,405,2,10600812,VP013_0001
10757102,107571,207,2,10600813,V002_0126
10758201,107582,405,2,10600814,VP013_0002
10758202,107582,207,2,10600815,V002_2102
10759301,107593,405,2,10600816,VP013_0003
10760401,107604,405,2,10600817,V004_2110
10760402,107604,207,2,10600818,V002_1121
10761101,107611,207,2,10600819,VP013_0004
10761102,107611,405,2,10600820,VP013_0005
10762201,107622,207,2,10600821,V002_1119
10763301,107633,405,2,10600822,V004_1123
10763302,107633,207,2,10600823,V002_1116
10764401,107644,207,2,10600824,V002_2111
10764402,107644,405,2,10600825,V004_1122
10765501,107655,207,2,10600826,V002_1105
10765502,107655,405,2,10600827,V004_1120
10766601,107666,405,2,10600828,V004_1115
10766602,107666,405,2,10600829,VP013_0006
10767701,107677,405,2,10600830,V004_1126
10768801,107688,405,2,10600831,V004_1127
10768802,107688,207,2,10600832,V002_2103
10769901,107699,405,2,10600833,V004_1128
10769902,107699,207,2,10600834,VP013_0007
10771101,107711,405,2,10600812,VP013_0001
10771102,107711,207,2,10600813,V002_0126
10772201,107722,405,2,10600814,VP013_0002
10772202,107722,207,2,10600815,V002_2102
10773301,107733,405,2,10600816,VP013_0003
10774401,107744,405,2,10600817,V004_2110
10774402,107744,207,2,10600818,V002_1121
10775101,107751,207,2,10600819,VP013_0004
10775102,107751,405,2,10600820,VP013_0005
10776201,107762,207,2,10600821,V002_1119
10777301,107773,405,2,10600822,V004_1123
10777302,107773,207,2,10600823,V002_1116
10778401,107784,207,2,10600824,V002_2111
10778402,107784,405,2,10600825,V004_1122
10779501,107795,207,2,10600826,V002_1105
10779502,107795,405,2,10600827,V004_1120
10780601,107806,405,2,10600828,V004_1115
10780602,107806,405,2,10600829,VP013_0006
10781701,107817,405,2,10600830,V004_1126
10782801,107828,405,2,10600831,V004_1127
10782802,107828,207,2,10600832,V002_2103
10783901,107839,405,2,10600833,V004_1128
10783902,107839,207,2,10600834,VP013_0007
10785101,107851,83,2,10600838,VP014_0001
10785102,107851,6,2,10600839,VP014_0002
10785103,107851,8,2,10600840,VP014_0003
10786201,107862,6,2,10600841,V006_2018
10786202,107862,8,2,10600842,V008_1023
10787301,107873,83,2,10600843,V083_2012
10787302,107873,8,2,10600844,V008_2011
10788401,107884,8,2,10600845,V008_2007
10788402,107884,8,2,10600846,V008_1026
10789501,107895,6,2,10600847,V006_1006
10789502,107895,83,2,10600848,V083_1021
10790601,107906,83,2,10600849,V083_2007
10790602,107906,8,2,10600850,VP014_0004
10791701,107917,8,2,10600851,VP014_0005
10791702,107917,83,2,10600852,VP014_0006
10792801,107928,6,2,10600853,VP014_0007
10792802,107928,8,2,10600854,V008_2001
10792803,107928,83,2,10600855,V083_2001
10793901,107939,6,2,10600856,V006_1026
10793902,107939,83,2,10600857,V083_1016
10793903,107939,8,2,10600858,V008_1016
10794101,107941,3,2,10600204,VP002_0034
10794102,107941,4,2,10600223,VP002_0019
10795201,107952,2,2,10600205,VP002_0023
10795202,107952,3,2,10600206,V003_1023
10796101,107961,5,2,10600205,VP002_0007
10796102,107961,3,2,10600207,V003_1003
10797201,107972,4,2,10600208,V004_1022
10798101,107981,2,2,10600205,VP002_0023
10798102,107981,3,2,10600209,V003_0023
10799201,107992,5,2,10600210,V005_1026
10800101,108001,16,2,10600301,V016_3002
10800102,108001,16,2,10600302,V016_3006
10801201,108012,6,2,10600303,VP002_0031
10801202,108012,8,2,10600304,VP003_0001
10802301,108023,7,2,10600305,V007_1018
10802302,108023,8,2,10600306,VM002_0379
10803101,108031,16,2,10600307,VM001_0006
10804201,108042,8,2,10600308,VP003_0002
10805301,108053,16,2,10600309,V016_1016
10806401,108064,8,2,10600310,VP003_0003
10807501,108075,7,2,10600311,V007_1022
10808601,108086,8,2,10600312,VP003_0004
10809701,108097,1,2,10600313,VP003_0005
10809702,108097,8,2,10600314,VP003_0006
10810801,108108,8,2,10600315,VP003_0007
10811901,108119,7,2,10600438,V007_1011
10813101,108131,3,2,10600211,VP002_0006
10813102,108131,1,2,10600212,VP002_0005
10814201,108142,1,2,10600213,VP002_0045
10815101,108151,2,2,10600214,VP002_0042
10815102,108151,1,2,10600215,VP002_0044
10816201,108162,3,2,10600216,V003_1027
10817101,108171,2,2,10600217,VP002_0010
10817102,108171,1,2,10600218,VP002_0020
10818201,108182,1,2,10600221,VP002_0040
10818202,108182,2,2,10600222,VP002_0021
10819301,108193,2,2,10600219,VP002_0022
10819302,108193,3,2,10600220,VP002_0027
10820101,108201,16,2,10600555,VP012_0001
10820102,108201,17,2,10600556,V017_2002
10820103,108201,18,2,10600557,V018_0122
10821201,108212,16,2,10600558,VM015_0577
10821202,108212,17,2,10600559,VM005_0153
10822301,108223,18,2,10600560,VM009_0512
10822302,108223,17,2,10600561,V017_2007
10823401,108234,16,2,10600562,VM010_0180
10823402,108234,17,2,10600563,VM010_0181
10824501,108245,18,2,10600564,VP012_0002
10824502,108245,16,2,10600565,VM008_0480
10825601,108256,17,2,10600566,VP012_0003
10825602,108256,18,2,10600567,VM009_0413
10826701,108267,16,2,10600568,V016_1027
10826702,108267,17,2,10600569,V017_2001
10826703,108267,18,2,10600570,V018_2003
10827801,108278,18,2,10600571,V018_1023
10827802,108278,16,2,10600572,VP012_0004
10827803,108278,17,2,10600573,VP012_0005
10828901,108289,16,2,10600574,V016_1026
10828902,108289,18,2,10600575,V018_1022
10828903,108289,17,2,10600576,VM008_0409
10829101,108291,1,2,10600859,V001_0006
10830201,108302,3,2,10600860,V003_0023
10831301,108313,2,2,10600861,V002_1021
10832401,108324,3,2,10600862,V003_2017
10833501,108335,1,2,10600863,V001_0007
10834101,108341,4,2,10600864,V004_1023
10835201,108352,5,2,10600865,V005_2006
10836301,108363,6,2,10600866,V006_1017
10837401,108374,4,2,10600867,V004_2006
10838501,108385,6,2,10600868,V006_2015
10839101,108391,16,2,10600869,V016_0012
10840201,108402,18,2,10600870,V018_1021
10841301,108413,17,2,10600871,V017_2025
10842401,108424,18,2,10600872,V018_2017
10843501,108435,16,2,10600873,V016_0013
10844101,108441,3,2,10600874,V003_0010
10845201,108452,1,2,10600875,V001_1021
10846301,108463,2,2,10600876,V002_1022
10847401,108474,1,2,10600877,V001_2007
10848501,108485,1,2,10600878,V001_2006
10849101,108491,6,2,10600879,V006_0023
10850201,108502,4,2,10600880,V004_1020
10851301,108513,5,2,10600881,V005_0022
10852401,108524,5,2,10600882,V005_2017
10853501,108535,4,2,10600883,V004_2006
10854101,108541,18,2,10600884,V018_2006
10855201,108552,16,2,10600885,V016_1016
10856301,108563,17,2,10600886,V017_2002
10857401,108574,17,2,10600887,V017_2017
10858501,108585,16,2,10600888,V016_0027
10859101,108591,999,2,10600916,V001_1021
10860201,108602,999,2,10600917,V001_0022
10861301,108613,999,2,10600918,V001_2015
10862401,108624,999,2,10600919,V002_0114
10863501,108635,999,2,10600920,V002_2102
10864601,108646,999,2,10600921,V002_2115
10865701,108657,999,2,10600922,V006_1120
10866801,108668,999,2,10600923,V006_1126
10867901,108679,999,2,10600924,V006_2106
10886101,108861,999,2,10600913,V003_2120
10887201,108872,999,2,10600914,V003_1120
10888301,108883,999,2,10600915,V003_1128
10889101,108891,999,2,10600910,V005_2120
10890201,108902,999,2,10600911,V005_2106
10891301,108913,999,2,10600912,V005_1129
10892101,108921,999,2,10600907,V004_2120
10893201,108932,999,2,10600908,V004_2106
10894301,108943,999,2,10600909,V004_1129
10895101,108951,999,2,10600904,V085_2020
10896201,108962,999,2,10600905,V085_0022
10897301,108973,999,2,10600906,V085_2001
10898101,108981,999,2,10600901,V017_2120
10899201,108992,999,2,10600902,V017_2109
10900301,109003,999,2,10600903,V017_2106
10901101,109011,999,2,10600898,V018_2120
10902201,109022,999,2,10600899,V018_2106
10903301,109033,999,2,10600900,V018_0113
10904101,109041,999,2,10600895,V006_2120
10905201,109052,999,2,10600896,V006_2115
10906301,109063,999,2,10600897,V006_2106
10907101,109071,999,2,10600892,V002_2120
10908201,109082,999,2,10600893,V002_2115
10909301,109093,999,2,10600894,V002_1129
10910101,109101,999,2,10600889,V001_2015
10911201,109112,999,2,10600890,V001_2020
10912301,109123,999,2,10600891,V001_2017
10913101,109131,1,2,10600943,VM023_125
10914201,109142,999,2,10600944,VM023_126
10914401,109144,999,2,10600946,VM023_128
10915201,109152,999,2,10600949,VM023_131
10915301,109153,999,2,10600945,VM023_127
10915501,109155,999,2,10600947,VM023_129
10916101,109161,999,2,10600948,VM023_130
10916301,109163,999,2,10600950,VM023_132
10916501,109165,999,2,10600952,VM023_134
10917101,109171,1,2,10600953,VM023_135
10917301,109173,1,2,10600955,VM023_137
10917401,109174,999,2,10600951,VM023_133
10918101,109181,1,2,10600956,VM023_178
10918201,109182,1,2,10600954,VM023_136
10918301,109183,1,2,10600958,VM023_180
10919101,109191,1,2,10600959,VM023_181
10919201,109192,1,2,10600957,VM023_179
10919301,109193,1,2,10600961,VM023_183
10920101,109201,16,2,10600962,VM015_0479
10920102,109201,18,2,10600963,V018_1023
10920201,109202,1,2,10600960,VM023_182
10921101,109211,16,2,10600964,VM010_0180
10921102,109211,17,2,10600965,VM010_0181
10922101,109221,17,2,10600966,V017_1021
10922102,109221,16,2,10600967,VM015_0484
10923201,109232,18,2,10600968,VP001_0033
10923202,109232,18,2,10600969,VP001_0018
10924301,109243,16,2,10600970,V016_1027
10924302,109243,18,2,10600971,V018_2003
10925401,109254,17,2,10600972,V017_0023
10925402,109254,18,2,10600973,V018_1021
10926501,109265,16,2,10600974,V016_1018
10926502,109265,17,2,10600975,VM019_393
10927601,109276,18,2,10600976,VP016_0002
10927602,109276,17,2,10600977,V017_2002
10928101,109281,16,2,10600962,VM015_0479
10928102,109281,18,2,10600963,V018_1023
10929101,109291,16,2,10600964,VM010_0180
10929102,109291,17,2,10600965,VM010_0181
10930101,109301,17,2,10600966,V017_1021
10930102,109301,16,2,10600967,VM015_0484
10931201,109312,18,2,10600968,VP001_0033
10931202,109312,18,2,10600969,VP001_0018
10932301,109323,16,2,10600970,V016_1027
10932302,109323,18,2,10600971,V018_2003
10933401,109334,17,2,10600972,V017_0023
10933402,109334,18,2,10600973,V018_1021
10934501,109345,16,2,10600974,V016_1018
10934502,109345,17,2,10600975,VM019_393
10935601,109356,18,2,10600976,VP016_0002
10935602,109356,17,2,10600977,V017_2002
10936101,109361,2,2,10600978,VP017_0001
10936102,109361,6,2,10600979,V006_1019
10937101,109371,85,2,10600980,V085_0022
10937102,109371,6,2,10600981,VP017_0002
10938101,109381,85,2,10600982,VP017_0003
10938102,109381,6,2,10600983,VP017_0004
10939201,109392,85,2,10600984,V085_2007
10939202,109392,6,2,10600985,VP017_0005
10940301,109403,2,2,10600986,VM013_0068
10940302,109403,6,2,10600987,V006_2003
10941401,109414,2,2,10600988,VM009_0198
10941402,109414,85,2,10600989,VP017_0006
10942501,109425,2,2,10600990,VM012_0351
10942502,109425,85,2,10600991,V085_1015
10943601,109436,6,2,10600992,VM015_0548
10943602,109436,2,2,10600993,V002_2002
10944101,109441,2,2,10600978,VP017_0001
10944102,109441,6,2,10600979,V006_1019
10945101,109451,85,2,10600980,V085_0022
10945102,109451,6,2,10600981,VP017_0002
10946101,109461,85,2,10600982,VP017_0003
10946102,109461,6,2,10600983,VP017_0004
10947201,109472,85,2,10600984,V085_2007
10947202,109472,6,2,10600985,VP017_0005
10948301,109483,2,2,10600986,VM013_0068
10948302,109483,6,2,10600987,V006_2003
10949401,109494,2,2,10600988,VM009_0198
10949402,109494,85,2,10600989,VP017_0006
10950501,109505,2,2,10600990,VM012_0351
10950502,109505,85,2,10600991,V085_1015
10951601,109516,6,2,10600992,VM015_0548
10951602,109516,2,2,10600993,V002_2002
10952101,109521,18,2,10600994,VP016_0002
10952102,109521,17,2,10600995,V017_2002
10952103,109521,1,2,10600996,V001_0021
10953201,109532,18,2,10600997,VM016_0218
10953202,109532,17,2,10600998,VM016_0354
10954301,109543,18,2,10600999,VP012_0002
10954302,109543,17,2,10601000,VM020_053
10955401,109554,1,2,10601001,VM013_0507
10955402,109554,17,2,10601002,VM011_0330
10956501,109565,1,2,10601003,VM013_0511
10956502,109565,1,2,10601004,VM013_0452
10957601,109576,17,2,10601005,VM008_0407
10957602,109576,1,2,10601006,VM011_0341
10958701,109587,18,2,10601007,VM013_0157
10958702,109587,17,2,10601008,VM020_231
10958703,109587,17,2,10601009,VM018_181
10959801,109598,17,2,10601010,VM020_453
10959802,109598,18,2,10601011,VM013_0499
10959803,109598,1,2,10601012,V001_1016
10960101,109601,3,2,10600368,VP009_0005
10960102,109601,85,2,10600369,VM009_0136
10961101,109611,3,2,10600370,VM009_0336
10961102,109611,2,2,10600371,V002_2103
10962101,109621,3,2,10600372,VP009_0006
10962102,109621,85,2,10600373,VM005_0067
10963201,109632,3,2,10600374,VP009_0001
10963202,109632,85,2,10600375,V085_1023
10964301,109643,3,2,10600376,VM002_0308
10964302,109643,2,2,10600377,V002_1024
10965401,109654,2,2,10600378,V002_1126
10966501,109665,85,2,10600379,VP009_0004
10966502,109665,2,2,10600380,VM008_0415
10967101,109671,1,2,10600338,V001_1018
10967102,109671,3,2,10600339,V003_0021
10968201,109682,2,2,10600340,V002_0123
10969301,109693,3,2,10600341,V003_0023
10970401,109704,2,2,10600342,V002_1021
10971101,109711,3,2,10600343,V003_1019
10972201,109722,1,2,10600344,V001_1017
10973301,109733,2,2,10600345,V002_0122
10974401,109744,1,2,10600346,V001_2007
10975501,109755,1,2,10600347,V001_2011
10976601,109766,3,2,10600348,V003_1023
10977701,109777,2,2,10600349,V002_2011
10977702,109777,1,2,10600350,V001_1026
10978801,109788,2,2,10600351,V002_1120
10979901,109799,3,2,10600352,V003_1027
10981101,109811,19,2,10600461,V019_3001
10981102,109811,17,2,10600462,V017_0021
10982201,109822,19,2,10600463,V019_0023
10982202,109822,17,2,10600464,V017_2001
10983301,109833,19,2,10600465,V019_1026
10984401,109844,19,2,10600466,V019_0026
10985101,109851,17,2,10600467,VP011_0001
10985102,109851,17,2,10600468,VP011_0002
10986201,109862,17,2,10600469,VP011_0003
10986202,109862,17,2,10600470,VP011_0004
10986203,109862,19,2,10600471,V019_2003
10987301,109873,19,2,10600472,V019_2010
10987302,109873,17,2,10600473,V017_2010
10988401,109884,19,2,10600474,VP011_0005
10988402,109884,17,2,10600475,VM008_0387
10989501,109895,17,2,10600476,VM008_0389
10989502,109895,19,2,10600477,V019_2002
10990601,109906,19,2,10600478,V019_2007
10990602,109906,17,2,10600479,VM008_0481_2
10991701,109917,17,2,10600480,V017_2023
10992801,109928,17,2,10600481,V017_0023
10993901,109939,19,2,10600482,V019_3007
10995101,109951,17,2,10601013,VP018_0001
10995102,109951,20,2,10601014,VP018_0002
10996201,109962,17,2,10601015,V017_0022
10996202,109962,20,2,10601016,V020_2006
10997301,109973,20,2,10601017,VP018_0003
10998101,109981,17,2,10601018,VP018_0004
10999201,109992,17,2,10601019,VM018_116
10999202,109992,20,2,10601020,VM007_0166
11000301,110003,20,2,10601021,V020_2012
11000302,110003,17,2,10601022,V017_2010
11001401,110014,17,2,10601023,VM016_0354
11002501,110025,20,2,10601024,V020_1027
11002502,110025,17,2,10601025,VM009_0550
11003601,110036,20,2,10601026,V020_2007
11003602,110036,17,2,10601027,VM020_053
11004701,110047,20,2,10601028,V020_2023
11005801,110058,20,2,10601029,VM007_0262
11005802,110058,17,2,10601030,VM008_0407
11006901,110069,17,2,10601031,V017_1022
11006902,110069,20,2,10601032,VM007_0166
11008101,110081,17,2,10601013,VP018_0001
11008102,110081,20,2,10601014,VP018_0002
11009201,110092,17,2,10601015,V017_0022
11009202,110092,20,2,10601016,V020_2006
11010301,110103,20,2,10601017,VP018_0003
11011101,110111,17,2,10601018,VP018_0004
11012201,110122,17,2,10601019,VM018_116
11012202,110122,20,2,10601020,VM007_0166
11013301,110133,20,2,10601021,V020_2012
11013302,110133,17,2,10601022,V017_2010
11014401,110144,17,2,10601023,VM016_0354
11015501,110155,20,2,10601024,V020_1027
11015502,110155,17,2,10601025,VM009_0550
11016601,110166,20,2,10601026,V020_2007
11016602,110166,17,2,10601027,VM020_053
11017701,110177,20,2,10601028,V020_2023
11018801,110188,20,2,10601029,VM007_0262
11018802,110188,17,2,10601030,VM008_0407
11019901,110199,17,2,10601031,V017_1022
11019902,110199,20,2,10601032,VM007_0166
11021101,110211,6,2,10600771,V006_0021
11021102,110211,85,2,10600772,V085_2003
11021103,110211,2,2,10600773,V002_0021
11022201,110222,7,2,10600774,V007_1016
11022202,110222,2,2,10600775,V002_2003
11023301,110233,85,2,10600776,VM005_0102
11024401,110244,6,2,10600777,V006_2011
11024402,110244,2,2,10600778,V002_1021
11025501,110255,85,2,10600779,V085_2007
11025502,110255,7,2,10600780,VM007_0148
11026601,110266,2,2,10600781,V002_1022
11027701,110277,85,2,10600782,VM005_0067
11027702,110277,2,2,10600783,VM015_0319
11028801,110288,85,2,10600784,V085_1023
11028802,110288,6,2,10600785,VM010_0284
11028803,110288,7,2,10600786,V007_0023
11029901,110299,6,2,10600787,V006_1026
11029902,110299,2,2,10600788,V002_1018
11029903,110299,85,2,10600789,V085_1020
11030101,110301,83,2,10600838,VP014_0001
11030102,110301,6,2,10600839,VP014_0002
11030103,110301,8,2,10600840,VP014_0003
11031201,110312,6,2,10600841,V006_2018
11031202,110312,8,2,10600842,V008_1023
11032301,110323,83,2,10600843,V083_2012
11032302,110323,8,2,10600844,V008_2011
11033401,110334,8,2,10600845,V008_2007
11033402,110334,8,2,10600846,V008_1026
11034501,110345,6,2,10600847,V006_1006
11034502,110345,83,2,10600848,V083_1021
11035601,110356,83,2,10600849,V083_2007
11035602,110356,8,2,10600850,VP014_0004
11036701,110367,8,2,10600851,VP014_0005
11036702,110367,83,2,10600852,VP014_0006
11037801,110378,6,2,10600853,VP014_0007
11037802,110378,8,2,10600854,V008_2001
11037803,110378,83,2,10600855,V083_2001
11038901,110389,6,2,10600856,V006_1026
11038902,110389,83,2,10600857,V083_1016
11038903,110389,8,2,10600858,V008_1016
11039101,110391,18,2,10600725,V018_1021
11039102,110391,1,2,10600726,V001_2003
11039103,110391,4,2,10600727,V004_0022
11040201,110402,7,2,10600728,V007_0023
11040202,110402,1,2,10600729,V001_2002
11041301,110413,1,2,10600730,V001_1021
11042401,110424,4,2,10600731,V004_1026
11042402,110424,7,2,10600732,VM015_0698
11043101,110431,18,2,10600733,V018_1022
11043102,110431,7,2,10600734,VM008_0197
11044201,110442,7,2,10600735,V007_2001
11045301,110453,4,2,10600736,VM003_0068
11045302,110453,18,2,10600737,VM013_0301
11046401,110464,4,2,10600738,V004_2011
11046402,110464,18,2,10600739,VM013_0313
11047501,110475,7,2,10600740,VM015_0473
11047502,110475,1,2,10600741,VM016_0452
11048601,110486,18,2,10600742,V018_2022
11048602,110486,7,2,10600743,V007_1018
11049701,110497,4,2,10600744,V004_1027
11050801,110508,4,2,10600745,V004_1019
11050802,110508,7,2,10600746,V007_1019
11051901,110519,1,2,10600747,V001_0023
11051902,110519,18,2,10600748,V018_1023
11053101,110531,4,2,10601036,VM024_150
11054201,110542,4,2,10601037,VM024_151
11054202,110542,4,2,10601038,VM024_152
11055301,110553,2,2,10601039,VM024_153
11056101,110561,4,2,10601040,VM024_154
11056102,110561,4,2,10601041,VM024_155
11057101,110571,5,2,10601042,VM024_156
11057102,110571,6,2,10601043,VM024_157
11058101,110581,4,2,10601044,VM024_158
11058102,110581,4,2,10601045,VM024_159
11059101,110591,16,2,10601046,VM024_321
11059102,110591,16,2,10601047,VM024_322
11060101,110601,16,2,10601048,VM024_323
11061101,110611,16,2,10601049,VM024_324
11062101,110621,16,2,10601050,VM024_325
11063101,110631,16,2,10601051,VM024_326
11064101,110641,18,2,10600994,VP016_0002
11064102,110641,17,2,10600995,V017_2002
11064103,110641,1,2,10600996,V001_0021
11065201,110652,18,2,10600997,VM016_0218
11065202,110652,17,2,10600998,VM016_0354
11066301,110663,18,2,10600999,VP012_0002
11066302,110663,17,2,10601000,VM020_053
11067401,110674,1,2,10601001,VM013_0507
11067402,110674,17,2,10601002,VM011_0330
11068501,110685,1,2,10601003,VM013_0511
11068502,110685,1,2,10601004,VM013_0452
11069601,110696,17,2,10601005,VM008_0407
11069602,110696,1,2,10601006,VM011_0341
11070701,110707,18,2,10601007,VM013_0157
11070702,110707,17,2,10601008,VM020_231
11070703,110707,17,2,10601009,VM018_181
11071801,110718,17,2,10601010,VM020_453
11071802,110718,18,2,10601011,VM013_0499
11071803,110718,1,2,10601012,V001_1016
11072101,110721,16,2,10600962,VM015_0479
11072102,110721,18,2,10600963,V018_1023
11073101,110731,16,2,10600964,VM010_0180
11073102,110731,17,2,10600965,VM010_0181
11074101,110741,17,2,10600966,V017_1021
11074102,110741,16,2,10600967,VM015_0484
11075201,110752,18,2,10600968,VP001_0033
11075202,110752,18,2,10600969,VP001_0018
11076301,110763,16,2,10600970,V016_1027
11076302,110763,18,2,10600971,V018_2003
11077401,110774,17,2,10600972,V017_0023
11077402,110774,18,2,10600973,V018_1021
11078501,110785,16,2,10600974,V016_1018
11078502,110785,17,2,10600975,VM019_393
11079601,110796,18,2,10600976,VP016_0002
11079602,110796,17,2,10600977,V017_2002
11080101,110801,2,2,10600978,VP017_0001
11080102,110801,6,2,10600979,V006_1019
11081101,110811,85,2,10600980,V085_0022
11081102,110811,6,2,10600981,VP017_0002
11082101,110821,85,2,10600982,VP017_0003
11082102,110821,6,2,10600983,VP017_0004
11083201,110832,85,2,10600984,V085_2007
11083202,110832,6,2,10600985,VP017_0005
11084301,110843,2,2,10600986,VM013_0068
11084302,110843,6,2,10600987,V006_2003
11085401,110854,2,2,10600988,VM009_0198
11085402,110854,85,2,10600989,VP017_0006
11086501,110865,2,2,10600990,VM012_0351
11086502,110865,85,2,10600991,V085_1015
11087601,110876,6,2,10600992,VM015_0548
11087602,110876,2,2,10600993,V002_2002
11088101,110881,4,2,10600812,VP013_0001
11088102,110881,2,2,10600813,V002_0126
11089201,110892,4,2,10600814,VP013_0002
11089202,110892,2,2,10600815,V002_2102
11090301,110903,4,2,10600816,VP013_0003
11091401,110914,4,2,10600817,V004_2110
11091402,110914,2,2,10600818,V002_1121
11092101,110921,2,2,10600819,VP013_0004
11092102,110921,4,2,10600820,VP013_0005
11093201,110932,2,2,10600821,V002_1119
11094301,110943,4,2,10600822,V004_1123
11094302,110943,2,2,10600823,V002_1116
11095401,110954,2,2,10600824,V002_2111
11095402,110954,4,2,10600825,V004_1122
11096501,110965,2,2,10600826,V002_1105
11096502,110965,4,2,10600827,V004_1120
11097601,110976,4,2,10600828,V004_1115
11097602,110976,4,2,10600829,VP013_0006
11098701,110987,4,2,10600830,V004_1126
11099801,110998,4,2,10600831,V004_1127
11099802,110998,2,2,10600832,V002_2103
11100901,111009,4,2,10600833,V004_1128
11100902,111009,2,2,10600834,VP013_0007
11102101,111021,1,2,10600137,VP001_0012
11102102,111021,18,2,10600138,VP001_0003
11102103,111021,1,2,10600139,VM007_0328
11103201,111032,18,2,10600140,V018_1029
11104301,111043,18,2,10600141,V018_3007
11105401,111054,18,2,10600142,V018_1129
11106501,111065,18,2,10600143,V018_2017
11107601,111076,18,2,10600144,V018_1028
11108701,111087,18,2,10600161,VP001_0013
11109801,111098,18,2,10600145,V018_1128
11110901,111109,18,2,10600181,V018_0122
11115101,111151,5,2,10600439,VM002_0221
11115102,111151,4,2,10600440,VM008_0486
11115103,111151,7,2,10600441,V007_0021
11115104,111151,1,2,10600442,VM009_0277
11115105,111151,3,2,10600443,VM009_0401
11116201,111162,3,2,10600444,VP010_0003
11116202,111162,3,2,10600445,VP010_0004
11117301,111173,7,2,10600446,VM011_0392
11117302,111173,5,2,10600447,VM005_0068
11118401,111184,5,2,10600448,VM013_0566
11118402,111184,5,2,10600449,VM013_0567
11119501,111195,5,2,10600450,VP010_0005
11119502,111195,5,2,10600451,VP010_0006
11119503,111195,4,2,10600452,VP010_0007
11120601,111206,4,2,10600453,VP010_0008
11120602,111206,7,2,10600454,V007_0023
11121701,111217,4,2,10600455,VP010_0009
11121702,111217,4,2,10600456,VP010_0010
11121703,111217,1,2,10600457,VM002_0071
11122801,111228,1,2,10600458,V001_1017
11122802,111228,3,2,10600459,VM005_0133
11122803,111228,1,2,10600460,VP010_0011
11123101,111231,17,2,10601013,VP018_0001
11123102,111231,20,2,10601014,VP018_0002
11124201,111242,17,2,10601015,V017_0022
11124202,111242,20,2,10601016,V020_2006
11125301,111253,20,2,10601017,VP018_0003
11126101,111261,17,2,10601018,VP018_0004
11127201,111272,17,2,10601019,VM018_116
11127202,111272,20,2,10601020,VM007_0166
11128301,111283,20,2,10601021,V020_2012
11128302,111283,17,2,10601022,V017_2010
11129401,111294,17,2,10601023,VM016_0354
11130501,111305,20,2,10601024,V020_1027
11130502,111305,17,2,10601025,VM009_0550
11131601,111316,20,2,10601026,V020_2007
11131602,111316,17,2,10601027,VM020_053
11132701,111327,20,2,10601028,V020_2023
11133801,111338,20,2,10601029,VM007_0262
11133802,111338,17,2,10601030,VM008_0407
11134901,111349,17,2,10601031,V017_1022
11134902,111349,20,2,10601032,VM007_0166
11136101,111361,16,2,10600555,VP012_0001
11136102,111361,17,2,10600556,V017_2002
11136103,111361,18,2,10600557,V018_0122
11137201,111372,16,2,10600558,VM015_0577
11137202,111372,17,2,10600559,VM005_0153
11138301,111383,18,2,10600560,VM009_0512
11138302,111383,17,2,10600561,V017_2007
11139401,111394,16,2,10600562,VM010_0180
11139402,111394,17,2,10600563,VM010_0181
11140501,111405,18,2,10600564,VP012_0002
11140502,111405,16,2,10600565,VM008_0480
11141601,111416,17,2,10600566,VP012_0003
11141602,111416,18,2,10600567,VM009_0413
11142701,111427,16,2,10600568,V016_1027
11142702,111427,17,2,10600569,V017_2001
11142703,111427,18,2,10600570,V018_2003
11143801,111438,18,2,10600571,V018_1023
11143802,111438,16,2,10600572,VP012_0004
11143803,111438,17,2,10600573,VP012_0005
11144901,111449,16,2,10600574,V016_1026
11144902,111449,18,2,10600575,V018_1022
11144903,111449,17,2,10600576,VM008_0409
11145101,111451,18,2,10600725,V018_1021
11145102,111451,1,2,10600726,V001_2003
11145103,111451,4,2,10600727,V004_0022
11146201,111462,7,2,10600728,V007_0023
11146202,111462,1,2,10600729,V001_2002
11147301,111473,1,2,10600730,V001_1021
11148401,111484,4,2,10600731,V004_1026
11148402,111484,7,2,10600732,VM015_0698
11149101,111491,18,2,10600733,V018_1022
11149102,111491,7,2,10600734,VM008_0197
11150201,111502,7,2,10600735,V007_2001
11151301,111513,4,2,10600736,VM003_0068
11151302,111513,18,2,10600737,VM013_0301
11152401,111524,4,2,10600738,V004_2011
11152402,111524,18,2,10600739,VM013_0313
11153501,111535,7,2,10600740,VM015_0473
11153502,111535,1,2,10600741,VM016_0452
11154601,111546,18,2,10600742,V018_2022
11154602,111546,7,2,10600743,V007_1018
11155701,111557,4,2,10600744,V004_1027
11156801,111568,4,2,10600745,V004_1019
11156802,111568,7,2,10600746,V007_1019
11157901,111579,1,2,10600747,V001_0023
11157902,111579,18,2,10600748,V018_1023
11159101,111591,4,2,10600812,VP013_0001
11159102,111591,2,2,10600813,V002_0126
11160201,111602,4,2,10600814,VP013_0002
11160202,111602,2,2,10600815,V002_2102
11161301,111613,4,2,10600816,VP013_0003
11162401,111624,4,2,10600817,V004_2110
11162402,111624,2,2,10600818,V002_1121
11163101,111631,2,2,10600819,VP013_0004
11163102,111631,4,2,10600820,VP013_0005
11164201,111642,2,2,10600821,V002_1119
11165301,111653,4,2,10600822,V004_1123
11165302,111653,2,2,10600823,V002_1116
11166401,111664,2,2,10600824,V002_2111
11166402,111664,4,2,10600825,V004_1122
11167501,111675,2,2,10600826,V002_1105
11167502,111675,4,2,10600827,V004_1120
11168601,111686,4,2,10600828,V004_1115
11168602,111686,4,2,10600829,VP013_0006
11169701,111697,4,2,10600830,V004_1126
11170801,111708,4,2,10600831,V004_1127
11170802,111708,2,2,10600832,V002_2103
11171901,111719,4,2,10600833,V004_1128
11171902,111719,2,2,10600834,VP013_0007
11173101,111731,6,2,10600771,V006_0021
11173102,111731,85,2,10600772,V085_2003
11173103,111731,2,2,10600773,V002_0021
11174201,111742,7,2,10600774,V007_1016
11174202,111742,2,2,10600775,V002_2003
11175301,111753,85,2,10600776,VM005_0102
11176401,111764,6,2,10600777,V006_2011
11176402,111764,2,2,10600778,V002_1021
11177501,111775,85,2,10600779,V085_2007
11177502,111775,7,2,10600780,VM007_0148
11178601,111786,2,2,10600781,V002_1022
11179701,111797,85,2,10600782,VM005_0067
11179702,111797,2,2,10600783,VM015_0319
11180801,111808,85,2,10600784,V085_1023
11180802,111808,6,2,10600785,VM010_0284
11180803,111808,7,2,10600786,V007_0023
11181901,111819,6,2,10600787,V006_1026
11181902,111819,2,2,10600788,V002_1018
11181903,111819,85,2,10600789,V085_1020
11182101,111821,83,2,10600838,VP014_0001
11182102,111821,6,2,10600839,VP014_0002
11182103,111821,8,2,10600840,VP014_0003
11183201,111832,6,2,10600841,V006_2018
11183202,111832,8,2,10600842,V008_1023
11184301,111843,83,2,10600843,V083_2012
11184302,111843,8,2,10600844,V008_2011
11185401,111854,8,2,10600845,V008_2007
11185402,111854,8,2,10600846,V008_1026
11186501,111865,6,2,10600847,V006_1006
11186502,111865,83,2,10600848,V083_1021
11187601,111876,83,2,10600849,V083_2007
11187602,111876,8,2,10600850,VP014_0004
11188701,111887,8,2,10600851,VP014_0005
11188702,111887,83,2,10600852,VP014_0006
11189801,111898,6,2,10600853,VP014_0007
11189802,111898,8,2,10600854,V008_2001
11189803,111898,83,2,10600855,V083_2001
11190901,111909,6,2,10600856,V006_1026
11190902,111909,83,2,10600857,V083_1016
11190903,111909,8,2,10600858,V008_1016
11191101,111911,17,2,10601013,VP018_0001
11191102,111911,20,2,10601014,VP018_0002
11192201,111922,17,2,10601015,V017_0022
11192202,111922,20,2,10601016,V020_2006
11193301,111933,20,2,10601017,VP018_0003
11194101,111941,17,2,10601018,VP018_0004
11195201,111952,17,2,10601019,VM018_116
11195202,111952,20,2,10601020,VM007_0166
11196301,111963,20,2,10601021,V020_2012
11196302,111963,17,2,10601022,V017_2010
11197401,111974,17,2,10601023,VM016_0354
11198501,111985,20,2,10601024,V020_1027
11198502,111985,17,2,10601025,VM009_0550
11199601,111996,20,2,10601026,V020_2007
11199602,111996,17,2,10601027,VM020_053
11200701,112007,20,2,10601028,V020_2023
11201801,112018,20,2,10601029,VM007_0262
11201802,112018,17,2,10601030,VM008_0407
11202901,112029,17,2,10601031,V017_1022
11202902,112029,20,2,10601032,VM007_0166
11204101,112041,18,2,10600994,VP016_0002
11204102,112041,17,2,10600995,V017_2002
11204103,112041,1,2,10600996,V001_0021
11205201,112052,18,2,10600997,VM016_0218
11205202,112052,17,2,10600998,VM016_0354
11206301,112063,18,2,10600999,VP012_0002
11206302,112063,17,2,10601000,VM020_053
11207401,112074,1,2,10601001,VM013_0507
11207402,112074,17,2,10601002,VM011_0330
11208501,112085,1,2,10601003,VM013_0511
11208502,112085,1,2,10601004,VM013_0452
11209601,112096,17,2,10601005,VM008_0407
11209602,112096,1,2,10601006,VM011_0341
11210701,112107,18,2,10601007,VM013_0157
11210702,112107,17,2,10601008,VM020_231
11210703,112107,17,2,10601009,VM018_181
11211801,112118,17,2,10601010,VM020_453
11211802,112118,18,2,10601011,VM013_0499
11211803,112118,1,2,10601012,V001_1016
11212101,112121,17,2,10601013,VP018_0001
11212102,112121,6,2,10600785,V006_2003
11212103,112121,21,2,10600727,V021_1023
11213201,112132,6,2,10601052,VP017_0004
11213202,112132,21,2,10600750,V021_0022
11214301,112143,6,2,10601053,VP017_0005
11215401,112154,21,2,10601054,VP004_0004
11216501,112165,6,2,10600847,V006_1006
11216502,112165,17,2,10601055,V017_1027
11217601,112176,17,2,10600561,V017_2007
11217602,112176,17,2,10601056,V017_1026
11218701,112187,6,2,10600853,VP014_0007
11218702,112187,21,2,10601057,V021_2002
11219801,112198,17,2,10600972,V017_0023
11220901,112209,6,2,10600787,V006_1026
11220902,112209,21,2,10600252,VP004_0011
11220903,112209,17,2,10601058,V017_1017
11221101,112211,17,2,10601013,VP018_0001
11221102,112211,6,2,10600785,V006_2003
11221103,112211,21,2,10600727,V021_1023
11222201,112222,6,2,10601052,VP017_0004
11222202,112222,21,2,10600750,V021_0022
11223301,112233,6,2,10601053,VP017_0005
11224401,112244,21,2,10601054,VP004_0004
11225501,112255,6,2,10600847,V006_1006
11225502,112255,17,2,10601055,V017_1027
11226601,112266,17,2,10600561,V017_2007
11226602,112266,17,2,10601056,V017_1026
11227701,112277,6,2,10600853,VP014_0007
11227702,112277,21,2,10601057,V021_2002
11228801,112288,17,2,10600972,V017_0023
11229901,112299,6,2,10600787,V006_1026
11229902,112299,21,2,10600252,VP004_0011
11229903,112299,17,2,10601058,V017_1017
11230101,112301,5,2,10600321,V005_0022
11230102,112301,8,2,10600840,VP014_0003
11230103,112301,1,2,10600751,V001_0021
11231201,112312,8,2,10600842,V008_1023
11231202,112312,1,2,10600730,V001_1021
11232301,112323,5,2,10600997,VP002_0002
11232302,112323,8,2,10600844,VP003_0003
11233401,112334,5,2,10600197,VP002_0018
11233402,112334,8,2,10600984,V008_1005
11234501,112345,1,2,10600347,VP002_0035
11234502,112345,5,2,10600199,VP002_0026
11235601,112356,1,2,10600313,VP003_0005
11235602,112356,8,2,10600314,VP003_0006
11236701,112367,1,2,10600747,V001_0023
11236702,112367,8,2,10601059,V008_1021
11237801,112378,5,2,10601060,V005_0021
11237802,112378,1,2,10601061,V001_1022
11237803,112378,8,2,10600851,VP014_0005
11238901,112389,1,2,10600344,V001_1017
11238902,112389,5,2,10600431,V005_1027
11238903,112389,8,2,10600858,V008_1016
11239101,112391,5,2,10600321,V005_0022
11239102,112391,8,2,10600840,VP014_0003
11239103,112391,1,2,10600751,V001_0021
11240201,112402,8,2,10600842,V008_1023
11240202,112402,1,2,10600730,V001_1021
11241301,112413,5,2,10600997,VP002_0002
11241302,112413,8,2,10600844,VP003_0003
11242401,112424,5,2,10600197,VP002_0018
11242402,112424,8,2,10600984,V008_1005
11243501,112435,1,2,10600347,VP002_0035
11243502,112435,5,2,10600199,VP002_0026
11244601,112446,1,2,10600313,VP003_0005
11244602,112446,8,2,10600314,VP003_0006
11245701,112457,1,2,10600747,V001_0023
11245702,112457,8,2,10601059,V008_1021
11246801,112468,5,2,10601060,V005_0021
11246802,112468,1,2,10601061,V001_1022
11246803,112468,8,2,10600851,VP014_0005
11247901,112479,1,2,10600344,V001_1017
11247902,112479,5,2,10600431,V005_1027
11247903,112479,8,2,10600858,V008_1016
11248101,112481,16,2,10600555,VP012_0001
11248102,112481,17,2,10600556,V017_2002
11248103,112481,18,2,10600557,V018_0122
11249201,112492,16,2,10600558,VM015_0577
11249202,112492,17,2,10600559,VM005_0153
11250301,112503,18,2,10600560,VM009_0512
11250302,112503,17,2,10600561,V017_2007
11251401,112514,16,2,10600562,VM010_0180
11251402,112514,17,2,10600563,VM010_0181
11252501,112525,18,2,10600564,VP012_0002
11252502,112525,16,2,10600565,VM008_0480
11253601,112536,17,2,10600566,VP012_0003
11253602,112536,18,2,10600567,VM009_0413
11254701,112547,16,2,10600568,V016_1027
11254702,112547,17,2,10600569,V017_2001
11254703,112547,18,2,10600570,V018_2003
11255801,112558,18,2,10600571,V018_1023
11255802,112558,16,2,10600572,VP012_0004
11255803,112558,17,2,10600573,VP012_0005
11256901,112569,16,2,10600574,V016_1026
11256902,112569,18,2,10600575,V018_1022
11256903,112569,17,2,10600576,VM008_0409
11257101,112571,1,2,10600338,V001_1018
11257102,112571,3,2,10600339,V003_0021
11258201,112582,2,2,10600340,V002_0123
11259301,112593,3,2,10600341,V003_0023
11260401,112604,2,2,10600342,V002_1021
11261101,112611,3,2,10600343,V003_1019
11262201,112622,1,2,10600344,V001_1017
11263301,112633,2,2,10600345,V002_0122
11264401,112644,1,2,10600346,V001_2007
11265501,112655,1,2,10600347,V001_2011
11266601,112666,3,2,10600348,V003_1023
11267701,112677,2,2,10600349,V002_2011
11267702,112677,1,2,10600350,V001_1026
11268801,112688,2,2,10600351,V002_1120
11269901,112699,3,2,10600352,V003_1027
11271101,112711,19,2,10600461,V019_3001
11271102,112711,17,2,10600462,V017_0021
11272201,112722,19,2,10600463,V019_0023
11272202,112722,17,2,10600464,V017_2001
11273301,112733,19,2,10600465,V019_1026
11274401,112744,19,2,10600466,V019_0026
11275101,112751,17,2,10600467,VP011_0001
11275102,112751,17,2,10600468,VP011_0002
11276201,112762,17,2,10600469,VP011_0003
11276202,112762,17,2,10600470,VP011_0004
11276203,112762,19,2,10600471,V019_2003
11277301,112773,19,2,10600472,V019_2010
11277302,112773,17,2,10600473,V017_2010
11278401,112784,19,2,10600474,VP011_0005
11278402,112784,17,2,10600475,VM008_0387
11279501,112795,17,2,10600476,VM008_0389
11279502,112795,19,2,10600477,V019_2002
11280601,112806,19,2,10600478,V019_2007
11280602,112806,17,2,10600479,VM008_0481_2
11281701,112817,17,2,10600480,V017_2023
11282801,112828,17,2,10600481,V017_0023
11283901,112839,19,2,10600482,V019_3007
11285101,112851,83,2,10600838,VP014_0001
11285102,112851,6,2,10600839,VP014_0002
11285103,112851,8,2,10600840,VP014_0003
11286201,112862,6,2,10600841,V006_2018
11286202,112862,8,2,10600842,V008_1023
11287301,112873,83,2,10600843,V083_2012
11287302,112873,8,2,10600844,V008_2011
11288401,112884,8,2,10600845,V008_2007
11288402,112884,8,2,10600846,V008_1026
11289501,112895,6,2,10600847,V006_1006
11289502,112895,83,2,10600848,V083_1021
11290601,112906,83,2,10600849,V083_2007
11290602,112906,8,2,10600850,VP014_0004
11291701,112917,8,2,10600851,VP014_0005
11291702,112917,83,2,10600852,VP014_0006
11292801,112928,6,2,10600853,VP014_0007
11292802,112928,8,2,10600854,V008_2001
11292803,112928,83,2,10600855,V083_2001
11293901,112939,6,2,10600856,V006_1026
11293902,112939,83,2,10600857,V083_1016
11293903,112939,8,2,10600858,V008_1016
11294101,112941,16,2,10600301,V016_3002
11294102,112941,16,2,10600302,V016_3006
11295201,112952,6,2,10600303,VP002_0031
11295202,112952,8,2,10600304,VP003_0001
11296301,112963,7,2,10600305,V007_1018
11296302,112963,8,2,10600306,VM002_0379
11297101,112971,16,2,10600307,VM001_0006
11298201,112982,8,2,10600308,VP003_0002
11299301,112993,16,2,10600309,V016_1016
11300401,113004,8,2,10600310,VP003_0003
11301501,113015,7,2,10600311,V007_1022
11302601,113026,8,2,10600312,VP003_0004
11303701,113037,1,2,10600313,VP003_0005
11303702,113037,8,2,10600314,VP003_0006
11304801,113048,8,2,10600315,VP003_0007
11305901,113059,7,2,10600438,V007_1011
11307101,113071,17,2,10601013,VP018_0001
11307102,113071,6,2,10600785,V006_2003
11307103,113071,21,2,10600727,V021_1023
11308201,113082,6,2,10601052,VP017_0004
11308202,113082,21,2,10600750,V021_0022
11309301,113093,6,2,10601053,VP017_0005
11310401,113104,21,2,10601054,VP004_0004
11311501,113115,6,2,10600847,V006_1006
11311502,113115,17,2,10601055,V017_1027
11312601,113126,17,2,10600561,V017_2007
11312602,113126,17,2,10601056,V017_1026
11313701,113137,6,2,10600853,VP014_0007
11313702,113137,21,2,10601057,V021_2002
11314801,113148,17,2,10600972,V017_0023
11315901,113159,6,2,10600787,V006_1026
11315902,113159,21,2,10600252,VP004_0011
11315903,113159,17,2,10601058,V017_1017
11316101,113161,5,2,10600439,VM002_0221
11316102,113161,4,2,10600440,VM008_0486
11316103,113161,7,2,10600441,V007_0021
11316104,113161,1,2,10600442,VM009_0277
11316105,113161,3,2,10600443,VM009_0401
11317201,113172,3,2,10600444,VP010_0003
11317202,113172,3,2,10600445,VP010_0004
11318301,113183,7,2,10600446,VM011_0392
11318302,113183,5,2,10600447,VM005_0068
11319401,113194,5,2,10600448,VM013_0566
11319402,113194,5,2,10600449,VM013_0567
11320501,113205,5,2,10600450,VP010_0005
11320502,113205,5,2,10600451,VP010_0006
11320503,113205,4,2,10600452,VP010_0007
11321601,113216,4,2,10600453,VP010_0008
11321602,113216,7,2,10600454,V007_0023
11322701,113227,4,2,10600455,VP010_0009
11322702,113227,4,2,10600456,VP010_0010
11322703,113227,1,2,10600457,VM002_0071
11323801,113238,1,2,10600458,V001_1017
11323802,113238,3,2,10600459,VM005_0133
11323803,113238,1,2,10600460,VP010_0011
11324101,113241,5,2,10600321,V005_0022
11324102,113241,8,2,10600840,VP014_0003
11324103,113241,1,2,10600751,V001_0021
11325201,113252,8,2,10600842,V008_1023
11325202,113252,1,2,10600730,V001_1021
11326301,113263,5,2,10600997,VP002_0002
11326302,113263,8,2,10600844,VP003_0003
11327401,113274,5,2,10600197,VP002_0018
11327402,113274,8,2,10600984,V008_1005
11328501,113285,1,2,10600347,VP002_0035
11328502,113285,5,2,10600199,VP002_0026
11329601,113296,1,2,10600313,VP003_0005
11329602,113296,8,2,10600314,VP003_0006
11330701,113307,1,2,10600747,V001_0023
11330702,113307,8,2,10601059,V008_1021
11331801,113318,5,2,10601060,V005_0021
11331802,113318,1,2,10601061,V001_1022
11331803,113318,8,2,10600851,VP014_0005
11332901,113329,1,2,10600344,V001_1017
11332902,113329,5,2,10600431,V005_1027
11332903,113329,8,2,10600858,V008_1016
100741401,1007414,18,2,10600152,VP001_0025
100751501,1007515,18,2,10600153,VP001_0033
100761601,1007616,18,2,10600154,VP001_0006
100771701,1007717,18,2,10600155,VP001_0007
100781801,1007818,18,2,10600156,VP001_0008
100791901,1007919,18,2,10600157,VP001_0009
100951401,1009514,18,2,10600152,VP001_0025
100961501,1009615,18,2,10600153,VP001_0033
100971601,1009716,18,2,10600154,VP001_0006
100981701,1009817,18,2,10600155,VP001_0007
100991801,1009918,18,2,10600156,VP001_0008
101001901,1010019,18,2,10600157,VP001_0009
101161401,1011614,18,2,10600152,VP001_0025
101171501,1011715,18,2,10600153,VP001_0033
101181601,1011816,18,2,10600154,VP001_0006
101191701,1011917,18,2,10600155,VP001_0007
101201801,1012018,18,2,10600156,VP001_0008
101211901,1012119,18,2,10600157,VP001_0009
101331001,1013310,1,2,10600174,VP001_0026
101331002,1013310,1,2,10600175,VP001_0027
101341101,1013411,3,2,10600176,VP001_0028
101351201,1013512,4,2,10600177,VP001_0029
101361301,1013613,4,2,10600178,VP001_0030
101361302,1013613,4,2,10600179,VP001_0031
101371401,1013714,2,2,10600180,VP001_0032
103251001,1032510,7,2,10600317,V007_1026
103311001,1033110,7,2,10600317,V007_1026
103381001,1033810,21,2,10600242,VP004_0012
103381002,1033810,20,2,10600243,VP004_0013
103391101,1033911,22,2,10600244,VP004_0014
103391102,1033911,20,2,10600245,VP004_0015
104111001,1041110,32,2,10600334,VP005_0014
104111002,1041110,33,2,10600335,VP005_0015
104121101,1041211,32,2,10600336,VP005_0016
104121102,1041211,33,2,10600337,V033_3007
104331001,1043310,1,2,10600353,V001_0022
104471001,1044710,1,2,10600353,V001_0022
104841001,1048410,4,2,10600430,V004_3006
104841002,1048410,5,2,10600431,V005_1027
104851101,1048511,4,2,10600432,V004_2007
104851102,1048511,3,2,10600209,V003_1020
104861201,1048612,4,2,10600434,VM009_0378
104861202,1048612,5,2,10600435,V005_1020
104871301,1048713,3,2,10600220,VM005_0104
104871302,1048713,2,2,10600437,V002_1016
105001001,1050010,7,2,10600317,V007_1026
105301001,1053010,19,2,10600483,V019_1020
105301002,1053010,17,2,10600484,V017_1019
105441001,1054410,19,2,10600483,V019_1020
105441002,1054410,17,2,10600484,V017_1019
105681001,1056810,18,2,10600182,V018_1003
105691101,1056911,18,2,10600148,VP001_0024
105701201,1057012,18,2,10600149,VP001_0004
105711301,1057113,1,2,10600150,VM007_0324
105951001,1059510,1,2,10600353,V001_0022
106651001,1066510,19,2,10600483,V019_1020
106651002,1066510,17,2,10600484,V017_1019
107211001,1072110,271,2,10600768,V017_1126
107221101,1072211,207,2,10600769,V002_1119
107221102,1072211,271,2,10600770,V017_1120
107701001,1077010,405,2,10600835,V004_1116
107701002,1077010,207,2,10600836,V002_0122
107701003,1077010,207,2,10600837,VP013_0008
107841001,1078410,405,2,10600835,V004_1116
107841002,1078410,207,2,10600836,V002_0122
107841003,1078410,207,2,10600837,VP013_0008
108121001,1081210,7,2,10600317,V007_1026
108681001,1086810,999,2,10600925,V018_0112
108691101,1086911,999,2,10600926,V018_0122
108701201,1087012,999,2,10600927,V018_2117
108711301,1087113,999,2,10600928,V017_0108
108721401,1087214,999,2,10600929,V017_2106
108731501,1087315,999,2,10600930,V017_0122
108741601,1087416,999,2,10600931,VP015_0001
108751701,1087517,999,2,10600932,V085_1023
108761801,1087618,999,2,10600933,V085_2015
108771901,1087719,999,2,10600934,V004_2106
108782001,1087820,999,2,10600935,V004_1120
108792101,1087921,999,2,10600936,V004_2117
108802201,1088022,999,2,10600937,V005_2101
108812301,1088123,999,2,10600938,V005_0122
108822401,1088224,999,2,10600939,V005_2117
108832501,1088325,999,2,10600940,V003_0110
108842601,1088426,999,2,10600941,V003_0122
108852701,1088527,999,2,10600942,V003_2115
109801001,1098010,1,2,10600353,V001_0022
109941001,1099410,19,2,10600483,V019_1020
109941002,1099410,17,2,10600484,V017_1019
110071001,1100710,17,2,10601033,V017_1015
110071002,1100710,20,2,10601034,VP004_0007
110071003,1100710,17,2,10601035,VM019_393
110201001,1102010,17,2,10601033,V017_1015
110201002,1102010,20,2,10601034,VP004_0007
110201003,1102010,17,2,10601035,VM019_393
110521001,1105210,7,2,10600749,V007_1027
110521002,1105210,4,2,10600750,V004_1021
110521003,1105210,1,2,10600751,V001_0021
111011001,1110110,4,2,10600835,V004_1116
111011002,1110110,2,2,10600836,V002_0122
111011003,1110110,2,2,10600837,VP013_0008
111111001,1111110,18,2,10600182,V018_1003
111121101,1111211,18,2,10600148,VP001_0024
111131201,1111312,18,2,10600149,VP001_0004
111141301,1111413,1,2,10600150,VM007_0324
111351001,1113510,17,2,10601033,V017_1015
111351002,1113510,20,2,10601034,VP004_0007
111351003,1113510,17,2,10601035,VM019_393
111581001,1115810,7,2,10600749,V007_1027
111581002,1115810,4,2,10600750,V004_1021
111581003,1115810,1,2,10600751,V001_0021
111721001,1117210,4,2,10600835,V004_1116
111721002,1117210,2,2,10600836,V002_0122
111721003,1117210,2,2,10600837,VP013_0008
112031001,1120310,17,2,10601033,V017_1015
112031002,1120310,20,2,10601034,VP004_0007
112031003,1120310,17,2,10601035,VM019_393
112701001,1127010,1,2,10600353,V001_0022
112841001,1128410,19,2,10600483,V019_1020
112841002,1128410,17,2,10600484,V017_1019
113061001,1130610,7,2,10600317,V007_1026
