id,stage_sequence_id,start_type,elapsed_time,monster_id,monster_hp_rate,monster_active_skill
100011,516100101,7,0,15021101,0,35021182
100021,21100201,2,0,0,0,0
100032,21100202,2,0,0,0,0
100043,21100203,2,0,0,0,0
100051,22100201,2,0,0,0,0
100062,22100202,2,0,0,0,0
100073,22100203,2,0,0,0,0
100081,22100301,2,0,0,0,0
100092,22100302,2,0,0,0,0
100101,23100201,2,0,0,0,0
100112,23100202,2,0,0,0,0
100123,23100203,2,0,0,0,0
100131,23100301,2,0,0,0,0
100142,23100302,2,0,0,0,0
100151,23100401,2,0,0,0,0
100162,23100402,2,0,0,0,0
100173,23100402,3,0,0,0,0
100181,31100501,2,0,0,0,0
100192,31100502,2,0,0,0,0
100203,31100503,2,0,0,0,0
100211,31101101,2,0,0,0,0
100222,31101102,2,0,0,0,0
100233,31101103,2,0,0,0,0
100241,31101201,2,0,0,0,0
100252,31101202,2,0,0,0,0
100263,31101203,2,0,0,0,0
100271,31101301,3,0,0,0,0
100282,31101302,3,0,0,0,0
100291,32100201,2,0,0,0,0
100302,32100202,2,0,0,0,0
100313,32100203,2,0,0,0,0
100321,32100301,2,0,0,0,0
100332,32100302,2,0,0,0,0
100343,32100303,2,0,0,0,0
100351,32100401,2,0,0,0,0
100362,32100402,2,0,0,0,0
100373,32100402,3,0,0,0,0
100381,51100201,2,0,0,0,0
100391,51100301,2,0,0,0,0
100402,51100302,2,0,0,0,0
100413,51100303,2,0,0,0,0
100421,52100201,2,0,0,0,0
100431,52100301,2,0,0,0,0
100442,52100301,2,0,0,0,0
100453,52100301,2,0,0,0,0
100461,52100401,2,0,0,0,0
100471,52100601,2,0,0,0,0
100482,52100602,2,0,0,0,0
100493,52100603,2,0,0,0,0
100501,52100701,2,0,0,0,0
100512,52100702,2,0,0,0,0
100521,52100801,3,0,0,0,0
100532,52100802,3,0,0,0,0
100541,71100201,2,0,0,0,0
100551,71100601,2,0,0,0,0
100562,71100602,2,0,0,0,0
100571,72100801,4,0,0,0,0
100582,72100801,5,0,15041101,0.75,0
100591,73100201,2,0,0,0,0
100601,73100401,2,0,0,0,0
100611,506100101,2,0,0,0,0
100622,506100102,2,0,0,0,0
100633,506100103,2,0,0,0,0
100644,506100104,2,0,0,0,0
100655,506100104,3,0,0,0,0
100666,506100105,2,0,0,0,0
100677,506100105,2,60,0,0,0
100688,506100106,2,0,0,0,0
100821,506100201,2,0,0,0,0
100832,506100202,2,0,0,0,0
100843,506100203,2,0,0,0,0
100854,506100204,2,0,0,0,0
100865,506100204,3,0,0,0,0
100876,506100205,2,0,0,0,0
100887,506100205,2,60,0,0,0
100898,506100206,2,0,0,0,0
101031,506100301,2,0,0,0,0
101042,506100302,2,0,0,0,0
101053,506100303,2,0,0,0,0
101064,506100304,2,0,0,0,0
101075,506100304,3,0,0,0,0
101086,506100305,2,0,0,0,0
101097,506100305,2,60,0,0,0
101108,506100306,2,0,0,0,0
101241,511100101,2,0,0,0,0
101252,511100101,2,15,0,0,0
101263,511100101,6,0,15021103,0,65021181
101274,511100101,7,0,15021103,0,65021181
101285,511100101,7,0,15021103,0,65021171
101296,511100101,7,0,15021103,0,65021181
101307,511100101,7,0,15021103,0,65021181
101318,511100101,7,0,15021103,0,65021181
101329,511100101,5,0,15021103,0.8,0
101381,503100101,2,0,0,0,0
101392,503100101,8,0,30005,0.3,0
101403,503100101,8,0,30006,0.6,0
101414,503100102,2,0,0,0,0
101425,503100102,3,0,0,0,0
101436,503100103,2,0,0,0,0
101447,503100103,6,0,10141202,0,60141225
101451,503100201,2,0,0,0,0
101462,503100201,8,0,30005,0.3,0
101473,503100201,8,0,30006,0.6,0
101484,503100202,2,0,0,0,0
101495,503100202,3,0,0,0,0
101506,503100203,2,0,0,0,0
101517,503100203,6,0,10141203,0,60141226
101521,503100301,2,0,0,0,0
101532,503100301,8,0,30005,0.3,0
101543,503100301,8,0,30006,0.6,0
101554,503100302,2,0,0,0,0
101565,503100302,3,0,0,0,0
101576,503100303,2,0,0,0,0
101587,503100303,6,0,10141204,0,60141226
101591,503200101,2,0,0,0,0
101602,503200101,8,0,30005,0.3,0
101613,503200101,8,0,30006,0.6,0
101624,503200102,2,0,0,0,0
101635,503200102,3,0,0,0,0
101646,503200103,2,0,0,0,0
101657,503200103,7,0,10171203,0,60171225
101661,503200201,2,0,0,0,0
101672,503200201,8,0,30005,0.3,0
101683,503200201,8,0,30006,0.6,0
101694,503200202,2,0,0,0,0
101705,503200202,3,0,0,0,0
101716,503200203,2,0,0,0,0
101727,503200203,7,0,10171204,0,60171226
101731,503200301,2,0,0,0,0
101741,503300101,2,0,0,0,0
101742,503200301,8,0,30005,0.3,0
101752,503300101,8,0,30005,0.3,0
101753,503200301,8,0,30006,0.6,0
101763,503300101,8,0,30006,0.6,0
101764,503200302,2,0,0,0,0
101774,503300102,2,0,0,0,0
101775,503200302,3,0,0,0,0
101785,503300102,3,0,0,0,0
101786,503200303,2,0,0,0,0
101796,503300103,2,0,0,0,0
101797,503200303,7,0,10171205,0,60171226
101807,503300103,6,0,10151202,0,60151225
101811,503300201,2,0,0,0,0
101822,503300201,8,0,30005,0.3,0
101833,503300201,8,0,30006,0.6,0
101844,503300202,2,0,0,0,0
101855,503300202,3,0,0,0,0
101866,503300203,2,0,0,0,0
101877,503300203,6,0,10151203,0,60151226
101881,503300301,2,0,0,0,0
101892,503300301,8,0,30005,0.3,0
101903,503300301,8,0,30006,0.6,0
101914,503300302,2,0,0,0,0
101925,503300302,3,0,0,0,0
101936,503300303,2,0,0,0,0
101947,503300303,6,0,10151204,0,60151226
101951,503400101,2,0,0,0,0
101962,503400101,8,0,30005,0.3,0
101973,503400101,8,0,30006,0.6,0
101984,503400102,2,0,0,0,0
101995,503400102,3,0,0,0,0
102006,503400103,2,0,0,0,0
102017,503400103,7,0,10181202,0,60181225
102021,503400201,2,0,0,0,0
102032,503400201,8,0,30005,0.3,0
102043,503400201,8,0,30006,0.6,0
102054,503400202,2,0,0,0,0
102065,503400202,3,0,0,0,0
102076,503400203,2,0,0,0,0
102087,503400203,7,0,10181203,0,60181226
102091,503400301,2,0,0,0,0
102102,503400301,8,0,30005,0.3,0
102113,503400301,8,0,30006,0.6,0
102124,503400302,2,0,0,0,0
102135,503400302,3,0,0,0,0
102146,503400303,2,0,0,0,0
102157,503400303,7,0,10181204,0,60181226
102161,503500101,2,0,0,0,0
102172,503500101,8,0,30005,0.3,0
102183,503500101,8,0,30006,0.6,0
102194,503500102,2,0,0,0,0
102205,503500102,3,0,0,0,0
102216,503500103,2,0,0,0,0
102227,503500103,6,0,10161202,0,60161225
102231,503500201,2,0,0,0,0
102242,503500201,8,0,30005,0.3,0
102253,503500201,8,0,30006,0.6,0
102264,503500202,2,0,0,0,0
102275,503500202,3,0,0,0,0
102286,503500203,2,0,0,0,0
102297,503500203,6,0,10161203,0,60161226
102301,503500301,2,0,0,0,0
102312,503500301,8,0,30005,0.3,0
102323,503500301,8,0,30006,0.6,0
102334,503500302,2,0,0,0,0
102345,503500302,3,0,0,0,0
102356,503500303,2,0,0,0,0
102367,503500303,6,0,10161204,0,60161226
102371,503600101,2,0,0,0,0
102382,503600101,8,0,30005,0.3,0
102393,503600101,8,0,30006,0.6,0
102404,503600102,2,0,0,0,0
102415,503600102,3,0,0,0,0
102426,503600103,2,0,0,0,0
102437,503600103,7,0,10191202,0,60191225
102441,503600201,2,0,0,0,0
102452,503600201,8,0,30005,0.3,0
102463,503600201,8,0,30006,0.6,0
102474,503600202,2,0,0,0,0
102485,503600202,3,0,0,0,0
102496,503600203,2,0,0,0,0
102507,503600203,7,0,10191203,0,60191226
102511,503600301,2,0,0,0,0
102522,503600301,8,0,30005,0.3,0
102533,503600301,8,0,30006,0.6,0
102544,503600302,2,0,0,0,0
102555,503600302,3,0,0,0,0
102566,503600303,2,0,0,0,0
102577,503600303,6,0,10191204,0,60191226
102581,503700101,2,0,0,0,0
102592,503700101,8,0,30005,0.3,0
102603,503700101,8,0,30006,0.6,0
102614,503700102,2,0,0,0,0
102625,503700102,3,0,0,0,0
102636,503700103,2,0,0,0,0
102647,503700103,7,0,10201202,0,60201225
102651,503700201,2,0,0,0,0
102662,503700201,8,0,30005,0.3,0
102673,503700201,8,0,30006,0.6,0
102684,503700202,2,0,0,0,0
102695,503700202,3,0,0,0,0
102706,503700203,2,0,0,0,0
102717,503700203,7,0,10201203,0,60201226
102721,503700301,2,0,0,0,0
102732,503700301,8,0,30005,0.3,0
102743,503700301,8,0,30006,0.6,0
102754,503700302,2,0,0,0,0
102765,503700302,3,0,0,0,0
102776,503700303,2,0,0,0,0
102787,503700303,7,0,10201204,0,60201226
102791,513100101,2,0,0,0,0
102802,513100101,5,0,10071224,0.4,0
102811,513100201,2,0,0,0,0
102822,513100201,5,0,10151303,0.4,0
102831,513100301,2,0,0,0,0
102842,513100301,5,0,10201306,0.4,0
102851,513100401,2,0,0,0,0
102862,513100401,5,0,10071225,0.4,0
102871,513100501,2,0,0,0,0
102882,513100501,5,0,10151304,0.4,0
102891,513100601,2,0,0,0,0
102902,513100601,5,0,10201307,0.4,0
102911,513100701,2,0,0,0,0
102922,513100701,5,0,10071226,0.4,0
102931,513100801,2,0,0,0,0
102942,513100801,5,0,10151305,0.4,0
102951,513100901,2,0,0,0,0
102962,513100901,5,0,10201308,0.4,0
102971,513200101,2,0,0,0,0
102982,513200101,5,0,10081234,0.4,0
102991,513200201,2,0,0,0,0
103002,513200201,5,0,10141304,0.4,0
103011,513200301,2,0,0,0,0
103022,513200301,5,0,10211205,0.4,0
103031,513200401,2,0,0,0,0
103042,513200401,5,0,10081235,0.4,0
103051,513200501,2,0,0,0,0
103062,513200501,5,0,10141305,0.4,0
103071,513200601,2,0,0,0,0
103082,513200601,7,0,10211206,0,30211262
103093,513200601,5,0,10211206,0.4,0
103101,53101101,2,0,0,0,0
103112,53101102,2,0,0,0,0
103123,53101103,2,0,0,0,0
103131,510100101,2,0,0,0,0
103142,510100102,2,0,0,0,0
103153,510100103,2,0,0,0,0
103161,510100201,2,0,0,0,0
103172,510100202,2,0,0,0,0
103183,510100203,2,0,0,0,0
103191,510100301,2,0,0,0,0
103194,510100203,6,0,15031301,0,35031342
103202,510100302,2,0,0,0,0
103205,510100203,7,0,15031301,0,35031342
103213,510100303,2,0,0,0,0
103216,510100203,7,0,15031301,0,35031362
103221,510100401,2,0,0,0,0
103227,510100203,7,0,15031301,0,35031372
103232,510100402,2,0,0,0,0
103238,510100203,5,0,15031301,0.75,0
103243,510100403,2,0,0,0,0
103249,510100203,5,0,15031301,0.5,0
103254,510100403,6,0,15031302,0,35031342
103265,510100403,7,0,15031302,0,35031342
103276,510100403,7,0,15031302,0,35031362
103287,510100403,7,0,15031302,0,35031372
103291,511200101,2,0,0,0,0
103298,510100403,5,0,15031302,0.75,0
103302,511200101,2,15,0,0,0
103309,510100403,5,0,15031302,0.5,0
103313,511200101,6,0,15041114,0,65041171
103324,511200101,7,0,15041114,0,65041171
103335,511200101,7,0,15041114,0,65041121
103346,511200101,7,0,15041114,0,65041131
103357,511200101,7,0,15041114,0,65041141
103368,511200101,7,0,15041114,0,65041151
103379,511200101,6,0,15041114,0,65041122
103401,82100801,7,0,15041115,0,35041164
103412,82100801,5,0,15041115,0.75,0
103423,82100801,5,0,15041115,0.25,0
103431,82101101,2,0,0,0,0
103442,82101101,2,30,0,0,0
103453,82101101,5,0,15041116,0.25,0
103461,82101401,2,0,0,0,0
103472,82101401,2,30,0,0,0
103483,82101401,2,60,0,0,0
103491,83100301,2,0,0,0,0
103502,83100301,2,30,0,0,0
103513,83100301,5,0,15041118,0.25,0
103521,93101401,2,0,0,0,0
103531,503100401,2,0,0,0,0
103542,503100401,8,0,30005,0.3,0
103553,503100401,8,0,30006,0.6,0
103564,503100402,2,0,0,0,0
103575,503100402,3,0,0,0,0
103586,503100403,2,0,0,0,0
103597,503100403,6,0,10141211,0,60141226
103601,503200401,2,0,0,0,0
103612,503200401,8,0,30005,0.3,0
103623,503200401,8,0,30006,0.6,0
103634,503200402,2,0,0,0,0
103645,503200402,3,0,0,0,0
103656,503200403,2,0,0,0,0
103667,503200403,7,0,10171223,0,60171226
103671,503300401,2,0,0,0,0
103682,503300401,8,0,30005,0.3,0
103693,503300401,8,0,30006,0.6,0
103704,503300402,2,0,0,0,0
103715,503300402,3,0,0,0,0
103726,503300403,2,0,0,0,0
103737,503300403,6,0,10151220,0,60151226
103741,503400401,2,0,0,0,0
103752,503400401,8,0,30005,0.3,0
103763,503400401,8,0,30006,0.6,0
103774,503400402,2,0,0,0,0
103785,503400402,3,0,0,0,0
103796,503400403,2,0,0,0,0
103807,503400403,7,0,10181213,0,60181226
103811,503500401,2,0,0,0,0
103822,503500401,8,0,30005,0.3,0
103833,503500401,8,0,30006,0.6,0
103844,503500402,2,0,0,0,0
103855,503500402,3,0,0,0,0
103866,503500403,2,0,0,0,0
103877,503500403,6,0,10161214,0,60161226
103881,503600401,2,0,0,0,0
103892,503600401,8,0,30005,0.3,0
103903,503600401,8,0,30006,0.6,0
103914,503600402,2,0,0,0,0
103925,503600402,3,0,0,0,0
103936,503600403,2,0,0,0,0
103947,503600403,6,0,10191221,0,60191226
103951,503700401,2,0,0,0,0
103962,503700401,8,0,30005,0.3,0
103973,503700401,8,0,30006,0.6,0
103984,503700402,2,0,0,0,0
103995,503700402,3,0,0,0,0
104006,503700403,2,0,0,0,0
104017,503700403,7,0,10201214,0,60201226
104021,511300101,2,0,0,0,0
104032,511300101,2,30,0,0,0
104043,511300101,6,0,15051101,0,65051181
104054,511300101,7,0,15051101,0,65051151
104065,511300101,7,0,15051101,0,65051152
104076,511300101,7,0,15051101,0,65051153
104087,511300101,7,0,15051101,0,65051171
104098,511300101,7,0,15051101,0,65051172
104109,511300101,5,0,15051101,0.75,0
104131,513200701,1,0,0,0,0
104142,513200701,5,0,10081239,0.4,0
104151,513200801,2,0,0,0,0
104162,513200801,5,0,10141306,0.4,0
104171,513200901,2,0,0,0,0
104182,513200901,7,0,10211207,0,30211262
104193,513200901,5,0,10211207,0.4,0
104201,510200101,2,0,0,0,0
104212,510200102,2,0,0,0,0
104223,510200103,2,0,0,0,0
104234,510200103,7,0,10201219,0,30171232
104241,510200201,2,0,0,0,0
104252,510200202,2,0,0,0,0
104263,510200203,2,0,0,0,0
104274,510200203,6,0,15041301,0,65041371
104285,510200203,7,0,15041301,0,65041351
104296,510200203,7,0,15041301,0,65041331
104307,510200203,7,0,15041301,0,65041371
104318,510200203,5,0,15041301,0.75,0
104329,510200203,5,0,15041301,0.5,0
104341,510200301,2,0,0,0,0
104352,510200302,2,0,0,0,0
104363,510200303,2,0,0,0,0
104374,510200303,7,0,10201220,0,30171232
104381,510200401,2,0,0,0,0
104392,510200402,2,0,0,0,0
104403,510200403,2,0,0,0,0
104414,510200403,6,0,15041302,0,65041371
104425,510200403,7,0,15041302,0,65041351
104436,510200403,7,0,15041302,0,65041331
104447,510200403,7,0,15041302,0,65041371
104458,510200403,5,0,15041302,0.75,0
104469,510200403,5,0,15041302,0.5,0
104481,509200101,2,0,0,0,0
104492,509200101,6,0,15041401,0,65041481
104503,509200101,7,0,15041401,0,65041461
104514,509200101,7,0,15041401,0,65041471
104525,509200101,7,0,15041401,0,65041481
104536,509200101,5,0,15041401,0.75,0
104547,509200101,5,0,15041401,0.5,0
104558,509200101,5,0,15041401,0.25,0
104561,513400101,2,0,0,0,0
104571,513400201,2,0,0,0,0
104581,513400301,2,0,0,0,0
104592,513400301,6,0,10301301,0,30301141
104603,513400301,5,0,10301301,0.75,0
104614,513400301,5,0,10301301,0.5,0
104625,513400301,5,0,10301301,0.25,0
104636,513400301,3,0,0,0,0
104641,102100201,2,0,0,0,0
104651,102100301,2,0,0,0,0
104652,102100202,2,0,0,0,0
104661,103100801,2,0,0,0,0
104662,102100302,2,0,0,0,0
104671,103100901,2,0,0,0,0
104672,103100802,2,0,0,0,0
104673,103100803,2,0,0,0,0
104682,103100902,2,0,0,0,0
104683,103100903,2,0,0,0,0
104691,112101101,2,0,0,0,0
104702,112101102,2,0,0,0,0
104713,112101103,2,0,0,0,0
104721,113100901,2,0,0,0,0
104732,113100902,2,0,0,0,0
104743,113100903,2,0,0,0,0
104751,511400101,2,0,0,0,0
104762,511400101,2,140,0,0,0
104773,511400101,6,0,15031104,0,35031142
104784,511400101,7,0,15031104,0,35031122
104795,511400101,7,0,15031104,0,35031132
104806,511400101,7,0,15031104,0,35031142
104817,511400101,7,0,15031104,0,35031172
104828,511400101,5,0,15031104,0.75,0
104839,511400101,5,0,15031104,0.5,0
104881,510100501,2,0,0,0,0
104892,510100502,2,0,0,0,0
104903,510100503,2,0,0,0,0
104911,510100601,2,0,0,0,0
104922,510100602,2,0,0,0,0
104933,510100603,2,0,0,0,0
104944,510100603,6,0,15031303,0,35031342
104955,510100603,7,0,15031303,0,35031342
104966,510100603,7,0,15031303,0,35031362
104977,510100603,7,0,15031303,0,35031382
104988,510100603,5,0,15031303,0.75,0
104999,510100603,5,0,15031303,0.5,0
105091,509300101,2,0,0,0,0
105102,509300101,6,0,15031401,0,65031441
105113,509300101,7,0,15031401,0,65031461
105124,509300101,7,0,15031401,0,65031492
105135,509300101,7,0,15031401,0,65031471
105146,509300101,5,0,15031401,0.75,0
105157,509300101,5,0,15031401,0.5,0
105168,509300101,5,0,15031401,0.25,0
105171,510300101,1,0,0,0,0
105182,510300102,1,0,0,0,0
105193,510300103,1,0,0,0,0
105204,510300103,6,0,10151317,0,30151341
105211,510300201,1,0,0,0,0
105222,510300202,1,0,0,0,0
105233,510300203,1,0,0,0,0
105244,510300203,6,0,15051505,0,35051572
105255,510300203,7,0,15051505,0,35051551
105266,510300203,7,0,15051505,0,35051571
105277,510300203,7,0,15051505,0,35051572
105288,510300203,5,0,15051505,0.75,0
105299,510300203,5,0,15051505,0.5,0
105311,510300301,1,0,0,0,0
105322,510300302,1,0,0,0,0
105333,510300303,1,0,0,0,0
105344,510300303,6,0,10151318,0,30151341
105351,510300401,1,0,0,0,0
105362,510300402,1,0,0,0,0
105373,510300403,1,0,0,0,0
105384,510300403,6,0,15051506,0,35051572
105395,510300403,7,0,15051506,0,35051551
105406,510300403,7,0,15051506,0,35051571
105417,510300403,7,0,15051506,0,35051572
105428,510300403,5,0,15051506,0.75,0
105439,510300403,5,0,15051506,0.5,0
105451,513400401,2,0,0,0,0
105461,513400501,2,0,0,0,0
105471,513400601,2,0,0,0,0
105482,513400601,6,0,10301303,0,30301333
105493,513400601,5,0,10301303,0.75,0
105504,513400601,5,0,10301303,0.5,0
105515,513400601,5,0,10301303,0.25,0
105526,513400601,3,0,0,0,0
105531,132100201,2,0,0,0,0
105541,133100503,2,0,0,0,0
105552,133100503,5,0,15031107,0.75,0
105563,133100503,5,0,15031107,0.5,0
105571,133100901,2,0,0,0,0
105581,133101401,5,0,15031109,0.2,0
105591,506100401,2,0,0,0,0
105602,506100402,2,0,0,0,0
105613,506100403,2,0,0,0,0
105624,506100404,2,0,0,0,0
105635,506100404,3,0,0,0,0
105646,506100405,2,0,0,0,0
105657,506100405,2,60,0,0,0
105668,506100406,2,0,0,0,0
105679,506100402,6,0,10121323,0,60121331
105721,531100101,2,5,0,0,0
105731,531100201,2,5,0,0,0
105741,531100301,2,5,0,0,0
105751,531100401,2,5,0,0,0
105761,531100501,2,5,0,0,0
105771,531100601,2,5,0,0,0
105781,531100701,2,5,0,0,0
105791,531100801,2,5,0,0,0
105801,531100901,2,5,0,0,0
105811,531101001,2,5,0,0,0
105821,510200501,2,0,0,0,0
105832,510200502,2,0,0,0,0
105843,510200503,2,0,0,0,0
105854,510200503,7,0,10201227,0,30171232
105861,510200601,2,0,0,0,0
105872,510200602,2,0,0,0,0
105883,510200603,2,0,0,0,0
105894,510200603,6,0,15041306,0,65041371
105905,510200603,7,0,15041306,0,65041351
105916,510200603,7,0,15041306,0,65041331
105927,510200603,7,0,15041306,0,65041371
105938,510200603,5,0,15041306,0.75,0
105949,510200603,5,0,15041306,0.5,0
105961,536100101,2,0,0,0,0
105972,536100101,5,0,10010104,0.5,0
105983,536100101,5,0,10010104,0.1,0
105991,536100201,2,0,0,0,0
106002,536100201,5,0,10010104,0.5,0
106013,536100201,5,0,10010104,0.1,0
106021,536100301,2,0,0,0,0
106032,536100301,5,0,10010104,0.1,0
106041,536100401,2,0,0,0,0
106052,536100401,5,0,10010104,0.5,0
106063,536100401,5,0,10010104,0.1,0
106071,536100501,2,0,0,0,0
106082,536100501,5,0,10010104,0.5,0
106093,536100501,5,0,10010104,0.1,0
106101,536100601,2,0,0,0,0
106112,536100601,5,0,10010104,0.1,0
106121,536100701,2,0,0,0,0
106132,536100701,5,0,10010104,0.1,0
106141,509400201,2,0,0,0,0
106152,509400201,7,0,15051601,0,65051681
106163,509400201,6,0,15051601,0,65051662
106174,509400201,7,0,15051601,0,65051691
106185,509400201,7,0,15051601,0,65051601
106196,509400201,7,0,15051601,0,65051662
106207,509400201,5,0,15051601,0.9,0
106218,509400201,5,0,15051601,0.7,0
106229,509400201,5,0,15051601,0.25,0
106231,152101001,2,0,0,0,0
106241,152101101,2,0,0,0,0
106242,152101001,2,5,0,0,0
106251,152101301,2,0,0,0,0
106253,152101001,2,10,0,0,0
106261,153100201,2,0,0,0,0
106272,153100202,2,0,0,0,0
106283,153100203,2,0,0,0,0
106291,153100301,2,0,0,0,0
106302,153100302,2,0,0,0,0
106313,153100303,2,0,0,0,0
106321,153100501,2,0,0,0,0
106332,153100502,2,0,0,0,0
106343,153100503,2,0,0,0,0
106351,153100601,2,0,0,0,0
106362,153100602,2,0,0,0,0
106373,153100603,2,0,0,0,0
106381,162101101,2,0,0,0,0
106391,163100201,2,0,0,0,0
106402,163100202,2,0,0,0,0
106411,163100301,2,0,0,0,0
106421,163100401,2,0,0,0,0
106431,163100501,2,0,0,0,0
106441,513400701,2,0,0,0,0
106451,513400801,2,0,0,0,0
106461,513400901,2,0,0,0,0
106472,513400901,6,0,10301332,0,30301333
106483,513400901,5,0,10301332,0.75,0
106494,513400901,5,0,10301332,0.5,0
106505,513400901,5,0,10301332,0.25,0
106511,163100501,2,8,0,0,0
106521,510300501,1,0,0,0,0
106532,510300502,1,0,0,0,0
106543,510300503,1,0,0,0,0
106554,510300503,6,0,10151336,0,30151341
106561,510300601,1,0,0,0,0
106572,510300602,1,0,0,0,0
106583,510300603,1,0,0,0,0
106594,510300603,6,0,15051508,0,35051572
106605,510300603,7,0,15051508,0,35051551
106616,510300603,7,0,15051508,0,35051571
106627,510300603,7,0,15051508,0,35051572
106638,510300603,5,0,15051508,0.75,0
106649,510300603,5,0,15051508,0.5,0
106661,542100101,2,0,0,0,0
106671,542100201,2,0,0,0,0
106672,542100101,2,5,0,0,0
106681,542100301,2,0,0,0,0
106682,542100201,2,5,0,0,0
106683,542100101,2,10,0,0,0
106691,542100401,2,0,0,0,0
106692,542100301,2,5,0,0,0
106693,542100201,2,10,0,0,0
106694,542100101,5,0,10010105,0.3,0
106701,542100501,2,0,0,0,0
106702,542100401,2,5,0,0,0
106703,542100301,2,10,0,0,0
106704,542100201,5,0,10050104,0.1,0
106705,542100101,5,0,10010105,0.1,0
106711,542100601,2,0,0,0,0
106712,542100501,2,5,0,0,0
106713,542100401,2,10,0,0,0
106714,542100301,5,0,10008301,0.1,0
106715,542100201,5,0,10040104,0.1,0
106721,542100701,2,0,0,0,0
106722,542100601,2,5,0,0,0
106723,542100501,2,10,0,0,0
106724,542100401,5,0,10070102,0.1,0
106725,542100301,5,0,10850202,0.1,0
106731,543100101,2,0,0,0,0
106732,542100701,2,5,0,0,0
106733,542100601,2,10,0,0,0
106734,542100501,5,0,10030105,0.1,0
106735,542100401,5,0,10060104,0.1,0
106741,543100201,2,0,0,0,0
106742,543100101,2,5,0,0,0
106743,542100701,2,10,0,0,0
106744,542100601,5,0,10040105,0.1,0
106745,542100501,5,0,10090101,0.1,0
106751,543100301,2,0,0,0,0
106752,543100201,2,5,0,0,0
106753,543100101,2,10,0,0,0
106754,542100701,5,0,10020106,0.1,0
106755,542100601,5,0,10008302,0.1,0
106761,543100401,2,0,0,0,0
106762,543100301,2,5,0,0,0
106763,543100201,2,10,0,0,0
106764,543100101,5,0,10180104,0.1,0
106765,542100701,5,0,10010107,0.1,0
106771,543100501,2,0,0,0,0
106772,543100401,2,5,0,0,0
106773,543100301,2,10,0,0,0
106774,543100201,5,0,10200101,0.1,0
106775,543100101,5,0,10160104,0.1,0
106781,543100601,2,0,0,0,0
106782,543100501,2,5,0,0,0
106783,543100401,2,10,0,0,0
106784,543100301,5,0,10180105,0.1,0
106785,543100201,5,0,10210101,0.1,0
106791,543100701,2,0,0,0,0
106792,543100601,2,5,0,0,0
106793,543100501,2,10,0,0,0
106794,543100401,5,0,10330102,0.1,0
106795,543100301,5,0,10240101,0.1,0
106802,543100701,2,5,0,0,0
106803,543100601,2,10,0,0,0
106804,543100501,5,0,10200102,0.1,0
106805,543100401,5,0,10160105,0.1,0
106813,543100701,2,10,0,0,0
106814,543100601,5,0,10200103,0.1,0
106815,543100501,5,0,10170105,0.1,0
106824,543100701,5,0,10170106,0.1,0
106825,543100601,5,0,10330103,0.1,0
106835,543100701,5,0,10160106,0.1,0
106841,510400101,1,0,0,0,0
106852,510400102,1,0,0,0,0
106863,510400103,1,0,0,0,0
106874,510400103,7,0,10301238,0,30301241
106881,510400201,1,0,0,0,0
106892,510400202,1,0,0,0,0
106903,510400203,1,0,0,0,0
106914,510400203,6,0,15091302,0,35091332
106925,510400203,7,0,15091302,0,35091331
106936,510400203,7,0,15091302,0,35091361
106947,510400203,7,0,15091302,0,35091332
106958,510400203,5,0,15091302,0.75,0
106969,510400203,5,0,15091302,0.5,0
106981,510400301,1,0,0,0,0
106992,510400302,1,0,0,0,0
107003,510400303,1,0,0,0,0
107014,510400303,7,0,10301239,0,30301241
107021,510400401,1,0,0,0,0
107032,510400402,1,0,0,0,0
107043,510400403,1,0,0,0,0
107054,510400403,6,0,15091303,0,35091332
107065,510400403,7,0,15091303,0,35091331
107076,510400403,7,0,15091303,0,35091361
107087,510400403,7,0,15091303,0,35091332
107098,510400403,5,0,15091303,0.75,0
107109,510400403,5,0,15091303,0.5,0
107121,511500101,2,0,0,0,0
107132,511500101,2,140,0,0,0
107143,511500101,6,0,15091112,0,35091163
107154,511500101,7,0,15091112,0,35091134
107165,511500101,7,0,15091112,0,35091152
107176,511500101,7,0,15091112,0,35091154
107187,511500101,7,0,15091112,0,35091172
107198,511500101,7,0,15091112,0,35091135
107209,511500101,5,0,15091112,0.75,0
107231,509500201,2,0,0,0,0
107242,509500201,2,45,0,0,0
107253,509500201,6,0,15101401,0,35101474
107264,509500201,7,0,15101401,0,35101481
107275,509500201,7,0,15101401,0,35101475
107286,509500201,7,0,15101401,0,35101474
107297,509500201,5,0,15101401,0.75,0
107308,509500201,5,0,15101401,0.5,0
107319,509500201,5,0,15101401,0.2,0
107321,509300201,2,0,0,0,0
107332,509300201,6,0,15031402,0,65031442
107343,509300201,7,0,15031402,0,65031461
107354,509300201,7,0,15031402,0,65031492
107365,509300201,7,0,15031402,0,65031471
107376,509300201,5,0,15031402,0.75,0
107387,509300201,5,0,15031402,0.5,0
107398,509300201,5,0,15031402,0.25,0
107401,193100201,2,0,0,0,0
107412,193100202,2,0,0,0,0
107423,193100203,2,0,0,0,0
107431,193100301,2,0,0,0,0
107442,193100302,2,0,0,0,0
107453,193100303,2,0,0,0,0
107461,193100401,2,0,0,0,0
107472,193100402,2,0,0,0,0
107483,193100403,2,0,0,0,0
107491,193100601,2,0,0,0,0
107502,193100602,2,0,0,0,0
107513,193100603,2,0,0,0,0
107521,193100701,2,0,0,0,0
107532,193100702,2,0,0,0,0
107541,193100801,2,0,0,0,0
107552,193100802,2,0,0,0,0
107563,193100803,2,0,0,0,0
107571,510500101,1,0,0,0,0
107582,510500102,1,0,0,0,0
107593,510500103,1,0,0,0,0
107604,510500103,7,0,10161274,0,30161241
107611,510500201,1,0,0,0,0
107622,510500202,1,0,0,0,0
107633,510500203,1,0,0,0,0
107644,510500203,6,0,15111301,0,35111362
107655,510500203,7,0,15111301,0,35111361
107666,510500203,7,0,15111301,0,35111341
107677,510500203,7,0,15111301,0,35111362
107688,510500203,5,0,15111301,0.75,0
107699,510500203,5,0,15111301,0.5,0
107711,510500301,1,0,0,0,0
107722,510500302,1,0,0,0,0
107733,510500303,1,0,0,0,0
107744,510500303,7,0,10161275,0,30161241
107751,510500401,1,0,0,0,0
107762,510500402,1,0,0,0,0
107773,510500403,1,0,0,0,0
107784,510500403,6,0,15111302,0,35111362
107795,510500403,7,0,15111302,0,35111361
107806,510500403,7,0,15111302,0,35111341
107817,510500403,7,0,15111302,0,35111362
107828,510500403,5,0,15111302,0.75,0
107839,510500403,5,0,15111302,0.5,0
107851,509600201,2,0,0,0,0
107862,509600201,2,45,0,0,0
107873,509600201,6,0,15091601,0,35091692
107884,509600201,7,0,15091601,0,35091652
107895,509600201,7,0,15091601,0,35091661
107906,509600201,7,0,15091601,0,35091681
107917,509600201,5,0,15091601,0.75,0
107928,509600201,5,0,15091601,0.5,0
107939,509600201,5,0,15091601,0.2,0
107941,513101001,2,0,0,0,0
107952,513101001,5,0,10071296,0.4,0
107961,513101101,2,0,0,0,0
107972,513101101,5,0,10151286,0.4,0
107981,513101201,2,0,0,0,0
107992,513101201,5,0,10201351,0.4,0
108001,510100701,2,0,0,0,0
108012,510100702,2,0,0,0,0
108023,510100703,2,0,0,0,0
108031,510100801,2,0,0,0,0
108042,510100802,2,0,0,0,0
108053,510100803,2,0,0,0,0
108064,510100803,6,0,15031306,0,35031342
108075,510100803,7,0,15031306,0,35031342
108086,510100803,7,0,15031306,0,35031363
108097,510100803,7,0,15031306,0,35031382
108108,510100803,5,0,15031306,0.75,0
108119,510100803,5,0,15031306,0.5,0
108131,513201001,1,0,0,0,0
108142,513201001,5,0,20081209,0.4,0
108151,513201101,2,0,0,0,0
108162,513201101,5,0,10151374,0.4,0
108171,513201201,2,0,0,0,0
108182,513201201,7,0,10211231,0,30211262
108193,513201201,5,0,10211231,0.4,0
108201,509400301,2,0,0,0,0
108212,509400301,7,0,15051604,0,65051681
108223,509400301,6,0,15051604,0,65051662
108234,509400301,7,0,15051604,0,65051691
108245,509400301,7,0,15051604,0,65051601
108256,509400301,7,0,15051604,0,65051662
108267,509400301,5,0,15051604,0.9,0
108278,509400301,5,0,15051604,0.7,0
108289,509400301,5,0,15051604,0.25,0
108291,519601001,2,0,0,0,0
108302,519601001,2,5,0,0,0
108313,519601001,2,10,0,0,0
108324,519601001,5,0,10030107,0.1,0
108335,519601001,5,0,10010108,0.1,0
108341,519601101,2,0,0,0,0
108352,519601101,2,5,0,0,0
108363,519601101,2,10,0,0,0
108374,519601101,5,0,10040106,0.1,0
108385,519601101,5,0,10060106,0.1,0
108391,519601201,2,0,0,0,0
108402,519601201,2,5,0,0,0
108413,519601201,2,10,0,0,0
108424,519601201,5,0,10180107,0.1,0
108435,519601201,5,0,10160107,0.1,0
108441,519601301,2,0,0,0,0
108452,519601301,2,5,0,0,0
108463,519601301,2,10,0,0,0
108474,519601301,5,0,10010109,0.3,0
108485,519601301,5,0,10010109,0.1,0
108491,519601401,2,0,0,0,0
108502,519601401,2,5,0,0,0
108513,519601401,2,10,0,0,0
108524,519601401,5,0,10050107,0.1,0
108535,519601401,5,0,10040107,0.1,0
108541,519601501,2,0,0,0,0
108552,519601501,2,5,0,0,0
108563,519601501,2,10,0,0,0
108574,519601501,5,0,10170108,0.1,0
108585,519601501,5,0,10160108,0.1,0
108591,519800101,5,0,10010111,0.99,0
108602,519800101,5,0,10010111,0.8,0
108613,519800101,5,0,10010111,0.3,0
108624,519800101,5,0,10020110,0.99,0
108635,519800101,5,0,10020110,0.8,0
108646,519800101,5,0,10020110,0.3,0
108657,519800101,5,0,10060109,0.99,0
108668,519800101,5,0,10060109,0.8,0
108679,519800101,5,0,10060109,0.3,0
108861,519800201,2,0,0,0,0
108872,519800201,2,5,0,0,0
108883,519800201,5,0,10030109,0.1,0
108891,519800301,2,0,0,0,0
108902,519800301,2,5,0,0,0
108913,519800301,5,0,10050108,0.1,0
108921,519800401,2,0,0,0,0
108932,519800401,2,5,0,0,0
108943,519800401,5,0,10040108,0.1,0
108951,519800501,2,0,0,0,0
108962,519800501,2,5,0,0,0
108973,519800501,5,0,10850203,0.1,0
108981,519800601,2,0,0,0,0
108992,519800601,2,5,0,0,0
109003,519800601,5,0,10170109,0.1,0
109011,519800701,2,0,0,0,0
109022,519800701,2,5,0,0,0
109033,519800701,5,0,10180109,0.1,0
109041,519800801,2,0,0,0,0
109052,519800801,2,5,0,0,0
109063,519800801,5,0,10060108,0.1,0
109071,519800901,2,0,0,0,0
109082,519800901,2,5,0,0,0
109093,519800901,5,0,10020109,0.1,0
109101,519801001,2,0,0,0,0
109112,519801001,2,5,0,0,0
109123,519801001,5,0,10010110,0.1,0
109131,231100901,2,0,0,0,0
109142,231100901,2,5,0,0,0
109144,231100901,2,15,0,0,0
109152,231101001,2,5,0,0,0
109153,231100901,2,10,0,0,0
109155,231100901,2,20,0,0,0
109161,231101001,2,0,0,0,0
109163,231101001,2,10,0,0,0
109165,231101001,2,20,0,0,0
109171,231101101,2,0,0,0,0
109173,231101101,2,10,0,0,0
109174,231101001,2,15,0,0,0
109181,232100201,2,0,0,0,0
109182,231101101,2,5,0,0,0
109183,232100201,2,10,0,0,0
109191,232100301,2,0,0,0,0
109192,232100201,2,5,0,0,0
109193,232100301,2,10,0,0,0
109201,513500101,2,0,0,0,0
109202,232100301,2,5,0,0,0
109211,513500201,2,0,0,0,0
109221,513500301,2,0,0,0,0
109232,513500301,6,0,10311232,0,30311241
109243,513500301,5,0,10311232,0.75,0
109254,513500301,5,0,10311232,0.5,0
109265,513500301,5,0,10311232,0.25,0
109276,513500301,3,0,0,0,0
109281,513500401,2,0,0,0,0
109291,513500501,2,0,0,0,0
109301,513500601,2,0,0,0,0
109312,513500601,6,0,10311233,0,30311231
109323,513500601,5,0,10311233,0.75,0
109334,513500601,5,0,10311233,0.5,0
109345,513500601,5,0,10311233,0.25,0
109356,513500601,3,0,0,0,0
109361,513600101,2,0,0,0,0
109371,513600201,2,0,0,0,0
109381,513600301,2,0,0,0,0
109392,513600301,6,0,10161366,0,30161342
109403,513600301,5,0,10161366,0.75,0
109414,513600301,5,0,10161366,0.5,0
109425,513600301,5,0,10161366,0.25,0
109436,513600301,3,0,0,0,0
109441,513600401,2,0,0,0,0
109451,513600501,2,0,0,0,0
109461,513600601,2,0,0,0,0
109472,513600601,6,0,10161367,0,30161342
109483,513600601,5,0,10161367,0.75,0
109494,513600601,5,0,10161367,0.5,0
109505,513600601,5,0,10161367,0.25,0
109516,513600601,3,0,0,0,0
109521,509700201,2,0,0,0,0
109532,509700201,6,0,15111401,0,35111471
109543,509700201,7,0,15111401,0,35111461
109554,509700201,7,0,15111401,0,35111481
109565,509700201,7,0,15111401,0,35111493
109576,509700201,5,0,15111401,0.75,0
109587,509700201,5,0,15111401,0.5,0
109598,509700201,5,0,15111401,0.25,0
109601,513401001,2,0,0,0,0
109611,513401101,2,0,0,0,0
109621,513401201,2,0,0,0,0
109632,513401201,6,0,10301357,0,30301333
109643,513401201,5,0,10301357,0.75,0
109654,513401201,5,0,10301357,0.5,0
109665,513401201,5,0,10301357,0.25,0
109671,510200701,2,0,0,0,0
109682,510200702,2,0,0,0,0
109693,510200703,2,0,0,0,0
109704,510200703,7,0,10201267,0,30171232
109711,510200801,2,0,0,0,0
109722,510200802,2,0,0,0,0
109733,510200803,2,0,0,0,0
109744,510200803,6,0,15041312,0,65041371
109755,510200803,7,0,15041312,0,65041351
109766,510200803,7,0,15041312,0,65041331
109777,510200803,7,0,15041312,0,65041371
109788,510200803,5,0,15041312,0.75,0
109799,510200803,5,0,15041312,0.5,0
109811,510300701,1,0,0,0,0
109822,510300702,1,0,0,0,0
109833,510300703,1,0,0,0,0
109844,510300703,6,0,20151346,0,30151341
109851,510300801,1,0,0,0,0
109862,510300802,1,0,0,0,0
109873,510300803,1,0,0,0,0
109884,510300803,6,0,15051510,0,35051572
109895,510300803,7,0,15051510,0,35051551
109906,510300803,7,0,15051510,0,35051571
109917,510300803,7,0,15051510,0,35051572
109928,510300803,5,0,15051510,0.75,0
109939,510300803,5,0,15051510,0.5,0
109951,510600101,2,0,0,0,0
109962,510600102,2,0,0,0,0
109973,510600103,2,0,0,0,0
109981,510600201,2,0,0,0,0
109992,510600202,2,0,0,0,0
110003,510600203,2,0,0,0,0
110014,510600203,6,0,15101305,0,35101373
110025,510600203,7,0,15101305,0,35101352
110036,510600203,7,0,15101305,0,35101273
110047,510600203,7,0,15101305,0,35101373
110058,510600203,5,0,15101305,0.75,0
110069,510600203,5,0,15101305,0.5,0
110081,510600301,2,0,0,0,0
110092,510600302,2,0,0,0,0
110103,510600303,2,0,0,0,0
110111,510600401,2,0,0,0,0
110122,510600402,2,0,0,0,0
110133,510600403,2,0,0,0,0
110144,510600403,6,0,15101306,0,35101373
110155,510600403,7,0,15101306,0,35101352
110166,510600403,7,0,15101306,0,35101273
110177,510600403,7,0,15101306,0,35101373
110188,510600403,5,0,15101306,0.75,0
110199,510600403,5,0,15101306,0.5,0
110211,509500301,2,0,0,0,0
110222,509500301,2,45,0,0,0
110233,509500301,6,0,15101407,0,35101474
110244,509500301,7,0,15101407,0,35101481
110255,509500301,7,0,15101407,0,35101471
110266,509500301,7,0,15101407,0,35101474
110277,509500301,5,0,15101407,0.75,0
110288,509500301,5,0,15101407,0.5,0
110299,509500301,5,0,15101407,0.2,0
110301,509600301,2,0,0,0,0
110312,509600301,2,45,0,0,0
110323,509600301,6,0,15091602,0,35091692
110334,509600301,7,0,15091602,0,35091652
110345,509600301,7,0,15091602,0,35091661
110356,509600301,7,0,15091602,0,35091681
110367,509600301,5,0,15091602,0.75,0
110378,509600301,5,0,15091602,0.5,0
110389,509600301,5,0,15091602,0.2,0
110391,510400501,1,0,0,0,0
110402,510400502,1,0,0,0,0
110413,510400503,1,0,0,0,0
110424,510400503,7,0,10301279,0,30301241
110431,510400601,1,0,0,0,0
110442,510400602,1,0,0,0,0
110453,510400603,1,0,0,0,0
110464,510400603,6,0,15091306,0,35091332
110475,510400603,7,0,15091306,0,35091331
110486,510400603,7,0,15091306,0,35091361
110497,510400603,7,0,15091306,0,35091332
110508,510400603,5,0,15091306,0.75,0
110519,510400603,5,0,15091306,0.5,0
110531,241100501,2,0,0,0,0
110542,241100501,2,5,0,0,0
110553,241100501,2,10,0,0,0
110561,241100601,2,0,0,0,0
110571,241100601,2,5,0,0,0
110581,241100601,2,10,0,0,0
110591,241101201,2,0,0,0,0
110601,241101202,2,0,0,0,0
110611,241101301,2,0,0,0,0
110621,241101302,2,0,0,0,0
110631,241101303,2,0,0,0,0
110641,509700301,2,0,0,0,0
110652,509700301,6,0,15111402,0,35111471
110663,509700301,7,0,15111402,0,35111461
110674,509700301,7,0,15111402,0,35111481
110685,509700301,7,0,15111402,0,35111493
110696,509700301,5,0,15111402,0.75,0
110707,509700301,5,0,15111402,0.5,0
110718,509700301,5,0,15111402,0.25,0
110721,513500701,2,0,0,0,0
110731,513500801,2,0,0,0,0
110741,513500901,2,0,0,0,0
110752,513500901,6,0,10311272,0,30311231
110763,513500901,5,0,10311272,0.75,0
110774,513500901,5,0,10311272,0.5,0
110785,513500901,5,0,10311272,0.25,0
110796,513500901,3,0,0,0,0
110801,513600701,2,0,0,0,0
110811,513600801,2,0,0,0,0
110821,513600901,2,0,0,0,0
110832,513600901,6,0,20161301,0,30161342
110843,513600901,5,0,20161301,0.75,0
110854,513600901,5,0,20161301,0.5,0
110865,513600901,5,0,20161301,0.25,0
110876,513600901,3,0,0,0,0
110881,510500501,1,0,0,0,0
110892,510500502,1,0,0,0,0
110903,510500503,1,0,0,0,0
110914,510500503,7,0,20161229,0,30161241
110921,510500601,1,0,0,0,0
110932,510500602,1,0,0,0,0
110943,510500603,1,0,0,0,0
110954,510500603,6,0,15111308,0,35111362
110965,510500603,7,0,15111308,0,35111361
110976,510500603,7,0,15111308,0,35111341
110987,510500603,7,0,15111308,0,35111362
110998,510500603,5,0,15111308,0.75,0
111009,510500603,5,0,15111308,0.5,0
111021,506100501,2,0,0,0,0
111032,506100502,2,0,0,0,0
111043,506100503,2,0,0,0,0
111054,506100504,2,0,0,0,0
111065,506100504,3,0,0,0,0
111076,506100505,2,0,0,0,0
111087,506100505,2,60,0,0,0
111098,506100506,2,0,0,0,0
111109,506100502,6,0,20121315,0,60121331
111151,509300301,2,0,0,0,0
111162,509300301,6,0,15031410,0,65031441
111173,509300301,7,0,15031410,0,65031461
111184,509300302,7,0,15031411,0,65031492
111195,509300302,7,0,15031411,0,65031471
111206,509300302,5,0,15031411,0.75,0
111217,509300302,5,0,15031411,0.5,0
111228,509300302,5,0,15031411,0.25,0
111231,510600501,2,0,0,0,0
111242,510600502,2,0,0,0,0
111253,510600503,2,0,0,0,0
111261,510600601,2,0,0,0,0
111272,510600602,2,0,0,0,0
111283,510600603,2,0,0,0,0
111294,510600603,6,0,15101309,0,35101373
111305,510600603,7,0,15101309,0,35101352
111316,510600603,7,0,15101309,0,35101273
111327,510600603,7,0,15101309,0,35101373
111338,510600603,5,0,15101309,0.75,0
111349,510600603,5,0,15101309,0.5,0
111361,509400401,2,0,0,0,0
111372,509400401,7,0,15051610,0,65051681
111383,509400401,6,0,15051610,0,65051662
111394,509400401,7,0,15051610,0,65051691
111405,509400401,7,0,15051610,0,65051601
111416,509400401,7,0,15051610,0,65051662
111427,509400401,5,0,15051610,0.9,0
111438,509400401,5,0,15051610,0.7,0
111449,509400401,5,0,15051610,0.25,0
111451,510400701,1,0,0,0,0
111462,510400702,1,0,0,0,0
111473,510400703,1,0,0,0,0
111484,510400703,7,0,20301215,0,30301241
111491,510400801,1,0,0,0,0
111502,510400802,1,0,0,0,0
111513,510400803,1,0,0,0,0
111524,510400803,6,0,15091310,0,35091332
111535,510400803,7,0,15091310,0,35091331
111546,510400803,7,0,15091310,0,35091361
111557,510400803,7,0,15091310,0,35091332
111568,510400803,5,0,15091310,0.75,0
111579,510400803,5,0,15091310,0.5,0
111591,510500701,1,0,0,0,0
111602,510500702,1,0,0,0,0
111613,510500703,1,0,0,0,0
111624,510500703,7,0,20161243,0,30161241
111631,510500801,1,0,0,0,0
111642,510500802,1,0,0,0,0
111653,510500803,1,0,0,0,0
111664,510500803,6,0,15111313,0,35111362
111675,510500803,7,0,15111313,0,35111361
111686,510500803,7,0,15111313,0,35111341
111697,510500803,7,0,15111313,0,35111362
111708,510500803,5,0,15111313,0.75,0
111719,510500803,5,0,15111313,0.5,0
111731,509500401,2,0,0,0,0
111742,509500401,2,45,0,0,0
111753,509500402,6,0,15101410,0,35101474
111764,509500402,7,0,15101410,0,35101481
111775,509500402,7,0,15101410,0,35101471
111786,509500402,7,0,15101410,0,35101474
111797,509500402,5,0,15101410,0.75,0
111808,509500402,5,0,15101410,0.5,0
111819,509500402,5,0,15101410,0.2,0
111821,509600401,2,0,0,0,0
111832,509600401,2,45,0,0,0
111843,509600402,6,0,15091608,0,35091692
111854,509600402,7,0,15091608,0,35091652
111865,509600402,7,0,15091608,0,35091661
111876,509600402,7,0,15091608,0,35091681
111887,509600402,5,0,15091608,0.75,0
111898,509600402,5,0,15091608,0.5,0
111909,509600402,5,0,15091608,0.2,0
111911,510600701,2,0,0,0,0
111922,510600702,2,0,0,0,0
111933,510600703,2,0,0,0,0
111941,510600801,2,0,0,0,0
111952,510600802,2,0,0,0,0
111963,510600803,2,0,0,0,0
111974,510600803,6,0,15101310,0,35101373
111985,510600803,7,0,15101310,0,35101352
111996,510600803,7,0,15101310,0,35101273
112007,510600803,7,0,15101310,0,35101373
112018,510600803,5,0,15101310,0.75,0
112029,510600803,5,0,15101310,0.5,0
112041,509700401,2,0,0,0,0
112052,509700401,6,0,15111408,0,35111472
112063,509700402,7,0,15111409,0,35111461
112074,509700402,7,0,15111409,0,35111481
112085,509700402,7,0,15111409,0,35111493
112096,509700402,5,0,15111409,0.75,0
112107,509700402,5,0,15111409,0.5,0
112118,509700402,5,0,15111409,0.25,0
112121,509800101,2,0,0,0,0
112132,509800101,2,45,0,0,0
112143,509800101,6,0,15091901,0,35091673
112154,509800101,7,0,15091901,0,35091658
112165,509800101,7,0,15091901,0,35091661
112176,509800101,7,0,15091901,0,35091682
112187,509800101,5,0,15091901,0.75,0
112198,509800101,5,0,15091901,0.5,0
112209,509800101,5,0,15091901,0.2,0
112211,509800201,2,0,0,0,0
112222,509800201,2,45,0,0,0
112233,509800201,6,0,15091902,0,35091673
112244,509800201,7,0,15091902,0,35091658
112255,509800201,7,0,15091902,0,35091661
112266,509800201,7,0,15091902,0,35091682
112277,509800201,5,0,15091902,0.75,0
112288,509800201,5,0,15091902,0.5,0
112299,509800201,5,0,15091902,0.2,0
112301,509900101,2,0,0,0,0
112312,509900101,7,0,16051201,0,65051681
112323,509900101,6,0,16051201,0,65051662
112334,509900101,7,0,16051201,0,35051651
112345,509900101,7,0,16051201,0,35051692
112356,509900101,7,0,16051201,0,35051693
112367,509900101,5,0,16051201,0.9,0
112378,509900101,5,0,16051201,0.5,0
112389,509900101,5,0,16051201,0.25,0
112391,509900201,2,0,0,0,0
112402,509900201,7,0,16051202,0,65051681
112413,509900201,6,0,16051202,0,65051662
112424,509900201,7,0,16051202,0,35051651
112435,509900201,7,0,16051202,0,35051692
112446,509900201,7,0,16051202,0,35051693
112457,509900201,5,0,16051202,0.9,0
112468,509900201,5,0,16051202,0.5,0
112479,509900201,5,0,16051202,0.25,0
112481,509400501,2,0,0,0,0
112492,509400501,7,0,15051618,0,65051681
112503,509400501,6,0,15051618,0,65051667
112514,509400502,7,0,15051619,0,65051691
112525,509400502,7,0,15051619,0,35051642
112536,509400502,7,0,15051619,0,35051642
112547,509400503,5,0,15051620,0.9,0
112558,509400503,5,0,15051620,0.7,0
112569,509400503,5,0,15051620,0.25,0
112571,510200901,2,0,0,0,0
112582,510200902,2,0,0,0,0
112593,510200903,2,0,0,0,0
112604,510200903,7,0,10201291,0,30171232
112611,510201001,2,0,0,0,0
112622,510201002,2,0,0,0,0
112633,510201003,2,0,0,0,0
112644,510201003,6,0,15041323,0,65041773
112655,510201003,7,0,15041323,0,65041351
112666,510201003,7,0,15041323,0,65041331
112677,510201003,7,0,15041323,0,65041773
112688,510201003,5,0,15041323,0.75,0
112699,510201003,5,0,15041323,0.5,0
112711,510300901,1,0,0,0,0
112722,510300902,1,0,0,0,0
112733,510300903,1,0,0,0,0
112744,510300903,6,0,30151321,0,30151341
112751,510301001,1,0,0,0,0
112762,510301002,1,0,0,0,0
112773,510301003,1,0,0,0,0
112784,510301003,6,0,15051517,0,35051572
112795,510301003,7,0,15051517,0,35051541
112806,510301003,7,0,15051517,0,35051361
112817,510301003,7,0,15051517,0,35051572
112828,510301003,5,0,15051517,0.75,0
112839,510301003,5,0,15051517,0.5,0
112851,509600501,2,0,0,0,0
112862,509600501,2,45,0,0,0
112873,509600502,6,0,15091614,0,35091692
112884,509600502,7,0,15091614,0,35091652
112895,509600502,7,0,15091614,0,35091684
112906,509600502,7,0,15091614,0,35091681
112917,509600503,5,0,15091615,0.75,0
112928,509600503,5,0,15091615,0.5,0
112939,509600503,5,0,15091615,0.2,0
112941,510100901,2,0,0,0,0
112952,510100902,2,0,0,0,0
112963,510100903,2,0,0,0,0
112971,510101001,2,0,0,0,0
112982,510101002,2,0,0,0,0
112993,510101003,2,0,0,0,0
113004,510101003,6,0,15031321,0,35031342
113015,510101003,7,0,15031321,0,35031342
113026,510101003,7,0,15031321,0,35031363
113037,510101003,7,0,15031321,0,35031382
113048,510101003,5,0,15031321,0.75,0
113059,510101003,5,0,15031321,0.5,0
113071,509800301,2,0,0,0,0
113082,509800301,2,45,0,0,0
113093,509800302,6,0,15091904,0,35091673
113104,509800302,7,0,15091904,0,35091658
113115,509800302,7,0,15091904,0,35091674
113126,509800302,7,0,15091904,0,35091682
113137,509800302,5,0,15091904,0.75,0
113148,509800302,5,0,15091904,0.5,0
113159,509800302,5,0,15091904,0.2,0
113161,509300401,2,0,0,0,0
113172,509300402,6,0,15031420,0,65031444
113183,509300403,7,0,15031421,0,65031571
113194,509300403,7,0,15031421,0,65031496
113205,509300403,7,0,15031421,0,65031471
113216,509300403,5,0,15031421,0.75,0
113227,509300403,5,0,15031421,0.5,0
113238,509300403,5,0,15031421,0.25,0
113241,509900301,2,0,16051203,0,0
113252,509900302,7,0,16051204,0,65051681
113263,509900302,6,0,16051204,0,65051662
113274,509900302,7,0,16051204,0,35051651
113285,509900302,7,0,16051204,0,35051692
113296,509900302,7,0,16051204,0,35051693
113307,509900302,5,0,16051204,0.9,0
113318,509900302,5,0,16051204,0.5,0
113329,509900302,5,0,16051204,0.25,0
1007414,506100102,6,0,10121319,0,60121331
1007515,506100106,6,0,10131231,0,60131231
1007616,506100103,7,0,10101228,0,60101231
1007717,506100104,7,0,10111307,0,60111331
1007818,506100105,7,0,10121316,0,60121331
1007919,506100106,7,0,10131231,0,60131231
1009514,506100202,6,0,10121314,0,60121331
1009615,506100206,6,0,10131232,0,60131231
1009716,506100203,7,0,10101229,0,60101231
1009817,506100204,7,0,10111308,0,60111331
1009918,506100205,7,0,10121317,0,60121331
1010019,506100206,7,0,10131232,0,60131231
1011614,506100302,6,0,10121315,0,60121331
1011715,506100306,6,0,10131233,0,60131231
1011816,506100303,7,0,10101230,0,60101231
1011917,506100304,7,0,10111309,0,60111331
1012018,506100305,7,0,10121318,0,60121331
1012119,506100306,7,0,10131233,0,60131231
1013310,511100101,5,0,15021103,0.4,0
1013411,511100101,5,0,15021103,0.1,0
1013512,511100101,9,0,0,0,0
1013613,511100101,9,0,0,0,0
1013714,511100101,9,0,0,0,0
1032510,510100203,5,0,15031301,0.25,0
1033110,510100403,5,0,15031302,0.25,0
1033810,511200101,6,0,15041114,0,65041124
1033911,511200101,6,0,15041114,0,65041123
1041110,511300101,5,0,15051101,0.5,0
1041211,511300101,5,0,15051101,0.25,0
1043310,510200203,5,0,15041301,0.25,0
1044710,510200403,5,0,15041302,0.25,0
1048410,511400101,5,0,15031104,0.25,0
1048511,511400101,5,0,15041701,0.75,0
1048612,511400101,5,0,15041701,0.5,0
1048713,511400101,5,0,15041701,0.25,0
1050010,510100603,5,0,15031303,0.25,0
1053010,510300203,5,0,15051505,0.25,0
1054410,510300403,5,0,15051506,0.25,0
1056810,506100406,6,0,10131238,0,60131231
1056911,506100403,7,0,10101243,0,60101231
1057012,506100405,7,0,10121323,0,60121331
1057113,506100406,7,0,10131238,0,60131231
1059510,510200603,5,0,15041306,0.25,0
1066510,510300603,5,0,15051508,0.25,0
1069710,510400203,5,0,15091302,0.25,0
1071110,510400403,5,0,15091303,0.25,0
1072110,511500101,5,0,15091112,0.5,0
1072211,511500101,5,0,15091112,0.25,0
1077010,510500203,5,0,15111301,0.25,0
1078410,510500403,5,0,15111302,0.25,0
1081210,510100803,5,0,15031306,0.25,0
1086810,519800101,5,0,10180110,0.99,0
1086911,519800101,5,0,10180110,0.8,0
1087012,519800101,5,0,10180110,0.3,0
1087113,519800101,5,0,10170110,0.99,0
1087214,519800101,5,0,10170110,0.8,0
1087315,519800101,5,0,10170110,0.3,0
1087416,519800101,5,0,10850204,0.99,0
1087517,519800101,5,0,10850204,0.8,0
1087618,519800101,5,0,10850204,0.3,0
1087719,519800101,5,0,10040109,0.99,0
1087820,519800101,5,0,10040109,0.8,0
1087921,519800101,5,0,10040109,0.3,0
1088022,519800101,5,0,10050109,0.99,0
1088123,519800101,5,0,10050109,0.8,0
1088224,519800101,5,0,10050109,0.3,0
1088325,519800101,5,0,10030110,0.99,0
1088426,519800101,5,0,10030110,0.8,0
1088527,519800101,5,0,10030110,0.3,0
1098010,510200803,5,0,15041312,0.25,0
1099410,510300803,5,0,15051510,0.25,0
1100710,510600203,5,0,15101305,0.25,0
1102010,510600403,5,0,15101306,0.25,0
1105210,510400603,5,0,15091306,0.25,0
1110110,510500603,5,0,15111308,0.25,0
1111110,506100506,6,0,20131236,0,60131231
1111211,506100503,7,0,20101234,0,60101231
1111312,506100505,7,0,20121315,0,60121331
1111413,506100506,7,0,20131236,0,60131231
1113510,510600603,5,0,15101309,0.25,0
1115810,510400803,5,0,15091310,0.25,0
1117210,510500803,5,0,15111313,0.25,0
1120310,510600803,5,0,15101310,0.25,0
1127010,510201003,5,0,15041323,0.25,0
1128410,510301003,5,0,15051517,0.25,0
1130610,510101003,5,0,15031321,0.25,0
