id,label,preset_line1_id,preset_line2_id,preset_line3_id,preset_job_id,preset_passive_skill_id,preset_potion_id,preset_potion_setting_id,default_setting
1,wave移動_地上,2,2,2,1,0,1,1,0
2,サンプル_ステート確認用,5,5,5,1,0,1,1,0
3,プレイヤー1,6,11,14,1,0,1,1,0
4,プレイヤー2,7,10,0,1,0,1,1,0
5,プレイヤー3,8,13,0,1,0,1,1,0
6,プレイヤー4,9,12,0,1,0,1,1,0
7,エレン_01,1,1,1,1,0,1,1,0
8,エレン_02,3,3,3,1,0,1,1,0
9,ミカサ_01,4,4,4,1,0,1,1,0
10,ミカサ_02,19,19,19,1,0,1,1,0
11,アルミン,8,8,8,1,0,1,1,0
12,ジャン_01,15,15,15,1,0,1,1,0
13,ジャン_02,20,20,20,1,0,1,1,0
14,コニー,12,12,12,1,0,1,1,0
15,サシャ_01,14,14,14,1,0,1,1,0
16,サシャ_02,22,22,22,1,0,1,1,0
17,クリスタ,10,10,10,1,0,1,1,0
18,エルヴィン,13,13,13,1,0,1,1,0
19,リヴァイ_01,9,9,9,1,0,1,1,0
20,リヴァイ_02,21,21,21,1,0,1,1,0
21,ハンジ,11,11,11,1,0,1,1,0
22,エルド,23,23,23,1,0,1,1,0
23,ベルトルト,16,16,16,1,0,1,1,0
24,アニ_01,24,24,24,1,0,1,1,0
25,アニ_02,25,25,25,1,0,1,1,0
26,マルコ,26,26,26,1,0,1,1,0
27,オルオ,27,27,27,1,0,1,1,0
28,ペトラ,28,28,28,1,0,1,1,0
29,アニ_バレンタイン2022,29,29,29,1,0,1,1,0
30,リヴァイ_ホワイトデー2022,30,30,30,1,0,1,1,0
31,ハンジ_調査兵団マントなし,31,31,31,1,0,1,1,0
32,ライナー_訓練兵団,32,32,32,1,0,1,1,0
33,アルミン_大正ロマン2022,33,33,33,1,0,1,1,0
34,ミカサ_大正ロマン2022,34,34,34,1,0,1,1,0
35,エレン_06,35,35,35,1,0,1,1,0
36,ゲルガー_01,36,36,36,1,0,1,1,0
37,リヴァイ_端午の節句2022,37,37,37,1,0,1,1,0
38,エルヴィン_端午の節句2022,38,38,38,1,0,1,1,0
39,エレン_端午の節句2022,39,39,39,1,0,1,1,0
40,アルミン_雨具,40,40,40,1,0,1,1,0
41,ミカサ_ウェディング,41,41,41,1,0,1,1,0
42,ヒストリア_ウェディング,42,42,42,1,0,1,1,0
43,ハンジ_05,43,43,43,1,0,1,1,0
44,アニ_水着2022_煙青,44,44,44,1,0,1,1,0
45,サシャ _水着2022,45,45,45,1,0,1,1,0
46,アニ_水着2022_煙緑,46,46,46,1,0,1,1,0
47,エレン_08,47,47,47,1,0,1,1,0
48,ミカサ_浴衣2022,48,48,48,1,0,1,1,0
49,アルミン_浴衣2022,49,49,49,1,0,1,1,0
50,ジャン_浴衣2022,50,50,50,1,0,1,1,0
51,リヴァイ_猫耳2022,51,51,51,1,0,1,1,0
52,ペトラ_猫耳2022,52,52,52,1,0,1,1,0
53,ヒストリア_17_儀式服,53,53,53,1,0,1,1,0
54,ケニー_02,54,54,54,1,0,1,1,0
55,エルヴィン_コート,55,55,55,1,0,1,1,0
56,舞台_コニー,56,56,56,1,0,1,1,0
57,舞台_アニ,57,57,57,1,0,1,1,0
58,ハロウィン_ライナー,58,58,58,1,0,1,1,0
59,ハロウィン_ベルトルト,59,59,59,1,0,1,1,0
60,ゴシック_ヒストリア,60,60,60,1,0,1,1,0
61,冒険者_エレン,61,61,61,1,0,1,1,0
62,冒険者_ミケ,62,62,62,1,0,1,1,0
63,ファイナル_ミカサ,63,63,63,1,0,1,1,0
64,探偵怪盗_リヴァイ,64,64,64,1,0,1,1,0
65,探偵怪盗_ジャン,65,65,65,1,0,1,1,0
66,GvE_ケニー,66,66,66,1,0,1,1,0
67,クリスマス2022_エルヴィン,67,67,67,1,0,1,1,0
68,正月2023_サシャ,68,68,68,1,0,1,1,0
69,正月2023_エレン,69,69,69,1,0,1,1,0
70,1月スポット_リヴァイ,70,70,70,1,0,1,1,0
71,新立体機動_ジャン,71,71,71,1,0,1,1,0
72,【パティシエ】サシャ,72,72,72,1,0,1,1,0
73,【式典兵団服】ミカサ,73,73,73,1,0,1,1,0
74,【式典兵団服】エレン,74,74,74,1,0,1,1,0
75,【式典兵団服】リヴァイ,75,75,75,1,0,1,1,0
76,【式典兵団服】ハンジ・ゾエ,76,76,76,1,0,1,1,0
77,【新型立体機動装置】リヴァイ,77,77,77,1,0,1,1,0
78,【剣豪】エレン・イェーガー,78,78,78,1,0,1,1,0
79,【剣豪】ミカサ・アッカーマン,79,79,79,1,0,1,1,0
80,【中雅の装束】クリスタ・レンズ,80,80,80,1,0,1,1,0
81,【中雅の装束】ユミル,81,81,81,1,0,1,1,0
82,【新型立体機動】アルミン,82,82,82,1,0,1,1,0
83,【御伽】リヴァイ,83,83,83,1,0,1,1,0
84,【御伽】ミカサ・アッカーマン,84,84,84,1,0,1,1,0
85,【蒸気世界】エルヴィン・スミス,85,85,85,1,0,1,1,0
86,【調査兵団マント】モブリット,86,86,86,1,0,1,1,0
87,【花嫁】アニ・レオンハート,87,87,87,1,0,1,1,0
88,【花嫁】サシャ・ブラウス,88,88,88,1,0,1,1,0
89,【運命との対峙】ヒストリア,89,89,89,1,0,1,1,0
90,【華麗】リヴァイ,90,90,90,1,0,1,1,0
91,【華麗】リコ・ブレツェンスカ,91,91,91,1,0,1,1,0
92,【海賊】エレン・イェーガー,92,92,92,1,0,1,1,0
93,【新型立体機動】サシャ,93,93,93,1,0,1,1,0
94,【爽涼兵服】エレン・イェーガー,94,94,94,1,0,1,1,0
95,【爽涼兵服】クリスタ・レンズ,95,95,95,1,0,1,1,0
96,【爽涼兵服】アニ・レオンハート,96,96,96,1,0,1,1,0
97,【爽涼兵服】サシャ・ブラウス,97,97,97,1,0,1,1,0
98,妖怪ミカサ,98,98,98,1,0,1,1,0
99,妖怪ライナー,99,99,99,1,0,1,1,0
101,弱攻撃スキル1,101,101,101,1,0,1,1,0
102,弱攻撃スキル2,102,102,102,1,0,1,1,0
103,弱攻撃スキル3,103,103,103,1,0,1,1,0
104,強攻撃スキル1,104,104,104,1,0,1,1,0
105,強攻撃スキル2,105,105,105,1,0,1,1,0
106,強攻撃スキル3,106,106,106,1,0,1,1,0
107,スキルバフ1,107,107,107,1,0,1,1,0
108,スキルバフ2,108,108,108,1,0,1,1,0
109,スキルバフ3,109,109,109,1,0,1,1,0
110,スキル回復1,110,110,110,1,0,1,1,0
111,弱攻撃スキル1（デバフ,111,111,111,1,0,1,1,0
112,弱攻撃スキル3（ヘイト,112,112,112,1,0,1,1,0
113,強攻撃スキル3（防御デバフ,113,113,113,1,0,1,1,0
114,暗闇・呪い系・封印,114,114,114,1,0,1,1,0
115,蘇生,115,115,115,1,0,1,1,0
1001,パラUP_condition1,1001,0,0,1,0,1,1,0
1002,パラUP_condition2,1002,0,0,1,0,1,1,0
1003,パラUP_condition3,1003,0,0,1,0,1,1,0
1004,パラUP_condition5,1004,0,0,1,0,1,1,0
1005,パラUP_condition6,1005,0,0,1,0,1,1,0
1006,パラUP_condition7,1006,0,0,1,0,1,1,0
1007,パラUP_condition8,1007,0,0,1,0,1,1,0
1008,パラUP_condition9,1008,0,0,1,0,1,1,0
1009,パラUP_condition10,1009,0,0,1,0,1,1,0
1010,パラUP_condition11,1010,0,0,1,0,1,1,0
1011,バフ付与_condition1,1011,0,0,1,0,1,1,0
1012,バフ付与_condition2,1012,0,0,1,0,1,1,0
1013,バフ付与_condition3,1013,0,0,1,0,1,1,0
1014,バフ付与_condition4,1014,0,0,1,0,1,1,0
1015,バフ付与_condition9,1015,0,0,1,0,1,1,0
1016,バフ付与_condition10,1016,0,0,1,0,1,1,0
1017,バフ付与_condition11,1017,0,0,1,0,1,1,0
1018,バフ付与_condition12,1018,0,0,1,0,1,1,0
1019,バフ付与_condition13,1019,0,0,1,0,1,1,0
1020,バフ付与_condition14,1020,0,0,1,0,1,1,0
1021,バフ付与_condition15,1021,0,0,1,0,1,1,0
1022,バフ付与_condition16,1022,0,0,1,0,1,1,0
1023,バフ付与_condition17,1023,0,0,1,0,1,1,0
1024,バフ付与_condition18,1024,0,0,1,0,1,1,0
1025,攻撃時_condition12,1025,0,0,1,0,1,1,0
1026,攻撃時_condition13,1026,0,0,1,0,1,1,0
1027,攻撃時_condition14,1027,0,0,1,0,1,1,0
1028,攻撃時_condition15,1028,0,0,1,0,1,1,0
1029,攻撃時_condition16,1029,0,0,1,0,1,1,0
1030,攻撃時_condition17,1030,0,0,1,0,1,1,0
1031,攻撃時_condition18,1031,0,0,1,0,1,1,0
1032,攻撃がn回連続ヒット時,1032,0,0,1,0,1,1,0
1033,与クリティカルをn回発生時,1033,0,0,1,0,1,1,0
1034,スキルn回実行時,1034,0,0,1,0,1,1,0
1035,ヘイト獲得スキルn回使用時,1035,0,0,1,0,1,1,0
1036,被クリティカルn回ヒット時,1036,0,0,1,0,1,1,0
1037,回避n回成功時,1037,0,0,1,0,1,1,0
1038,味方にバフ、状態異常をn回付与時,1038,0,0,1,0,1,1,0
1039,敵にデバフ、状態異常をn回付与時,1039,0,0,1,0,1,1,0
1040,即時回復スキルn回使用時,1040,0,0,1,0,1,1,0
1041,状態異常解除時（n回）,1041,0,0,1,0,1,1,0
1042,蘇生成功時（ｎ回）,1042,0,0,1,0,1,1,0
1043,1度の攻撃で最大HPn%以上被ダメ時,1043,0,0,1,0,1,1,0
1044,味方単体に攻撃、命中0.5,1044,0,0,1,0,1,1,0
1045,気絶テスト_2回スキル使用,1045,1045,1045,1,0,1,1,0
1046,気絶テスト_2回バフ使用,1046,1046,1046,1,0,1,1,0
1047,気絶テスト_2回被クリヒット時,1047,1047,1047,1,0,1,1,0
1048,気絶テスト_やけどが適用時,1048,1048,1048,1,0,1,1,0
1049,気絶テスト_敵を撃破時,1049,1049,1049,1,0,1,1,0
1050,気絶テスト_HP50%以下時,1050,1050,1050,1,0,1,1,0
1051,封印テスト_2回スキル使用,1051,1051,1051,1,0,1,1,0
1052,封印テスト_2回バフ使用,1052,1052,1052,1,0,1,1,0
1053,封印テスト_2回被クリヒット時,1053,1053,1053,1,0,1,1,0
1054,封印テスト_やけどが適用時,1054,1054,1054,1,0,1,1,0
1055,封印テスト_敵を撃破時,1055,1055,1055,1,0,1,1,0
1056,封印テスト_HP50%以下時,1056,1056,1056,1,0,1,1,0
1057,絶対防御＋逆襲テスト用,1057,1057,1057,1,0,1,1,0
1058,かばう＋逆襲テスト用,1058,1058,1058,1,0,1,1,0
1059,絶対防御＋無敵テスト用,1059,1059,1059,1,0,1,1,0
1060,かばう＋無敵テスト用,1060,1060,1060,1,0,1,1,0
2001,FSifエルヴィン,2001,2001,2001,1,0,1,1,0
2002,FS軽装ミカサ,2002,2002,2002,1,0,1,1,0
2003,FSハンジ,2003,2003,2003,1,0,1,1,0
2004,【忍者】リヴァイ(仮),2004,2004,2004,1,0,1,1,0
2005,【忍者】アニ(仮),2005,2005,2005,1,0,1,1,0
2006,【ハロウィン】アルミン(仮),2006,2006,2006,1,0,1,1,0
2007,【ハロウィン】エレン(仮),2007,2007,2007,1,0,1,1,0
2008,【島の悪魔】リヴァイ(仮),2008,2008,2008,1,0,1,1,0
2009,【島の悪魔】サシャ(仮),2009,2009,2009,1,0,1,1,0
2010,【島の悪魔】ミカサ(仮),2010,2010,2010,1,0,1,1,0
2011,【島の悪魔】ジャン(仮),2011,2011,2011,1,0,1,1,0
2012,【アリス】クリスタ(仮),2012,2012,2012,1,0,1,1,0
2013,【マッドハッター】ナナバ(仮),2013,2013,2013,1,0,1,1,0
2014,【サンタ】エレン(仮),2014,2014,2014,1,0,1,1,0
2015,【となかい】コニー(仮),2015,2015,2015,1,0,1,1,0
2016,【書初め】エルヴィン(仮),2016,2016,2016,1,0,1,1,0
2017,【巫女】ペトラ(仮),2017,2017,2017,1,0,1,1,0
2018,FSアニ_2024(仮),2018,2018,2018,1,0,1,1,0
2019,バレンタインヒッチ,2019,2019,2019,1,0,1,1,0
2020,【2周年】エレン(仮),2020,2020,2020,1,0,1,1,0
2021,【2周年】アルミン(仮),2021,2021,2021,1,0,1,1,0
2022,【2周年】リヴァイ(仮),2022,2022,2022,1,0,1,1,0
2023,【2周年】ミカサ(仮),2023,2023,2023,1,0,1,1,0
2024,【西部劇】サシャ(仮),2024,2024,2024,1,0,1,1,0
2025,【西部劇】ジャン(仮),2025,2025,2025,1,0,1,1,0
2026,【新型立体機動】エレン(仮),2026,2026,2026,1,0,1,1,0
2027,【新型立体機動】コニー(仮),2027,2027,2027,1,0,1,1,0
2028,【歌舞伎】リヴァイ(仮),2028,2028,2028,1,0,1,1,0
2029,【町娘】ニファ(仮),2029,2029,2029,1,0,1,1,0
2030,【アラジン】アルミン(仮),2030,2030,2030,1,0,1,1,0
2031,【アイドル】ミカサ(仮),2031,2031,2031,1,0,1,1,0
2032,【スター】エルヴィン(仮),2032,2032,2032,1,0,1,1,0
2033,【FS軽装】ライナー(仮),2033,2033,2033,1,0,1,1,0
2034,ガビ　マーレ軍服,2034,2034,2034,1,0,1,1,0
2035,【白無垢】ミカサ(仮),2035,2035,2035,1,0,1,1,0
2036,【赤無垢】サシャ(仮),2036,2036,2036,1,0,1,1,0
2037,【ギャング】リヴァイ(仮),2037,2037,2037,1,0,1,1,0
2038,【スーツ】ハンジ(仮),2038,2038,2038,1,0,1,1,0
2039,【スーツ】エレン(仮),2039,2039,2039,1,0,1,1,0
2040,【スーツ】アルミン(仮),2040,2040,2040,1,0,1,1,0
2041,【グラフィティ】ハンジ(仮),2041,2041,2041,1,0,1,1,0
2042,【グラフィティ】ジャン(仮),2042,2042,2042,1,0,1,1,0
2043,【浴衣】エレン(仮),2043,2043,2043,1,0,1,1,0
2044,【浴衣】アニ(仮),2044,2044,2044,1,0,1,1,0
2045,【浴衣】リヴァイ(仮),2045,2045,2045,1,0,1,1,0
2046,【浴衣】ライナー(仮),2046,2046,2046,1,0,1,1,0
2047,【私服】サシャ(仮),2047,2047,2047,1,0,1,1,0
2048,【軍師】ベルトルト(仮),2048,2048,2048,1,0,1,1,0
2049,【歌姫】アニ(仮),2049,2049,2049,1,0,1,1,0
2050,【調査兵団】ミケ・ザカリアス,2050,2050,2050,1,0,1,1,0
2051,【竹取】クリスタ(仮),2051,2051,2051,1,0,1,1,0
2052,【医者】ケニー(仮),2052,2052,2052,1,0,1,1,0
2053,【ハロウィンFS】サシャ(仮),2053,2053,2053,1,0,1,1,0
2054,【騎士】エレン(仮),2054,2054,2054,1,0,1,1,0
2055,【騎士】ミカサ(仮),2055,2055,2055,1,0,1,1,0
2056,【騎士】リヴァイ(仮),2056,2056,2056,1,0,1,1,0
2057,【騎士】ペトラ(仮),2057,2057,2057,1,0,1,1,0
2058,【旅程(仮)】ジャン,2058,2058,2058,1,0,1,1,0
2059,【旅程(仮)】コニー,2059,2059,2059,1,0,1,1,0
2060,【サンタ(仮)】ミカサ,2060,2060,2060,1,0,1,1,0
2061,【サンタ(仮)】ハンネス,2061,2061,2061,1,0,1,1,0
2062,【正月(仮)】リヴァイ,2062,2062,2062,1,0,1,1,0
2063,【正月(仮)】ファルコ,2063,2063,2063,1,0,1,1,0
2064,【FS(軽装)(仮)】ハンジ,2064,2064,2064,1,0,1,1,0
2065,【女給(仮)】リコ,2065,2065,2065,1,0,1,1,0
2066,【3周年(仮)】エレン,2066,2066,2066,1,0,1,1,0
2067,【3周年(仮)】ミカサ,2067,2067,2067,1,0,1,1,0
2068,【3周年(仮)】リヴァイ,2068,2068,2068,1,0,1,1,0
2069,【3周年(仮)】アニ・レオンハート,2069,2069,2069,1,0,1,1,0
2070,【雪山訓練】クリスタ・レンズ(仮),2070,2070,2070,1,0,1,1,0
2071,【雪山訓練】ユミル(仮),2071,2071,2071,1,0,1,1,0
2072,【錬金術師】エルヴィン(仮),2072,2072,2072,1,0,1,1,0
2073,【目隠しゴス】ミカサ(仮),2073,2073,2073,1,0,1,1,0
2074,【目隠しゴス】ナナバ(仮),2074,2074,2074,1,0,1,1,0
2075,【FS(軽装)】アルミン(仮),2075,2075,2075,1,0,1,1,0
2076,【FS(軽装)】コニー(仮),2076,2076,2076,1,0,1,1,0
2077,【FS学生】エレン(仮),2077,2077,2077,1,0,1,1,0
2078,【FS学生】アニ(仮),2078,2078,2078,1,0,1,1,0
2079,【拳闘士】リヴァイ(仮),2079,2079,2079,1,0,1,1,0
2080,【兵団コート】ハンジ(仮),2080,2080,2080,1,0,1,1,0
2081,【狐の嫁入り】ヒストリア(仮),2081,2081,2081,1,0,1,1,0
2082,【狐の嫁入り】ヒッチ(仮),2082,2082,2082,1,0,1,1,0
2083,【海辺の軽装】アルミン(仮),2083,2083,2083,1,0,1,1,0
2084,【ミリタリー】サシャ(仮),2084,2084,2084,1,0,1,1,0
2085,【ミリタリー】ジャン(仮),2085,2085,2085,1,0,1,1,0
2086,【海辺の軽装】ミカサ(仮),2086,2086,2086,1,0,1,1,0
2087,【エクソシスト】エレン(仮),2087,2087,2087,1,0,1,1,0
2088,【サーファー】アニ(仮),2088,2088,2088,1,0,1,1,0
2089,【サーファー】ライナー(仮),2089,2089,2089,1,0,1,1,0
2090,【バカンス】エレン(仮),2090,2090,2090,1,0,1,1,0
2091,【バカンス】ミカサ(仮),2091,2091,2091,1,0,1,1,0
2092,【バカンス】リヴァイ(仮),2092,2092,2092,1,0,1,1,0
2093,【バカンス】サシャ(仮),2093,2093,2093,1,0,1,1,0
2094,【烏天狗】エルヴィン(仮),2094,2094,2094,1,0,1,1,0
2095,【猫又】ニファ(仮),2095,2095,2095,1,0,1,1,0
2096,【夜戦】ハンジ(仮),2096,2096,2096,1,0,1,1,0
2097,【新型立体機動(IF)】リヴァイ(仮),2097,2097,2097,1,0,1,1,0
2098,【兵団コート】コニー(仮),2098,2098,2098,1,0,1,1,0
2099,【軽装】ベルトルト(仮),2099,2099,2099,1,0,1,1,0
2100,【ジャックオランタン】ジャン(仮),2100,2100,2100,1,0,1,1,0
2101,【キョンシー】ミカサ(仮),2101,2101,2101,1,0,1,1,0
2102,【悪魔】エレン(仮),2102,2102,2102,1,0,1,1,0
2103,【天使】クリスタ(仮),2103,2103,2103,1,0,1,1,0
2104,【天使】リヴァイ(仮),2104,2104,2104,1,0,1,1,0
2105,【天使】ペトラ(仮),2105,2105,2105,1,0,1,1,0
2106,サシャ　FS軽装(ブレード&雷槍),2106,2106,2106,1,0,1,1,0
2107,ファルコ　私服(ライフル)巨人化エフェクト入り,2107,2107,2107,1,0,1,1,0
2108,【クリスマス】アニ(仮),2108,2108,2108,1,0,1,1,0
2109,【クリスマス】アルミン(仮),2109,2109,2109,1,0,1,1,0
2110,【弓始】ミカサ(仮),2110,2110,2110,1,0,1,1,0
2111,【獅子舞】ライナー(仮),2111,2111,2111,1,0,1,1,0
2112,【FSIF】エレン,2112,2112,2112,1,0,1,1,0
2113,【ダイナー】ペトラ(仮),2113,2113,2113,1,0,1,1,0
2114,【4周年】アルミン(仮),2114,2114,2114,1,0,1,1,0
2115,【4周年】ミカサ(仮),2115,2115,2115,1,0,1,1,0
2116,【4周年】リヴァイ(仮),2116,2116,2116,1,0,1,1,0
2117,【4周年】アニ(仮),2117,2117,2117,1,0,1,1,0
2118,【FS軽装マフラー付】ミカサ(仮),2118,2118,2118,1,0,1,1,0
2119,【FS軽装】ジャン(仮),2119,2119,2119,1,0,1,1,0
2120,【FS軽装】コニー(仮),2120,2120,2120,1,0,1,1,0
2121,【スチパン】ハンジ(仮),2121,2121,2121,1,0,1,1,0
2122,【中世貴族】エルヴィン,2122,2122,2122,1,0,1,1,0
2123,【中世貴族】リコ,2123,2123,2123,1,0,1,1,0
2124,【FS兵団コート】リヴァイ,2124,2124,2124,1,0,1,1,0
2125,【FS_IF】ペトラ,2125,2125,2125,1,0,1,1,0
2126,【応援団】エレン(仮),2126,2126,2126,1,0,1,1,0
2127,【応援団】サシャ(仮),2127,2127,2127,1,0,1,1,0
2128,【応援団】クリスタ(仮),2128,2128,2128,1,0,1,1,0
2129,【応援団】アルミン(仮),2129,2129,2129,1,0,1,1,0
2130,【FS兵団コート】ミカサ(仮),2130,2130,2130,1,0,1,1,0
2133,【ハスラー】リヴァイ(仮),2133,2133,2133,1,0,1,1,0
2134,【海辺の軽装】サシャ(仮),2134,2134,2134,1,0,1,1,0
2135,【海辺の軽装】ジャン(仮),2135,2135,2135,1,0,1,1,0
2136,【FS_IF】ヒストリア(仮),2136,2136,2136,1,0,1,1,0
2137,【FS_IF】ヒッチ(仮),2137,2137,2137,1,0,1,1,0
2138,【ウェディング】アニ(仮),2138,2138,2138,1,0,1,1,0
2139,【ハスラー】ケニー(仮),2139,2139,2139,1,0,1,1,0
2140,【水兵】リヴァイ(仮),2140,2140,2140,1,0,1,1,0
2141,【水兵】エルヴィン(仮),2141,2141,2141,1,0,1,1,0
2142,【水兵】エレン(仮),2142,2142,2142,1,0,1,1,0
2143,【水兵】アニ(仮),2143,2143,2143,1,0,1,1,0
2144,【FS最終】ミカサ(仮),2144,2144,2144,1,0,1,1,0
2145,【FS最終】アルミン(仮),2145,2145,2145,1,0,1,1,0
