id,equipment_id,rarity,level,enhancement,limit_break
1000,1001010,5,30,10,1
1001,1001,5,30,10,1
1001010,1001010,5,30,10,1
1001020,1001020,5,30,10,1
1001060,1001050,5,30,10,1
1001080,1001070,5,30,10,1
1001130,1001060,5,30,10,1
1002010,1002010,5,30,10,1
1002020,1002020,5,30,10,1
1002050,1002040,5,30,23,1
1002060,1002050,5,30,10,1
1002180,1002060,5,30,10,1
1003010,1003010,5,30,10,1
1003040,1003020,5,30,23,1
1003050,1003030,5,30,10,1
1003130,1003040,5,30,10,1
1004010,1004010,5,30,10,1
1004020,1004020,5,30,10,1
1004150,1004030,5,30,10,1
1005010,1005010,5,30,10,1
1005110,1005020,5,30,10,1
1006010,1006010,5,30,10,1
1006020,1006020,5,30,10,1
1006030,1006030,5,30,10,1
1007010,1007010,5,30,10,1
1007020,1007020,5,30,10,1
1007060,1007040,5,30,10,1
1007170,1007030,5,30,10,1
1009010,1009010,5,30,10,1
1016010,1016010,5,30,10,1
1016040,1016020,5,30,10,1
1016130,1016030,5,30,10,1
1017010,1017010,5,30,10,1
1017020,1017020,5,30,10,1
1017050,1017040,5,30,23,1
1017060,1017050,5,30,10,1
1017190,1017060,5,30,10,1
1018010,1018010,5,30,10,1
1018040,1018020,5,30,23,1
1018050,1018030,5,30,10,1
1020010,1020010,5,30,10,1
1021010,1021010,5,30,10,1
1021120,1021020,5,30,10,1
1022010,1022010,5,30,10,1
1033010,1033010,5,30,10,1
1049020,1049020,5,30,10,1
1083030,1083010,5,30,23,1
1084010,1084010,5,30,10,1
1085010,1085010,5,30,10,1
1085020,1085020,5,30,10,1
1085030,1085030,5,30,23,1
1085040,1085040,5,30,10,1
1085050,1085040,5,30,10,1
1085140,1085050,5,30,10,1
10001100,1001080,5,30,10,1
10001110,1001090,5,30,10,1
10001120,1001100,5,30,10,1
10001140,1001110,5,30,10,1
10001150,1001120,5,30,10,1
10001160,1001130,5,30,10,1
10001170,1001140,6,30,10,1
10001180,1001150,5,30,10,1
10001190,1001160,6,30,10,1
10001200,1001170,6,30,10,1
10001220,1001180,6,30,10,1
10001230,1001190,6,30,10,1
10001240,1001200,6,30,10,1
10001250,1001210,6,30,10,1
10001260,1001220,6,30,10,1
10001280,1001230,6,30,10,1
10001290,1001240,6,30,10,1
10001310,1001250,6,30,10,1
10001320,1001260,6,30,10,1
10001350,1001270,6,30,10,1
10001360,1001280,6,30,10,1
10002070,1002070,5,30,10,1
10002080,1002080,5,30,10,1
10002090,1002090,5,30,10,1
10002100,1002100,5,30,10,1
10002120,1002110,6,30,0,1
10002130,1002120,6,30,0,1
10002140,1002130,6,30,10,1
10002150,1002140,6,30,10,1
10002160,1002150,6,30,10,1
10002170,1002160,6,30,10,1
10002190,1002170,6,30,10,1
10002200,1002180,6,30,10,1
10002220,1002190,6,30,10,1
10002230,1002200,6,30,10,1
10002240,1002210,6,30,10,1
10002250,1002220,6,30,10,1
10002260,1002230,6,30,10,1
10002270,1002240,6,30,10,1
10002280,1002250,6,30,10,1
10002290,1002260,6,30,10,1
10002300,1002270,6,30,10,1
10002320,1002280,6,30,10,1
10003100,1003050,5,30,10,1
10003110,1003060,6,30,10,1
10003120,1003070,6,30,10,1
10003130,1003080,6,30,10,1
10003140,1003090,6,30,10,1
10003180,1003100,6,30,10,1
10003200,1003110,6,30,10,1
10003220,1003120,6,30,10,1
10003230,1003130,6,30,10,1
10003240,1003140,6,30,10,1
10003260,1003150,6,30,10,1
10004060,1004040,5,30,10,1
10004070,1004050,5,30,10,1
10004090,1004060,6,30,10,1
10004100,1004070,6,30,10,1
10004110,1004080,6,30,10,1
10004120,1004090,6,30,10,1
10004140,1004100,6,30,10,1
10004160,1004110,6,30,10,1
10004170,1004120,6,30,10,1
10004190,1004130,6,30,10,1
10005040,1005030,5,30,10,1
10005050,1005040,6,30,10,1
10005060,1005050,6,30,10,1
10005070,1005060,6,30,10,1
10005090,1005070,6,30,10,1
10005100,1005080,6,30,10,1
10006050,1006040,5,30,10,1
10006060,1006050,5,30,10,1
10006070,1006060,5,30,10,1
10006080,1006070,5,30,10,1
10006100,1006080,6,30,0,5
10006120,1006090,6,30,10,1
10006130,1006100,6,30,10,1
10006140,1006110,6,30,10,1
10006150,1006120,6,30,10,1
10006170,1006130,6,30,10,1
10006180,1006140,6,30,10,1
10006190,1006150,6,30,10,1
10006210,1006160,6,30,10,1
10006220,1006170,6,30,10,1
10007080,1007050,5,30,10,1
10007090,1007060,5,30,10,1
10007100,1007070,5,30,10,1
10007120,1007080,5,30,10,1
10007150,1007090,6,30,10,1
10007170,1007100,6,30,10,1
10007180,1007110,6,30,10,1
10007210,1007120,6,30,10,1
10007240,1007130,6,30,10,1
10007250,1007140,6,30,10,1
10008020,1008010,5,30,10,1
10008040,1008020,6,30,10,1
10016050,1016040,5,30,10,1
10016080,1016050,5,30,10,1
10016090,1016060,6,30,0,1
10016100,1016070,5,30,10,1
10016110,1016080,6,30,10,1
10016140,1016090,6,30,10,1
10016150,1016100,6,30,10,1
10016170,1016110,6,30,10,1
10016180,1016120,6,30,10,1
10017090,1017070,5,30,10,1
10017100,1017080,5,30,10,1
10017110,1017090,5,30,10,1
10017120,1017100,5,30,10,1
10017130,1017110,5,30,10,1
10017140,1017120,5,30,10,1
10017150,1017130,5,30,10,1
10017160,1017140,6,30,10,1
10017170,1017150,6,30,10,1
10017190,1017160,6,30,10,1
10017200,1017170,6,30,10,1
10017210,1017180,6,30,10,1
10017220,1017190,6,30,10,1
10017240,1017200,6,30,10,1
10017250,1017210,6,30,10,1
10017260,1017220,6,30,10,1
10017270,1017230,6,30,10,1
10017280,1017240,6,30,10,1
10017290,1017250,6,30,10,1
10017300,1017260,6,30,10,1
10017310,1017270,6,30,10,1
10017320,1017280,6,30,10,1
10017330,1017290,6,30,10,1
10017340,1017300,6,30,10,1
10018050,1018040,5,30,10,1
10018070,1018050,6,30,10,1
10018110,1018060,6,30,10,1
10018120,1018070,6,30,10,1
10018130,1018080,6,30,10,1
10018150,1018090,6,30,10,1
10018160,1018100,6,30,10,1
10018170,1018110,6,30,10,1
10019010,1019010,6,30,10,1
10019020,1019020,5,30,10,1
10021080,1021030,5,30,10,1
10021090,1021040,6,30,10,1
10021110,1021050,6,30,10,1
10021120,1021060,6,30,10,1
10021130,1021070,6,30,10,1
10024020,1024010,5,30,10,1
10027030,1027010,6,30,10,1
10027050,1027020,6,30,10,1
10032030,1032010,5,30,10,1
10032050,1032020,6,30,10,1
10037020,1037010,6,30,10,1
10040040,1040010,5,30,10,1
10040050,1040020,6,30,10,1
10040070,1040030,6,30,10,1
10044060,1044010,6,30,10,1
10044090,1044020,6,30,10,1
10044110,1044030,6,30,10,1
10049030,1049030,5,30,10,1
10049050,1049040,6,30,10,1
10049060,1049050,6,30,10,1
10083040,1083020,5,30,10,1
10083050,1083030,6,30,0,1
10083080,1083040,6,30,10,1
10083090,1083050,6,30,10,1
10083120,1083060,6,30,10,1
10083130,1083070,6,30,10,1
10084040,1084020,5,30,10,1
10084060,1084030,6,30,10,1
10084070,1084040,6,30,10,1
10085070,1085060,5,30,10,1
10085080,1085070,5,30,10,1
10085090,1085080,6,30,10,1
10085100,1085090,6,30,10,1
10085120,1085100,6,30,10,1
10085130,1085110,6,30,10,1
10085140,1085120,6,30,10,1
10085150,1085130,6,30,10,1
10085160,1085140,6,30,10,1
10085180,1085150,6,30,10,1
10085190,1085160,6,30,10,1
10085200,1085170,6,30,10,1
10085210,1085180,6,30,10,1
10089020,1089010,6,30,10,1
10090030,1090010,6,30,10,1
10090040,1090020,6,30,10,1
