id,front,rear,accessory1,accessory2,preset_skill_id,preset_passive_skill_id
1,1000,0,0,0,1,0
2,1001,0,0,0,1,0
3,1001020,0,0,0,2,0
4,1002010,0,0,0,18,0
5,1000,0,0,0,4,0
6,1001010,0,0,0,1,0
7,1002010,0,0,0,3,0
8,1003010,0,0,0,23,0
9,1017010,0,0,0,21,0
10,1007010,0,0,0,24,0
11,1018010,0,0,0,32,0
12,1005010,0,0,0,20,0
13,1016010,0,0,0,25,0
14,1006010,0,0,0,30,0
15,1004010,0,0,0,19,0
16,1084010,0,0,0,34,0
17,1003010,0,0,0,23,0
18,1016010,0,0,0,25,0
19,1002020,0,0,0,26,0
20,1004020,0,0,0,27,0
21,1017020,0,0,0,28,0
22,1006020,0,0,0,31,0
23,1022010,0,0,0,33,0
24,1085010,0,0,0,35,0
25,1085020,0,0,0,36,0
26,1009010,0,0,0,37,0
27,1020010,0,0,0,38,0
28,1021010,0,0,0,39,0
29,1085030,0,0,0,42,0
30,1017050,0,0,0,43,0
31,1018040,0,0,0,44,0
32,1083030,0,0,0,45,0
33,1003040,0,0,0,46,0
34,1002050,0,0,0,47,0
35,1001060,0,0,0,48,0
36,1033010,0,0,0,49,0
37,1017060,0,0,0,50,0
38,1016040,0,0,0,51,0
39,1001130,0,0,0,52,0
40,1003050,0,0,0,53,0
41,1002060,0,0,0,54,0
42,1007020,0,0,0,55,0
43,1018050,0,0,0,56,0
44,1085040,0,0,0,57,0
45,1006030,0,0,0,58,0
46,1085050,0,0,0,59,0
47,1001080,0,0,0,60,0
48,1002180,0,0,0,61,0
49,1003130,0,0,0,62,0
50,1004150,0,0,0,63,0
51,1017190,0,0,0,64,0
52,1021120,0,0,0,65,0
53,1007170,0,0,0,66,0
54,1049020,0,0,0,67,0
55,1016130,0,0,0,68,0
56,1005110,0,0,0,69,0
57,1085140,0,0,0,70,0
58,10083040,0,0,0,71,0
59,10084040,0,0,0,72,0
60,1007060,0,0,0,73,0
61,10001100,0,0,0,74,0
62,10019020,0,0,0,75,0
63,10002070,0,0,0,76,0
64,10017090,0,0,0,77,0
65,10004060,0,0,0,78,0
66,10049030,0,0,0,79,0
67,10016050,0,0,0,80,0
68,10006050,0,0,0,81,0
69,10001110,0,0,0,82,0
70,10017100,0,0,0,83,0
71,10004070,0,0,0,84,0
72,10006060,0,0,0,85,0
73,10002080,0,0,0,86,0
74,10001120,0,0,0,87,0
75,10017110,0,0,0,88,0
76,10018050,0,0,0,89,0
77,10017120,0,0,0,90,0
78,10001140,0,0,0,91,0
79,10002090,0,0,0,92,0
80,10007080,0,0,0,93,0
81,10008020,0,0,0,94,0
82,10003100,0,0,0,95,0
83,10017130,0,0,0,96,0
84,10002100,0,0,0,97,0
85,10016080,0,0,0,98,0
86,10024020,0,0,0,99,0
87,10085070,0,0,0,100,0
88,10006070,0,0,0,101,0
89,10007090,0,0,0,102,0
90,10017140,0,0,0,103,0
91,10040040,0,0,0,104,0
92,10001150,0,0,0,105,0
93,10006080,0,0,0,106,0
94,10001160,0,0,0,107,0
95,10007100,0,0,0,108,0
96,10085080,0,0,0,109,0
97,10017150,0,0,0,110,0
98,10002120,0,0,0,111,0
99,10083050,0,0,0,112,0
101,1002010,0,0,0,5,0
102,1017010,0,0,0,6,0
103,1003010,0,0,0,7,0
104,1004010,0,0,0,8,0
105,1006010,0,0,0,9,0
106,1018010,0,0,0,10,0
107,1005010,0,0,0,11,0
108,1016010,0,0,0,12,0
109,1000,0,0,0,13,0
110,1000,0,0,0,14,0
111,1000,0,0,0,15,0
112,1000,0,0,0,16,0
113,1000,0,0,0,17,0
114,1000,0,0,0,29,0
115,1007010,0,0,0,40,0
1001,1000,0,0,0,1,1
1002,1000,0,0,0,1,2
1003,1000,0,0,0,1,3
1004,1000,0,0,0,1,4
1005,1000,0,0,0,1,5
1006,1000,0,0,0,1,6
1007,1000,0,0,0,1,7
1008,1000,0,0,0,1,8
1009,1000,0,0,0,1,9
1010,1000,0,0,0,1,10
1011,1000,0,0,0,1,11
1012,1000,0,0,0,1,12
1013,1000,0,0,0,1,13
1014,1000,0,0,0,1,14
1015,1000,0,0,0,1,15
1016,1000,0,0,0,1,16
1017,1000,0,0,0,1,17
1018,1000,0,0,0,1,18
1019,1000,0,0,0,1,19
1020,1000,0,0,0,1,20
1021,1000,0,0,0,1,21
1022,1000,0,0,0,1,22
1023,1000,0,0,0,1,23
1024,1000,0,0,0,1,24
1025,1000,0,0,0,1,25
1026,1000,0,0,0,1,26
1027,1000,0,0,0,1,27
1028,1000,0,0,0,1,28
1029,1000,0,0,0,1,29
1030,1000,0,0,0,1,30
1031,1000,0,0,0,1,31
1032,1000,0,0,0,1,32
1033,1000,0,0,0,1,33
1034,1000,0,0,0,1,34
1035,1001020,0,0,0,2,35
1036,1000,0,0,0,1,36
1037,1000,0,0,0,1,37
1038,1003010,0,0,0,23,38
1039,1016010,0,0,0,25,39
1040,1021010,0,0,0,39,40
1041,1007010,0,0,0,24,41
1042,1000,0,0,0,40,42
1043,1000,0,0,0,1,43
1044,1001010,0,0,0,41,0
1045,1001010,0,0,0,1,44
1046,1001010,0,0,0,1,45
1047,1001010,0,0,0,1,46
1048,1001010,0,0,0,1,47
1049,1001010,0,0,0,1,48
1050,1001010,0,0,0,1,49
1051,1001010,0,0,0,1,50
1052,1001010,0,0,0,1,51
1053,1001010,0,0,0,1,52
1054,1001010,0,0,0,1,53
1055,1001010,0,0,0,1,54
1056,1001010,0,0,0,1,55
1057,1001010,0,0,0,163,0
1058,1001010,0,0,0,164,0
1059,1001010,0,0,0,165,0
1060,1001010,0,0,0,166,0
2001,10016090,0,0,0,113,0
2002,10002130,0,0,0,114,0
2003,10018070,0,0,0,115,0
2004,10017160,0,0,0,116,0
2005,10085090,0,0,0,117,0
2006,10003110,0,0,0,118,0
2007,10001170,0,0,0,119,0
2008,10017170,0,0,0,120,0
2009,10006100,0,0,0,121,0
2010,10002140,0,0,0,122,0
2011,10004090,0,0,0,123,0
2012,10007120,0,0,0,124,0
2013,10032030,0,0,0,125,0
2014,10001180,0,0,0,126,0
2015,10005040,0,0,0,127,0
2016,10016100,0,0,0,128,0
2017,10021080,0,0,0,129,0
2018,10085100,0,0,0,130,0
2019,10044060,0,0,0,131,0
2020,10001190,0,0,0,132,0
2021,10003120,0,0,0,133,0
2022,10017190,0,0,0,134,0
2023,10002150,0,0,0,135,0
2024,10006120,0,0,0,136,0
2025,10004100,0,0,0,137,0
2026,10001200,0,0,0,138,0
2027,10005050,0,0,0,139,0
2028,10017200,0,0,0,140,0
2029,10027030,0,0,0,141,0
2030,10003130,0,0,0,142,0
2031,10002160,0,0,0,143,0
2032,10016110,0,0,0,144,0
2033,10083080,0,0,0,145,0
2034,10089020,0,0,0,146,0
2035,10002170,0,0,0,147,0
2036,10006130,0,0,0,148,0
2037,10017210,0,0,0,149,0
2038,10018110,0,0,0,150,0
2039,10001220,0,0,0,151,0
2040,10003140,0,0,0,152,0
2041,10018120,0,0,0,153,0
2042,10004110,0,0,0,154,0
2043,10001230,0,0,0,155,0
2044,10085120,0,0,0,156,0
2045,10017220,0,0,0,157,0
2046,10083090,0,0,0,158,0
2047,10006140,0,0,0,159,0
2048,10084060,0,0,0,160,0
2049,10085130,0,0,0,161,0
2050,10019010,0,0,0,162,0
2051,10007150,0,0,0,167,0
2052,10049050,0,0,0,168,0
2053,10006150,0,0,0,169,0
2054,10001240,0,0,0,170,0
2055,10002190,0,0,0,171,0
2056,10017240,0,0,0,172,0
2057,10021090,0,0,0,173,0
2058,10004120,0,0,0,174,0
2059,10005060,0,0,0,175,0
2060,10002200,0,0,0,176,0
2061,10037020,0,0,0,177,0
2062,10017250,0,0,0,178,0
2063,10090030,0,0,0,179,0
2064,10018130,0,0,0,180,0
2065,10040050,0,0,0,181,0
2066,10001250,0,0,0,182,0
2067,10002220,0,0,0,183,0
2068,10017260,0,0,0,184,0
2069,10085140,0,0,0,185,0
2070,10007170,0,0,0,186,0
2071,10008040,0,0,0,187,0
2072,10016140,0,0,0,188,0
2073,10002230,0,0,0,189,0
2074,10032050,0,0,0,190,0
2075,10003180,0,0,0,191,0
2076,10005070,0,0,0,192,0
2077,10001260,0,0,0,193,0
2078,10085150,0,0,0,194,0
2079,10017270,0,0,0,195,0
2080,10018150,0,0,0,196,0
2081,10007180,0,0,0,197,0
2082,10044090,0,0,0,198,0
2083,10003200,0,0,0,199,0
2084,10006170,0,0,0,200,0
2085,10004140,0,0,0,201,0
2086,10002240,0,0,0,202,0
2087,10001280,0,0,0,203,0
2088,10085160,0,0,0,204,0
2089,10083120,0,0,0,205,0
2090,10001290,0,0,0,206,0
2091,10002250,0,0,0,207,0
2092,10017280,0,0,0,208,0
2093,10006180,0,0,0,209,0
2094,10016150,0,0,0,210,0
2095,10027050,0,0,0,211,0
2096,10018160,0,0,0,212,0
2097,10017290,0,0,0,213,0
2098,10005090,0,0,0,214,0
2099,10084070,0,0,0,215,0
2100,10004160,0,0,0,216,0
2101,10002260,0,0,0,217,0
2102,10001310,0,0,0,218,0
2103,10007210,0,0,0,219,0
2104,10017300,0,0,0,220,0
2105,10021110,0,0,0,221,0
2106,10006190,0,0,0,222,0
2107,10090040,0,0,0,223,0
2108,10085180,0,0,0,224,0
2109,10003220,0,0,0,225,0
2110,10002270,0,0,0,226,0
2111,10083130,0,0,0,227,0
2112,10001320,0,0,0,228,0
2113,10021120,0,0,0,229,0
2114,10003230,0,0,0,230,0
2115,10002280,0,0,0,231,0
2116,10017310,0,0,0,232,0
2117,10085190,0,0,0,233,0
2118,10002290,0,0,0,234,0
2119,10004170,0,0,0,235,0
2120,10005100,0,0,0,236,0
2121,10018170,0,0,0,237,0
2122,10016170,0,0,0,238,0
2123,10040070,0,0,0,239,0
2124,10017320,0,0,0,240,0
2125,10021130,0,0,0,241,0
2126,10001350,0,0,0,242,0
2127,10006210,0,0,0,243,0
2128,10007240,0,0,0,244,0
2129,10003240,0,0,0,245,0
2130,10002300,0,0,0,246,0
2133,10017330,0,0,0,249,0
2134,10006220,0,0,0,250,0
2135,10004190,0,0,0,251,0
2136,10007250,0,0,0,252,0
2137,10044110,0,0,0,253,0
2138,10085200,0,0,0,254,0
2139,10049060,0,0,0,255,0
2140,10017340,0,0,0,256,0
2141,10016180,0,0,0,257,0
2142,10001360,0,0,0,258,0
2143,10085210,0,0,0,259,0
2144,10002320,0,0,0,260,0
2145,10003260,0,0,0,261,0
