id,active_skill_id
1,10101101
1,10101201
1,10101301
2,10102101
2,10102201
2,10102301
3,10201101
3,10201201
3,10201301
4,715
4,716
4,717
5,687
5,688
5,689
6,690
6,691
6,692
7,693
7,694
7,695
8,696
8,697
8,698
9,699
9,700
9,701
10,702
10,703
10,704
11,705
12,706
12,707
12,708
13,709
13,710
13,711
14,712
14,713
14,714
15,688
15,689
15,718
16,694
16,695
16,719
17,703
17,704
17,720
18,10201101
18,10201201
18,10201301
19,10104101
19,10104201
19,10104301
20,10105101
20,10105201
20,10105301
21,10117101
21,10117201
21,10117301
22,10184101
22,10184201
22,10184301
23,10301101
23,10301201
23,10301301
24,10107101
24,10107201
24,10107301
25,10116101
25,10116201
25,10116301
26,10202101
26,10202201
26,10202301
27,10204101
27,10204201
27,10204301
28,10217101
28,10217201
28,10217301
29,724
29,725
29,726
30,10106101
30,10106201
30,10106301
31,10206101
31,10206201
31,10206301
32,10118101
32,10118201
32,10118301
33,10122101
33,10122201
33,10122301
34,10184101
34,10184201
34,10184301
35,10185101
35,10185201
35,10185301
36,10285101
36,10285201
36,10285301
37,10109101
37,10109201
37,10109301
38,10120101
38,10120201
38,10120301
39,10121101
39,10121201
39,10121301
40,727
41,728
42,10385101
42,10385201
42,10385301
43,10517101
43,10517201
43,10517301
44,10418101
44,10418201
44,10418301
45,10383101
45,10383201
45,10383301
46,10403101
46,10403201
46,10403301
47,10502101
47,10502201
47,10502301
48,10601101
48,10601201
48,10601301
49,10133101
49,10133201
49,10133301
50,10617101
50,10617201
50,10617301
51,10416101
51,10416201
51,10416301
52,11301101
52,11301201
52,11301301
53,10503101
53,10503201
53,10503301
54,10602101
54,10602201
54,10602301
55,10507101
55,10507201
55,10507301
56,10518101
56,10518201
56,10518301
57,10485101
57,10485201
57,10485301
58,10306101
58,10306201
58,10306301
59,10485201
59,10485301
59,10585101
60,10108101
60,10108201
60,10108301
61,10218101
61,10218201
61,10218301
62,10313101
62,10313201
62,10313301
63,10415101
63,10415201
63,10415301
64,11917101
64,11917201
64,11917301
65,11221101
65,11221201
65,11221301
66,11707101
66,11707201
66,11707301
67,10249101
67,10249201
67,10249301
68,11316101
68,11316201
68,11316301
69,11105101
69,11105201
69,11105301
70,11485101
70,11485201
70,11485301
71,11483101
71,11483201
71,11483301
72,11584101
72,11584201
72,11584301
73,12007101
73,12007201
73,12007301
74,12601101
74,12601201
74,12601301
75,10819101
75,10819201
75,10819301
76,12502101
76,12502201
76,12502301
77,12717101
77,12717201
77,12717301
78,11804101
78,11804201
78,11804301
79,10449101
79,10449201
79,10449301
80,11716101
80,11716201
80,11716301
81,11906101
81,11906201
81,11906301
82,13101101
82,13101201
82,13101301
83,13017101
83,13017201
83,13017301
84,11904101
84,11904201
84,11904301
85,12006101
85,12006201
85,12006301
86,12802101
86,12802201
86,12802301
87,13201101
87,13201201
87,13201301
88,13117101
88,13117201
88,13117301
89,12218101
89,12218201
89,12218301
90,12817101
90,12817201
90,12817301
91,13501101
91,13501201
91,13501301
92,13002101
92,13002201
92,13002301
93,12807101
93,12807201
93,12807301
94,10208101
94,10208201
94,10208301
95,12603101
95,12603201
95,12603301
96,13817101
96,13817201
96,13817301
97,13502101
97,13502201
97,13502301
98,12416101
98,12416201
98,12416301
99,10324101
99,10324201
99,10324301
100,12785101
100,12785201
100,12785301
101,12806101
101,12806201
101,12806301
102,13007101
102,13007201
102,13007301
103,14417101
103,14417201
103,14417301
104,10440101
104,10440201
104,10440301
105,14101101
105,14101201
105,14101301
106,12306101
106,12306201
106,12306301
107,14301110
107,14301210
107,14301301
108,13407101
108,13407201
108,13407301
109,12985101
109,12985201
109,12985301
110,14517101
110,14517201
110,14517301
111,14602101
111,14602201
111,14602301
112,12383101
112,12383201
112,12383301
113,12716101
113,12716201
113,12716301
114,14502101
114,14502201
114,14502301
115,13518101
115,13518201
115,13518301
116,15117101
116,15117201
116,15117301
117,13685101
117,13685201
117,13685301
118,13803101
118,13803201
118,13803301
119,15301101
119,15301201
119,15301301
120,15417101
120,15417201
120,15417301
121,13806101
121,13806201
121,13806301
122,15302101
122,15302201
122,15302301
123,13704101
123,13704201
123,13704301
124,14507101
124,14507201
124,14507301
125,11232101
125,11232201
125,11232301
126,15501101
126,15501201
126,15501301
127,12705101
127,12705201
127,12705301
128,13316101
128,13316201
128,13316301
129,13021101
129,13021201
129,13021301
130,13985101
130,13985201
130,13985301
131,11544101
131,11544201
131,11544301
132,16001101
132,16001201
132,16001301
133,14503101
133,14503201
133,14503301
134,16217101
134,16217201
134,16217301
135,16302101
135,16302201
135,16302301
136,14606101
136,14606201
136,14606301
137,14404101
137,14404201
137,14404301
138,16101101
138,16101201
138,16101301
139,13205101
139,13205201
139,13205301
140,16717101
140,16717201
140,16717301
141,11727101
141,11727201
141,11727301
142,15003101
142,15003201
142,15003301
143,16702101
143,16702201
143,16702301
144,14216101
144,14216201
144,14216301
145,13783101
145,13783201
145,13783301
146,10289101
146,10289201
146,10289301
147,16902101
147,16902201
147,16902301
148,15006101
148,15006201
148,15006301
149,17017101
149,17017201
149,17017301
150,15118101
150,15118201
150,15118301
151,16701101
151,16701201
151,16701301
152,15203101
152,15203201
152,15203301
153,14918101
153,14918201
153,14918301
154,14704101
154,14704201
154,14704301
155,17101101
155,17101201
155,17101301
156,15385101
156,15385201
156,15385301
157,17417101
157,17417201
157,17417301
158,14083101
158,14083201
158,14083301
159,15306101
159,15306201
159,15306301
160,13584101
160,13584201
160,13584301
161,15985101
161,15985201
161,15985301
162,10119101
162,10119201
162,10119301
163,800
163,16101101
163,16101201
164,801
164,16101101
164,16101201
165,802
165,16101101
165,16101201
166,803
166,16101101
166,16101201
167,16507101
167,16507201
167,16507301
168,11249101
168,11249201
168,11249301
169,15906101
169,15906201
169,15906301
170,17801101
170,17801201
170,17801301
171,18202101
171,18202201
171,18202301
172,18117101
172,18117201
172,18117301
173,14221101
173,14221201
173,14221301
174,15404101
174,15404201
174,15404301
175,14205101
175,14205201
175,14205301
176,18602101
176,18602201
176,18602301
177,10237101
177,10237201
177,10237301
178,18517101
178,18517201
178,18517301
179,10390101
179,10390201
179,10390301
180,15918101
180,15918201
180,15918301
181,12740101
181,12740201
181,12740301
182,18701101
182,18701201
182,18701301
183,19302101
183,19302201
183,19302301
184,19217101
184,19217201
184,19217301
185,16785101
185,16785201
185,16785301
186,17607101
186,17607201
186,17607301
187,13008101
187,13008201
187,13008301
188,15516101
188,15516201
188,15516301
189,19402101
189,19402201
189,19402301
190,12632101
190,12632201
190,12632301
191,16703101
191,16703201
191,16703301
192,14805101
192,14805201
192,14805301
193,18801101
193,18801201
193,18801301
194,17085101
194,17085201
194,17085301
195,19417101
195,19417201
195,19417301
196,16718101
196,16718201
196,16718301
197,17907101
197,17907201
197,17907301
198,13144101
198,13144201
198,13144301
199,17003101
199,17003201
199,17003301
200,17606101
200,17606201
200,17606301
201,16304101
201,16304201
201,16304301
202,19702101
202,19702201
202,19702301
203,19301101
203,19301201
203,19301301
204,17585101
204,17585201
204,17585301
205,15283101
205,15283201
205,15283301
206,19601101
206,19601201
206,19601301
207,11002101
207,11002201
207,11002301
208,19917101
208,19917201
208,19917301
209,17406101
209,17406201
209,17406301
210,16116101
210,16116201
210,16116301
211,13227101
211,13227201
211,13227301
212,17218101
212,17218201
212,17218301
213,10917101
213,10917201
213,10917301
214,15705101
214,15705201
214,15705301
215,14484101
215,14484201
215,14484301
216,16804101
216,16804201
216,16804301
217,11702101
217,11702201
217,11702301
218,12001101
218,12001201
218,12001301
219,18807101
219,18807201
219,18807301
220,11117101
220,11117201
220,11117301
221,16121101
221,16121201
221,16121301
222,18106101
222,18106201
222,18106301
223,10590101
223,10590201
223,10590301
224,18485101
224,18485201
224,18485301
225,18203101
225,18203201
225,18203301
226,12202101
226,12202201
226,12202301
227,16083101
227,16083201
227,16083301
228,11101101
228,11101201
228,11101301
229,16421101
229,16421201
229,16421301
230,18503101
230,18503201
230,18503301
231,11902101
231,11902201
231,11902301
232,12117101
232,12117201
232,12117301
233,18785101
233,18785201
233,18785301
234,12302101
234,12302201
234,12302301
235,17304101
235,17304201
235,17304301
236,16105101
236,16105201
236,16105301
237,18018101
237,18018201
237,18018301
238,17116101
238,17116201
238,17116301
239,14140101
239,14140201
239,14140301
240,12417101
240,12417201
240,12417301
241,16921101
241,16921201
241,16921301
242,12301101
242,12301201
242,12301301
243,18906101
243,18906201
243,18906301
244,19807101
244,19807201
244,19807301
245,18803101
245,18803201
245,18803301
246,12002101
246,12002201
246,12002301
249,12017101
249,12017201
249,12017301
250,19206101
250,19206201
250,19206301
251,17904101
251,17904201
251,17904301
252,10707101
252,10707201
252,10707301
253,14644101
253,14644201
253,14644301
254,19685101
254,19685201
254,19685301
255,11549101
255,11549201
255,11549301
256,12517101
256,12517201
256,12517301
257,17716101
257,17716201
257,17716301
258,12701101
258,12701201
258,12701301
259,19885101
259,19885201
259,19885301
260,12402101
260,12402201
260,12402301
261,19403101
261,19403201
261,19403301
