equipment_id,limit,passive_skill_id_1,passive_skill_id_2,open_date,close_date
1001080,0,350070001,0,2024-04-26T04:00:00,2100-12-31T23:59:59
1001080,1,350080001,0,2024-04-26T04:00:00,2100-12-31T23:59:59
1001080,2,350090001,0,2024-04-26T04:00:00,2100-12-31T23:59:59
1001080,3,350100001,0,2024-04-26T04:00:00,2100-12-31T23:59:59
1001080,4,350110001,0,2024-04-26T04:00:00,2100-12-31T23:59:59
1001080,5,350120001,0,2024-04-26T04:00:00,2100-12-31T23:59:59
1001080,6,350190001,0,2024-04-26T04:00:00,2100-12-31T23:59:59
1001080,7,350200001,0,2024-04-26T04:00:00,2100-12-31T23:59:59
1001080,8,350230001,0,2024-04-26T04:00:00,2100-12-31T23:59:59
1001080,9,350240001,0,2024-04-26T04:00:00,2100-12-31T23:59:59
1001080,10,350250001,0,2024-04-26T04:00:00,2100-12-31T23:59:59
1007080,0,350070001,0,2024-04-26T04:00:00,2100-12-31T23:59:59
1007080,1,350080001,0,2024-04-26T04:00:00,2100-12-31T23:59:59
1007080,2,350090001,0,2024-04-26T04:00:00,2100-12-31T23:59:59
1007080,3,350100001,0,2024-04-26T04:00:00,2100-12-31T23:59:59
1007080,4,350110001,0,2024-04-26T04:00:00,2100-12-31T23:59:59
1007080,5,350120001,0,2024-04-26T04:00:00,2100-12-31T23:59:59
1007080,6,350190001,0,2024-04-26T04:00:00,2100-12-31T23:59:59
1007080,7,350200001,0,2024-04-26T04:00:00,2100-12-31T23:59:59
1007080,8,350230001,0,2024-04-26T04:00:00,2100-12-31T23:59:59
1007080,9,350240001,0,2024-04-26T04:00:00,2100-12-31T23:59:59
1007080,10,350250001,0,2024-04-26T04:00:00,2100-12-31T23:59:59
1016090,0,350070001,0,2025-06-20T04:00:00,2100-12-31T23:59:59
1016090,1,350080001,0,2025-06-20T04:00:00,2100-12-31T23:59:59
1016090,2,350090001,0,2025-06-20T04:00:00,2100-12-31T23:59:59
1016090,3,350100001,0,2025-06-20T04:00:00,2100-12-31T23:59:59
1016090,4,350110001,0,2025-06-20T04:00:00,2100-12-31T23:59:59
1016090,5,350120001,0,2025-06-20T04:00:00,2100-12-31T23:59:59
1016090,6,350190001,0,2025-06-20T04:00:00,2100-12-31T23:59:59
1016090,7,350200001,0,2025-06-20T04:00:00,2100-12-31T23:59:59
1016090,8,350230001,0,2025-06-20T04:00:00,2100-12-31T23:59:59
1016090,9,350240001,0,2025-06-20T04:00:00,2100-12-31T23:59:59
1016090,10,350250001,0,2025-06-20T04:00:00,2100-12-31T23:59:59
1017170,0,350070001,0,2024-04-26T04:00:00,2100-12-31T23:59:59
1017170,1,350080001,0,2024-04-26T04:00:00,2100-12-31T23:59:59
1017170,2,350090001,0,2024-04-26T04:00:00,2100-12-31T23:59:59
1017170,3,350100001,0,2024-04-26T04:00:00,2100-12-31T23:59:59
1017170,4,350110001,0,2024-04-26T04:00:00,2100-12-31T23:59:59
1017170,5,350120001,0,2024-04-26T04:00:00,2100-12-31T23:59:59
1017170,6,350190001,0,2024-04-26T04:00:00,2100-12-31T23:59:59
1017170,7,350200001,0,2024-04-26T04:00:00,2100-12-31T23:59:59
1017170,8,350230001,0,2024-04-26T04:00:00,2100-12-31T23:59:59
1017170,9,350240001,0,2024-04-26T04:00:00,2100-12-31T23:59:59
1017170,10,350250001,0,2024-04-26T04:00:00,2100-12-31T23:59:59
1049020,0,350070001,0,2024-04-26T04:00:00,2100-12-31T23:59:59
1049020,1,350080001,0,2024-04-26T04:00:00,2100-12-31T23:59:59
1049020,2,350090001,0,2024-04-26T04:00:00,2100-12-31T23:59:59
1049020,3,350100001,0,2024-04-26T04:00:00,2100-12-31T23:59:59
1049020,4,350110001,0,2024-04-26T04:00:00,2100-12-31T23:59:59
1049020,5,350120001,0,2024-04-26T04:00:00,2100-12-31T23:59:59
1049020,6,350190001,0,2024-04-26T04:00:00,2100-12-31T23:59:59
1049020,7,350200001,0,2024-04-26T04:00:00,2100-12-31T23:59:59
1049020,8,350230001,0,2024-04-26T04:00:00,2100-12-31T23:59:59
1049020,9,350240001,0,2024-04-26T04:00:00,2100-12-31T23:59:59
1049020,10,350250001,0,2024-04-26T04:00:00,2100-12-31T23:59:59
1049050,0,350070001,0,2026-06-16T10:35:00,2100-12-31T23:59:59
1049050,1,350080001,0,2026-06-16T10:35:00,2100-12-31T23:59:59
1049050,2,350090001,0,2026-06-16T10:35:00,2100-12-31T23:59:59
1049050,3,350100001,0,2026-06-16T10:35:00,2100-12-31T23:59:59
1049050,4,350110001,0,2026-06-16T10:35:00,2100-12-31T23:59:59
1049050,5,350120001,0,2026-06-16T10:35:00,2100-12-31T23:59:59
1049050,6,350190001,0,2026-06-16T10:35:00,2100-12-31T23:59:59
1049050,7,350200001,0,2026-06-16T10:35:00,2100-12-31T23:59:59
1049050,8,350230001,0,2026-06-16T10:35:00,2100-12-31T23:59:59
1049050,9,350240001,0,2026-06-16T10:35:00,2100-12-31T23:59:59
1049050,10,350250001,0,2026-06-16T10:35:00,2100-12-31T23:59:59
1083060,0,350070001,0,2025-11-10T10:35:00,2100-12-31T23:59:59
1083060,1,350080001,0,2025-11-10T10:35:00,2100-12-31T23:59:59
1083060,2,350090001,0,2025-11-10T10:35:00,2100-12-31T23:59:59
1083060,3,350100001,0,2025-11-10T10:35:00,2100-12-31T23:59:59
1083060,4,350110001,0,2025-11-10T10:35:00,2100-12-31T23:59:59
1083060,5,350120001,0,2025-11-10T10:35:00,2100-12-31T23:59:59
1083060,6,350190001,0,2025-11-10T10:35:00,2100-12-31T23:59:59
1083060,7,350200001,0,2025-11-10T10:35:00,2100-12-31T23:59:59
1083060,8,350230001,0,2025-11-10T10:35:00,2100-12-31T23:59:59
1083060,9,350240001,0,2025-11-10T10:35:00,2100-12-31T23:59:59
1083060,10,350250001,0,2025-11-10T10:35:00,2100-12-31T23:59:59
1085060,0,350070001,0,2024-04-26T04:00:00,2100-12-31T23:59:59
1085060,1,350080001,0,2024-04-26T04:00:00,2100-12-31T23:59:59
1085060,2,350090001,0,2024-04-26T04:00:00,2100-12-31T23:59:59
1085060,3,350100001,0,2024-04-26T04:00:00,2100-12-31T23:59:59
1085060,4,350110001,0,2024-04-26T04:00:00,2100-12-31T23:59:59
1085060,5,350120001,0,2024-04-26T04:00:00,2100-12-31T23:59:59
1085060,6,350190001,0,2024-04-26T04:00:00,2100-12-31T23:59:59
1085060,7,350200001,0,2024-04-26T04:00:00,2100-12-31T23:59:59
1085060,8,350230001,0,2024-04-26T04:00:00,2100-12-31T23:59:59
1085060,9,350240001,0,2024-04-26T04:00:00,2100-12-31T23:59:59
1085060,10,350250001,0,2024-04-26T04:00:00,2100-12-31T23:59:59
2004020,0,350130001,0,2024-04-26T04:00:00,2100-12-31T23:59:59
2004020,1,350140001,0,2024-04-26T04:00:00,2100-12-31T23:59:59
2004020,2,350150001,0,2024-04-26T04:00:00,2100-12-31T23:59:59
2004020,3,350160001,0,2024-04-26T04:00:00,2100-12-31T23:59:59
2004020,4,350170001,0,2024-04-26T04:00:00,2100-12-31T23:59:59
2004020,5,350180001,0,2024-04-26T04:00:00,2100-12-31T23:59:59
2004020,6,350210001,0,2024-04-26T04:00:00,2100-12-31T23:59:59
2004020,7,350220001,0,2024-04-26T04:00:00,2100-12-31T23:59:59
2004020,8,350260001,0,2024-04-26T04:00:00,2100-12-31T23:59:59
2004020,9,350270001,0,2024-04-26T04:00:00,2100-12-31T23:59:59
2004020,10,350280001,0,2024-04-26T04:00:00,2100-12-31T23:59:59
2019010,0,350130001,0,2024-04-26T04:00:00,2100-12-31T23:59:59
2019010,1,350140001,0,2024-04-26T04:00:00,2100-12-31T23:59:59
2019010,2,350150001,0,2024-04-26T04:00:00,2100-12-31T23:59:59
2019010,3,350160001,0,2024-04-26T04:00:00,2100-12-31T23:59:59
2019010,4,350170001,0,2024-04-26T04:00:00,2100-12-31T23:59:59
2019010,5,350180001,0,2024-04-26T04:00:00,2100-12-31T23:59:59
2019010,6,350210001,0,2024-04-26T04:00:00,2100-12-31T23:59:59
2019010,7,350220001,0,2024-04-26T04:00:00,2100-12-31T23:59:59
2019010,8,350260001,0,2024-04-26T04:00:00,2100-12-31T23:59:59
2019010,9,350270001,0,2024-04-26T04:00:00,2100-12-31T23:59:59
2019010,10,350280001,0,2024-04-26T04:00:00,2100-12-31T23:59:59
2021060,0,350130001,0,2025-06-20T04:00:00,2100-12-31T23:59:59
2021060,1,350140001,0,2025-06-20T04:00:00,2100-12-31T23:59:59
2021060,2,350150001,0,2025-06-20T04:00:00,2100-12-31T23:59:59
2021060,3,350160001,0,2025-06-20T04:00:00,2100-12-31T23:59:59
2021060,4,350170001,0,2025-06-20T04:00:00,2100-12-31T23:59:59
2021060,5,350180001,0,2025-06-20T04:00:00,2100-12-31T23:59:59
2021060,6,350210001,0,2025-06-20T04:00:00,2100-12-31T23:59:59
2021060,7,350220001,0,2025-06-20T04:00:00,2100-12-31T23:59:59
2021060,8,350260001,0,2025-06-20T04:00:00,2100-12-31T23:59:59
2021060,9,350270001,0,2025-06-20T04:00:00,2100-12-31T23:59:59
2021060,10,350280001,0,2025-06-20T04:00:00,2100-12-31T23:59:59
2044040,0,350130001,0,2024-04-26T04:00:00,2100-12-31T23:59:59
2044040,1,350140001,0,2024-04-26T04:00:00,2100-12-31T23:59:59
2044040,2,350150001,0,2024-04-26T04:00:00,2100-12-31T23:59:59
2044040,3,350160001,0,2024-04-26T04:00:00,2100-12-31T23:59:59
2044040,4,350170001,0,2024-04-26T04:00:00,2100-12-31T23:59:59
2044040,5,350180001,0,2024-04-26T04:00:00,2100-12-31T23:59:59
2044040,6,350210001,0,2024-04-26T04:00:00,2100-12-31T23:59:59
2044040,7,350220001,0,2024-04-26T04:00:00,2100-12-31T23:59:59
2044040,8,350260001,0,2024-04-26T04:00:00,2100-12-31T23:59:59
2044040,9,350270001,0,2024-04-26T04:00:00,2100-12-31T23:59:59
2044040,10,350280001,0,2024-04-26T04:00:00,2100-12-31T23:59:59
2059020,0,350130001,0,2024-04-26T04:00:00,2100-12-31T23:59:59
2059020,1,350140001,0,2024-04-26T04:00:00,2100-12-31T23:59:59
2059020,2,350150001,0,2024-04-26T04:00:00,2100-12-31T23:59:59
2059020,3,350160001,0,2024-04-26T04:00:00,2100-12-31T23:59:59
2059020,4,350170001,0,2024-04-26T04:00:00,2100-12-31T23:59:59
2059020,5,350180001,0,2024-04-26T04:00:00,2100-12-31T23:59:59
2059020,6,350210001,0,2024-04-26T04:00:00,2100-12-31T23:59:59
2059020,7,350220001,0,2024-04-26T04:00:00,2100-12-31T23:59:59
2059020,8,350260001,0,2024-04-26T04:00:00,2100-12-31T23:59:59
2059020,9,350270001,0,2024-04-26T04:00:00,2100-12-31T23:59:59
2059020,10,350280001,0,2024-04-26T04:00:00,2100-12-31T23:59:59
2087010,0,350130001,0,2024-04-26T04:00:00,2100-12-31T23:59:59
2087010,1,350140001,0,2024-04-26T04:00:00,2100-12-31T23:59:59
2087010,2,350150001,0,2024-04-26T04:00:00,2100-12-31T23:59:59
2087010,3,350160001,0,2024-04-26T04:00:00,2100-12-31T23:59:59
2087010,4,350170001,0,2024-04-26T04:00:00,2100-12-31T23:59:59
2087010,5,350180001,0,2024-04-26T04:00:00,2100-12-31T23:59:59
2087010,6,350210001,0,2024-04-26T04:00:00,2100-12-31T23:59:59
2087010,7,350220001,0,2024-04-26T04:00:00,2100-12-31T23:59:59
2087010,8,350260001,0,2024-04-26T04:00:00,2100-12-31T23:59:59
2087010,9,350270001,0,2024-04-26T04:00:00,2100-12-31T23:59:59
2087010,10,350280001,0,2024-04-26T04:00:00,2100-12-31T23:59:59
2109030,0,350130001,0,2026-06-16T10:35:00,2100-12-31T23:59:59
2109030,1,350140001,0,2026-06-16T10:35:00,2100-12-31T23:59:59
2109030,2,350150001,0,2026-06-16T10:35:00,2100-12-31T23:59:59
2109030,3,350160001,0,2026-06-16T10:35:00,2100-12-31T23:59:59
2109030,4,350170001,0,2026-06-16T10:35:00,2100-12-31T23:59:59
2109030,5,350180001,0,2026-06-16T10:35:00,2100-12-31T23:59:59
2109030,6,350210001,0,2026-06-16T10:35:00,2100-12-31T23:59:59
2109030,7,350220001,0,2026-06-16T10:35:00,2100-12-31T23:59:59
2109030,8,350260001,0,2026-06-16T10:35:00,2100-12-31T23:59:59
2109030,9,350270001,0,2026-06-16T10:35:00,2100-12-31T23:59:59
2109030,10,350280001,0,2026-06-16T10:35:00,2100-12-31T23:59:59
