shop_item_id,seq_id,stepup_text,condition_type,param1,param2,param3,param4,reward_group_id,price
110001,1,0,1,3101003,3101004,8,50,3101002,0
110002,1,0,1,3101007,3101008,8,50,3101006,0
110003,1,0,1,3101013,3101014,8,50,3101012,0
110004,1,0,1,3101017,3101018,8,0,3101016,0
110005,1,0,1,3101021,3101022,8,0,3101020,0
110006,1,0,1,3101025,3101026,8,50,3101024,0
120001,1,0,2,1,0,0,0,3102020,0
120001,2,0,2,2,0,0,0,3102020,0
120001,3,0,2,3,0,0,0,3102020,0
120001,4,0,2,4,0,0,0,3102020,0
120001,5,0,2,5,0,0,0,3102020,0
120001,6,0,2,6,0,0,0,3102020,0
120001,7,0,2,7,0,0,0,3102020,0
130001,1,0,3,111008,0,0,0,3102002,0
130001,2,0,3,121007,0,0,0,3102002,0
130001,3,0,3,131011,0,0,0,3102002,0
130002,1,0,3,211015,0,0,0,3102004,0
130002,2,0,3,221014,0,0,0,3102004,0
130002,3,0,3,231009,0,0,0,3102004,0
130003,1,0,3,311019,0,0,0,3102006,0
130003,2,0,3,321007,0,0,0,3102006,0
130003,3,0,3,331011,0,0,0,3102006,0
130004,1,0,3,411013,0,0,0,3102008,0
130004,2,0,3,421012,0,0,0,3102008,0
130004,3,0,3,431009,0,0,0,3102008,0
130005,1,0,3,511011,0,0,0,3102010,0
130005,2,0,3,521008,0,0,0,3102010,0
130005,3,0,3,531015,0,0,0,3102010,0
130006,1,0,3,611011,0,0,0,3102012,0
130006,2,0,3,621011,0,0,0,3102012,0
130006,3,0,3,631012,0,0,0,3102012,0
130007,1,0,3,711012,0,0,0,3102014,0
130007,2,0,3,721019,0,0,0,3102014,0
130007,3,0,3,731012,0,0,0,3102014,0
130008,1,0,3,811016,0,0,0,3102108,0
130008,2,0,3,821014,0,0,0,3102108,0
130008,3,0,3,831014,0,0,0,3102108,0
130009,1,0,3,911013,0,0,0,3102110,0
130009,2,0,3,921014,0,0,0,3102110,0
130009,3,0,3,931015,0,0,0,3102110,0
130010,1,0,3,1011012,0,0,0,3102269,0
130010,2,0,3,1021012,0,0,0,3102269,0
130010,3,0,3,1031013,0,0,0,3102269,0
130011,1,0,3,1111012,0,0,0,3102271,0
130011,2,0,3,1121013,0,0,0,3102271,0
130011,3,0,3,1131012,0,0,0,3102271,0
130012,1,0,3,1211010,0,0,0,3102565,0
130012,2,0,3,1221013,0,0,0,3102565,0
130012,3,0,3,1231011,0,0,0,3102565,0
130013,1,0,3,1311013,0,0,0,3102567,0
130013,2,0,3,1321010,0,0,0,3102567,0
130013,3,0,3,1331015,0,0,0,3102567,0
130014,1,0,3,1411012,0,0,0,3102759,0
130014,2,0,3,1421012,0,0,0,3102759,0
130014,3,0,3,1431013,0,0,0,3102759,0
130015,1,0,3,1511014,0,0,0,3102761,0
130015,2,0,3,1521014,0,0,0,3102761,0
130015,3,0,3,1531012,0,0,0,3102761,0
130016,1,0,3,1611012,0,0,0,3102968,0
130016,2,0,3,1621012,0,0,0,3102968,0
130016,3,0,3,1631013,0,0,0,3102968,0
130017,1,0,3,1711012,0,0,0,3102970,0
130017,2,0,3,1721009,0,0,0,3102970,0
130017,3,0,3,1731016,0,0,0,3102970,0
130018,1,0,3,1811014,0,0,0,3117131,0
130018,2,0,3,1821013,0,0,0,3117131,0
130018,3,0,3,1831010,0,0,0,3117131,0
130019,1,0,3,1911010,0,0,0,3117133,0
130019,2,0,3,1921012,0,0,0,3117133,0
130019,3,0,3,1931017,0,0,0,3117133,0
130020,1,0,3,2011011,0,0,0,3117342,0
130020,2,0,3,2021013,0,0,0,3117342,0
130020,3,0,3,2031012,0,0,0,3117342,0
130021,1,0,3,2111016,0,0,0,3117344,0
130021,2,0,3,2121011,0,0,0,3117344,0
130021,3,0,3,2131013,0,0,0,3117344,0
130022,1,0,3,2211010,0,0,0,3117470,0
130022,2,0,3,2221011,0,0,0,3117470,0
130022,3,0,3,2231017,0,0,0,3117470,0
130023,1,0,3,2311011,0,0,0,3117472,0
130023,2,0,3,2321010,0,0,0,3117472,0
130023,3,0,3,2331016,0,0,0,3117472,0
130024,1,0,3,2411013,0,0,0,3117614,0
130024,2,0,3,2421018,0,0,0,3117614,0
130024,3,0,3,2431013,0,0,0,3117614,0
130025,1,0,3,2511015,0,0,0,3117616,0
130025,2,0,3,2521014,0,0,0,3117616,0
130025,3,0,3,2531013,0,0,0,3117616,0
130026,1,0,3,2611015,0,0,0,3117780,0
130026,2,0,3,2621012,0,0,0,3117780,0
130026,3,0,3,2631012,0,0,0,3117780,0
130027,1,0,3,2711015,0,0,0,3117782,0
130027,2,0,3,2721015,0,0,0,3117782,0
130027,3,0,3,2731011,0,0,0,3117782,0
130028,1,0,3,2811011,0,0,0,3118007,0
130028,2,0,3,2821014,0,0,0,3118007,0
130028,3,0,3,2831012,0,0,0,3118007,0
130029,1,0,3,2911014,0,0,0,3118009,0
130029,2,0,3,2921012,0,0,0,3118009,0
130029,3,0,3,2931013,0,0,0,3118009,0
130030,1,0,3,3011016,0,0,0,3118243,0
130030,2,0,3,3021012,0,0,0,3118243,0
130030,3,0,3,3031013,0,0,0,3118243,0
130031,1,0,3,3111014,0,0,0,3118245,0
130031,2,0,3,3121013,0,0,0,3118245,0
130031,3,0,3,3131013,0,0,0,3118245,0
130032,1,0,3,3211012,0,0,0,3118351,0
130032,2,0,3,3221012,0,0,0,3118351,0
130032,3,0,3,3231015,0,0,0,3118351,0
130033,1,0,3,3311013,0,0,0,3118353,0
130033,2,0,3,3321013,0,0,0,3118353,0
130033,3,0,3,3331015,0,0,0,3118353,0
130034,1,0,3,3411013,0,0,0,3118461,0
130034,2,0,3,3421012,0,0,0,3118461,0
130034,3,0,3,3431015,0,0,0,3118461,0
130035,1,0,3,3511013,0,0,0,3118463,0
130035,2,0,3,3521012,0,0,0,3118463,0
130035,3,0,3,3531014,0,0,0,3118463,0
130036,1,0,3,3611013,0,0,0,3118555,0
130036,2,0,3,3621012,0,0,0,3118555,0
130036,3,0,3,3631014,0,0,0,3118555,0
130037,1,0,3,3711016,0,0,0,3118557,0
130037,2,0,3,3721013,0,0,0,3118557,0
130037,3,0,3,3731014,0,0,0,3118557,0
130038,1,0,3,3811016,0,0,0,3118646,0
130038,2,0,3,3821021,0,0,0,3118646,0
130038,3,0,3,3831016,0,0,0,3118646,0
130039,1,0,3,3911015,0,0,0,3118648,0
130039,2,0,3,3921018,0,0,0,3118648,0
130039,3,0,3,3931015,0,0,0,3118648,0
130040,1,0,3,4011015,0,0,0,3118696,0
130040,2,0,3,4021017,0,0,0,3118696,0
130040,3,0,3,4031015,0,0,0,3118696,0
130041,1,0,3,4111017,0,0,0,3118698,0
130041,2,0,3,4121015,0,0,0,3118698,0
130041,3,0,3,4131013,0,0,0,3118698,0
140001,1,0,4,10,0,0,0,3102016,0
140001,2,0,4,20,0,0,0,3102016,0
140001,3,0,4,30,0,0,0,3102016,0
140001,4,0,4,40,0,0,0,3102016,0
140001,5,0,4,50,0,0,0,3102016,0
140001,6,0,4,60,0,0,0,3102016,0
140001,7,0,4,70,0,0,0,3102016,0
140001,8,0,4,80,0,0,0,3102016,0
160001,1,0,7,832000101,0,0,0,0,5
160001,2,0,7,832000102,0,0,0,0,10
160001,3,0,7,832000103,0,0,0,0,15
160001,4,0,7,832000104,0,0,0,0,20
160001,5,0,7,832000105,0,0,0,0,25
160001,6,0,7,832000106,0,0,0,0,30
160001,7,0,7,832000107,0,0,0,0,35
160001,8,0,7,832000108,0,0,0,0,40
160001,9,0,7,832000109,0,0,0,0,45
160001,10,0,7,832000110,0,0,0,0,0
160002,1,0,7,832000201,0,0,0,0,5
160002,2,0,7,832000202,0,0,0,0,10
160002,3,0,7,832000203,0,0,0,0,15
160002,4,0,7,832000204,0,0,0,0,20
160002,5,0,7,832000205,0,0,0,0,25
160002,6,0,7,832000206,0,0,0,0,30
160002,7,0,7,832000207,0,0,0,0,35
160002,8,0,7,832000208,0,0,0,0,40
160002,9,0,7,832000209,0,0,0,0,45
160002,10,0,7,832000210,0,0,0,0,0
160003,1,0,7,832000301,0,0,0,0,5
160003,2,0,7,832000302,0,0,0,0,10
160003,3,0,7,832000303,0,0,0,0,15
160003,4,0,7,832000304,0,0,0,0,20
160003,5,0,7,832000305,0,0,0,0,25
160003,6,0,7,832000306,0,0,0,0,30
160003,7,0,7,832000307,0,0,0,0,35
160003,8,0,7,832000308,0,0,0,0,40
160003,9,0,7,832000309,0,0,0,0,45
160003,10,0,7,832000310,0,0,0,0,0
160004,1,0,7,832000401,0,0,0,0,5
160004,2,0,7,832000402,0,0,0,0,10
160004,3,0,7,832000403,0,0,0,0,15
160004,4,0,7,832000404,0,0,0,0,20
160004,5,0,7,832000405,0,0,0,0,25
160004,6,0,7,832000406,0,0,0,0,30
160004,7,0,7,832000407,0,0,0,0,35
160004,8,0,7,832000408,0,0,0,0,40
160004,9,0,7,832000409,0,0,0,0,45
160004,10,0,7,832000410,0,0,0,0,0
160005,1,0,7,832000501,0,0,0,0,5
160005,2,0,7,832000502,0,0,0,0,10
160005,3,0,7,832000503,0,0,0,0,15
160005,4,0,7,832000504,0,0,0,0,20
160005,5,0,7,832000505,0,0,0,0,25
160005,6,0,7,832000506,0,0,0,0,30
160005,7,0,7,832000507,0,0,0,0,35
160005,8,0,7,832000508,0,0,0,0,40
160005,9,0,7,832000509,0,0,0,0,45
160005,10,0,7,832000510,0,0,0,0,0
160006,1,0,7,832000601,0,0,0,0,5
160006,2,0,7,832000602,0,0,0,0,10
160006,3,0,7,832000603,0,0,0,0,15
160006,4,0,7,832000604,0,0,0,0,20
160006,5,0,7,832000605,0,0,0,0,25
160006,6,0,7,832000606,0,0,0,0,30
160006,7,0,7,832000607,0,0,0,0,35
160006,8,0,7,832000608,0,0,0,0,40
160006,9,0,7,832000609,0,0,0,0,45
160006,10,0,7,832000610,0,0,0,0,0
160007,1,0,7,832000701,0,0,0,0,5
160007,2,0,7,832000702,0,0,0,0,10
160007,3,0,7,832000703,0,0,0,0,15
160007,4,0,7,832000704,0,0,0,0,20
160007,5,0,7,832000705,0,0,0,0,25
160007,6,0,7,832000706,0,0,0,0,30
160007,7,0,7,832000707,0,0,0,0,35
160007,8,0,7,832000708,0,0,0,0,40
160007,9,0,7,832000709,0,0,0,0,45
160007,10,0,7,832000710,0,0,0,0,0
160008,1,0,7,832000801,0,0,0,0,5
160008,2,0,7,832000802,0,0,0,0,10
160008,3,0,7,832000803,0,0,0,0,15
160008,4,0,7,832000804,0,0,0,0,20
160008,5,0,7,832000805,0,0,0,0,25
160008,6,0,7,832000806,0,0,0,0,30
160008,7,0,7,832000807,0,0,0,0,35
160008,8,0,7,832000808,0,0,0,0,40
160008,9,0,7,832000809,0,0,0,0,45
160008,10,0,7,832000810,0,0,0,0,0
160009,1,0,7,832000901,0,0,0,0,5
160009,2,0,7,832000902,0,0,0,0,10
160009,3,0,7,832000903,0,0,0,0,15
160009,4,0,7,832000904,0,0,0,0,20
160009,5,0,7,832000905,0,0,0,0,25
160009,6,0,7,832000906,0,0,0,0,30
160009,7,0,7,832000907,0,0,0,0,35
160009,8,0,7,832000908,0,0,0,0,40
160009,9,0,7,832000909,0,0,0,0,45
160009,10,0,7,832000910,0,0,0,0,0
170001,1,0,5,3010101,0,0,0,3102018,0
170001,2,0,5,3010201,0,0,0,3102018,0
170001,3,0,5,3010301,0,0,0,3102018,0
170001,4,0,5,3010401,0,0,0,3102018,0
170001,5,0,5,3010501,0,0,0,3102018,0
170001,6,0,5,3010601,0,0,0,3102018,0
170001,7,0,5,3010701,0,0,0,3102018,0
170001,8,0,5,3010801,0,0,0,3102018,0
170001,9,0,5,3010901,0,0,0,3102018,0
170001,10,0,5,3011001,0,0,0,3102018,0
190001,1,0,9,0,0,0,50,0,0
200001,1,0,10,43,0,0,0,0,0
200002,1,0,10,44,0,0,0,0,0
200003,1,0,10,45,0,0,0,0,0
200004,1,0,10,46,0,0,0,0,0
200005,1,0,10,47,0,0,0,0,0
200006,1,0,10,46,0,0,0,0,0
200007,1,0,10,46,0,0,0,0,0
200008,1,0,10,46,0,0,0,0,0
200009,1,0,10,46,0,0,0,0,0
200010,1,0,10,46,0,0,0,0,0
200011,1,0,10,46,0,0,0,0,0
200012,1,0,10,46,0,0,0,0,0
200013,1,0,10,46,0,0,0,0,0
200014,1,0,10,46,0,0,0,0,0
200015,1,0,10,46,0,0,0,0,0
200016,1,0,10,46,0,0,0,0,0
200017,1,0,10,46,0,0,0,0,0
200018,1,0,10,46,0,0,0,0,0
200019,1,0,10,46,0,0,0,0,0
200020,1,0,10,46,0,0,0,0,0
200021,1,0,10,46,0,0,0,0,0
200022,1,0,10,46,0,0,0,0,0
200023,1,0,10,46,0,0,0,0,0
