stage_id,item_id,item_num,reward_id_1,reward_id_2,exp
5021001,50042,1,0,0,0
5021002,50042,1,0,0,0
5021003,50042,1,0,0,0
5021004,50042,1,0,0,0
5021005,50042,1,0,0,0
5031001,50042,1,201001,0,500
5031002,50042,1,201008,0,3400
5031003,50042,1,201015,0,9800
5031004,50042,1,201022,0,18900
5031005,50042,1,201029,0,27000
5032001,50042,1,201002,0,500
5032002,50042,1,201009,0,3400
5032003,50042,1,201016,0,9800
5032004,50042,1,201023,0,18900
5032005,50042,1,201030,0,27000
5033001,50042,1,201003,0,500
5033002,50042,1,201010,0,3400
5033003,50042,1,201017,0,9800
5033004,50042,1,201024,0,18900
5033005,50042,1,201031,0,27000
5034001,50042,1,201004,0,500
5034002,50042,1,201011,0,3400
5034003,50042,1,201018,0,9800
5034004,50042,1,201025,0,18900
5034005,50042,1,201032,0,27000
5035001,50042,1,201005,0,500
5035002,50042,1,201012,0,3400
5035003,50042,1,201019,0,9800
5035004,50042,1,201026,0,18900
5035005,50042,1,201033,0,27000
5036001,50042,1,201006,0,500
5036002,50042,1,201013,0,3400
5036003,50042,1,201020,0,9800
5036004,50042,1,201027,0,18900
5036005,50042,1,201034,0,27000
5037001,50042,1,201007,0,500
5037002,50042,1,201014,0,3400
5037003,50042,1,201021,0,9800
5037004,50042,1,201028,0,18900
5037005,50042,1,201035,0,27000
