id,stage_id
37,5061001
37,5061002
12,5061003
37,5061003
12,5061004
37,5061004
37,5061005
46,5091000
46,5091001
46,5091002
46,5091003
46,5091004
46,5092000
46,5092001
46,5092002
46,5092003
46,5092004
46,5093000
46,5093001
46,5093002
46,5093003
46,5094001
46,5094002
46,5094003
46,5094004
46,5094005
46,5095001
46,5095002
46,5095003
46,5095004
46,5096001
46,5096002
46,5096003
46,5096004
46,5096005
46,5097001
46,5097002
46,5097003
46,5097004
46,5098001
46,5098002
46,5099001
46,5099002
2,5101001
13,5101001
63,5101001
3,5101002
18,5101002
20,5101002
42,5101002
53,5101002
2,5101003
13,5101003
63,5101003
3,5101004
4,5101004
18,5101004
20,5101004
42,5101004
53,5101004
63,5101005
20,5101006
42,5101006
53,5101006
63,5101007
53,5101008
63,5101009
53,5101010
13,5102001
63,5102001
14,5102002
18,5102002
20,5102002
42,5102002
53,5102002
13,5102003
63,5102003
14,5102004
18,5102004
20,5102004
42,5102004
53,5102004
63,5102005
53,5102006
63,5102007
53,5102008
63,5102009
53,5102010
50,5103001
63,5103001
53,5103002
50,5103003
63,5103003
53,5103004
63,5103005
53,5103006
63,5103007
53,5103008
63,5103009
53,5103010
63,5104001
53,5104002
63,5104003
53,5104004
63,5104005
53,5104006
63,5104007
53,5104008
63,5105001
92,5105001
53,5105002
63,5105003
92,5105003
53,5105004
63,5105005
53,5105006
63,5105007
53,5105008
63,5106001
53,5106002
63,5106003
53,5106004
63,5106005
53,5106006
63,5106007
53,5106008
63,5107001
53,5107002
63,5107003
53,5107004
53,5107005
63,5107005
53,5107006
63,5108001
53,5108002
63,5108003
53,5108004
63,5108005
53,5108006
116,5110092
27,5111001
61,5111001
64,5111001
27,5112001
61,5112001
64,5112001
27,5113001
61,5113001
64,5113001
61,5114001
64,5114001
1,5131001
54,5131001
1,5131002
54,5131002
1,5131003
6,5131003
54,5131003
74,5131003
78,5131003
54,5131004
54,5131005
6,5131006
54,5131006
74,5131006
78,5131006
54,5131007
54,5131008
6,5131009
54,5131009
74,5131009
78,5131009
54,5131010
54,5131011
6,5131012
54,5131012
74,5131012
78,5131012
1,5132001
54,5132001
1,5132002
54,5132002
1,5132003
6,5132003
54,5132003
79,5132003
54,5132004
54,5132005
6,5132006
54,5132006
79,5132006
54,5132007
54,5132008
6,5132009
54,5132009
79,5132009
54,5132010
54,5132011
6,5132012
54,5132012
79,5132012
54,5134001
54,5134002
6,5134003
54,5134003
80,5134003
54,5134004
54,5134005
6,5134006
54,5134006
80,5134006
54,5134007
54,5134008
6,5134009
54,5134009
80,5134009
6,5134012
80,5134012
6,5135003
6,5135006
6,5135009
6,5135012
6,5136003
6,5136006
6,5136009
6,5136012
22,5191001
60,5191001
22,5191002
60,5191002
22,5191003
60,5191003
23,5191004
60,5191004
23,5191005
60,5191005
23,5191006
60,5191006
24,5191007
60,5191007
24,5191008
60,5191008
24,5191009
60,5191009
25,5191010
60,5191010
25,5191011
60,5191011
25,5191012
60,5191012
26,5191013
60,5191013
26,5191014
60,5191014
26,5191015
60,5191015
60,5191016
60,5191017
60,5191018
60,5191019
60,5191020
60,5191021
60,5191022
60,5191023
60,5191024
60,5191025
60,5191026
60,5191027
60,5191028
60,5191029
60,5191030
60,5191031
60,5191032
60,5191033
60,5191034
60,5191035
60,5191036
60,5191037
60,5191038
60,5191039
60,5191040
60,5191041
60,5191042
60,5191043
60,5191044
60,5191045
60,5191046
60,5191047
60,5191048
60,5191049
60,5191050
60,5191051
60,5191052
60,5191053
60,5191054
60,5191055
60,5191056
60,5191057
60,5191058
60,5191059
60,5191060
60,5191061
60,5191062
60,5191063
60,5191064
60,5191065
60,5191066
60,5191067
60,5191068
60,5191069
60,5191070
60,5191071
60,5191072
60,5191073
60,5191074
60,5191075
60,5191076
60,5191077
60,5191078
60,5191079
60,5191080
60,5191081
60,5191082
60,5191083
5,5193012
5,5193013
5,5193014
9,5193015
9,5193016
9,5193017
10,5193018
10,5193019
10,5193020
10,5193021
11,5193026
11,5193027
11,5193028
11,5193029
15,5193030
15,5193031
15,5193032
15,5193033
19,5193034
19,5193035
19,5193036
19,5193037
21,5193038
21,5193039
21,5193040
21,5193041
28,5193042
28,5193043
28,5193044
28,5193045
33,5193047
33,5193048
33,5193049
33,5193050
34,5193051
34,5193052
34,5193053
34,5193054
36,5193055
36,5193056
36,5193057
36,5193058
40,5193059
40,5193060
40,5193061
40,5193062
41,5193063
41,5193064
41,5193065
41,5193066
44,5193067
44,5193068
44,5193069
44,5193070
45,5193071
45,5193072
45,5193073
45,5193074
47,5193075
47,5193076
47,5193077
47,5193078
49,5193079
49,5193080
49,5193081
49,5193082
55,5193083
55,5193084
55,5193085
55,5193086
57,5193087
57,5193088
57,5193089
57,5193090
59,5193091
60,5193091
59,5193092
60,5193092
59,5193093
60,5193093
59,5193094
60,5193094
62,5193095
62,5193096
62,5193097
62,5193098
68,5193099
68,5193100
68,5193101
68,5193102
69,5193103
69,5193104
69,5193105
69,5193106
71,5193107
71,5193108
71,5193109
71,5193110
72,5193111
72,5193112
72,5193113
72,5193114
75,5193115
75,5193116
75,5193117
75,5193118
81,5193119
81,5193120
81,5193121
81,5193122
82,5193123
82,5193124
82,5193125
82,5193126
83,5193127
83,5193128
83,5193129
83,5193130
84,5193131
84,5193132
84,5193133
84,5193134
87,5193135
87,5193136
87,5193137
87,5193138
88,5193139
88,5193140
88,5193141
88,5193142
89,5193143
89,5193144
89,5193145
89,5193146
90,5193147
90,5193148
90,5193149
90,5193150
91,5193151
91,5193152
91,5193153
91,5193154
95,5193158
100,5193158
95,5193159
100,5193159
95,5193160
100,5193160
95,5193161
100,5193161
101,5193162
101,5193163
101,5193164
101,5193165
103,5193169
103,5193170
103,5193171
103,5193172
104,5193173
104,5193174
104,5193175
104,5193176
105,5193177
105,5193178
105,5193179
105,5193180
110,5193181
110,5193182
110,5193183
110,5193184
111,5193185
111,5193186
111,5193187
111,5193188
112,5193192
112,5193193
112,5193194
112,5193195
114,5193196
114,5193197
114,5193198
114,5193199
117,5193200
117,5193201
117,5193202
117,5193203
120,5193204
120,5193205
120,5193206
120,5193207
121,5193208
121,5193209
121,5193210
121,5193211
122,5193212
122,5193213
122,5193214
122,5193215
123,5193216
123,5193217
123,5193218
123,5193219
127,5193220
127,5193221
127,5193222
127,5193223
128,5193224
128,5193225
128,5193226
128,5193227
129,5193228
129,5193229
129,5193230
129,5193231
130,5193232
130,5193233
130,5193234
130,5193235
131,5193239
131,5193240
131,5193241
131,5193242
135,5193243
135,5193244
135,5193245
135,5193246
136,5193247
136,5193248
136,5193249
136,5193250
137,5193251
137,5193252
137,5193253
137,5193254
138,5193255
138,5193256
138,5193257
138,5193258
139,5193259
139,5193260
139,5193261
139,5193262
143,5193263
143,5193264
143,5193265
143,5193266
144,5193267
144,5193268
144,5193269
144,5193270
145,5193271
145,5193272
145,5193273
145,5193274
146,5193275
146,5193276
146,5193277
146,5193278
148,5193279
148,5193280
148,5193281
148,5193282
151,5193283
151,5193284
151,5193285
151,5193286
152,5193287
152,5193288
152,5193289
152,5193290
153,5193291
153,5193292
153,5193293
153,5193294
154,5193295
154,5193296
154,5193297
154,5193298
155,5193299
155,5193300
155,5193301
155,5193302
159,5193303
159,5193304
159,5193305
159,5193306
160,5193307
160,5193308
160,5193309
160,5193310
161,5193311
161,5193312
161,5193313
161,5193314
162,5193315
162,5193316
162,5193317
162,5193318
163,5193319
163,5193320
163,5193321
163,5193322
167,5193323
167,5193324
167,5193325
167,5193326
168,5193327
168,5193328
168,5193329
168,5193330
169,5193331
169,5193332
169,5193333
169,5193334
170,5193335
170,5193336
170,5193337
170,5193338
171,5193339
171,5193340
171,5193341
171,5193342
175,5193343
175,5193344
175,5193345
175,5193346
176,5193347
176,5193348
176,5193349
176,5193350
177,5193351
177,5193352
177,5193353
177,5193354
178,5193355
178,5193356
178,5193357
178,5193358
182,5193359
182,5193360
182,5193361
182,5193362
183,5193363
183,5193364
183,5193365
183,5193366
184,5193367
184,5193368
184,5193369
184,5193370
185,5193371
185,5193372
185,5193373
185,5193374
189,5193375
189,5193376
189,5193377
189,5193378
43,5194001
60,5194001
43,5194002
60,5194002
43,5194003
60,5194003
43,5194004
60,5194004
43,5194005
60,5194005
43,5194006
60,5194006
43,5194007
60,5194007
43,5194008
60,5194008
43,5194009
60,5194009
43,5194013
43,5194014
43,5194015
43,5194016
29,5196001
30,5196001
29,5196002
30,5196002
29,5196003
31,5196003
29,5196004
31,5196004
29,5196005
32,5196005
29,5196006
32,5196006
56,5196007
56,5196008
56,5196009
102,5196010
102,5196011
102,5196012
102,5196013
102,5196014
102,5196015
107,5198001
107,5198002
107,5198003
107,5198004
107,5198005
107,5198006
107,5198007
107,5198008
107,5198009
107,5198010
7,5201001
7,5201002
7,5201003
8,5201004
16,5201005
16,5201006
16,5201007
17,5201008
38,5201009
38,5201010
38,5201011
39,5201012
51,5201013
51,5201014
51,5201015
51,5201016
65,5201017
65,5201018
65,5201019
65,5201020
76,5201021
76,5201022
76,5201023
77,5201024
85,5201025
85,5201026
85,5201027
85,5201028
96,5201029
96,5201030
96,5201031
96,5201032
108,5201033
108,5201034
108,5201035
108,5201036
118,5201037
118,5201038
118,5201039
118,5201040
125,5201041
125,5201042
125,5201043
125,5201044
133,5201045
133,5201046
133,5201047
133,5201048
141,5201049
141,5201050
141,5201051
141,5201052
149,5201053
149,5201054
149,5201055
149,5201056
157,5201057
157,5201058
157,5201059
157,5201060
165,5201061
165,5201062
165,5201063
165,5201064
173,5201065
173,5201066
173,5201067
173,5201068
180,5201069
180,5201070
180,5201071
180,5201072
187,5201073
187,5201074
187,5201075
187,5201076
8,5202001
8,5202002
8,5202003
8,5202004
17,5202005
17,5202006
17,5202007
17,5202008
39,5202009
39,5202010
39,5202011
39,5202012
52,5202013
52,5202014
52,5202015
52,5202016
66,5202017
66,5202018
66,5202019
66,5202020
66,5202021
77,5202022
77,5202023
77,5202024
77,5202025
77,5202026
86,5202027
86,5202028
86,5202029
86,5202030
86,5202031
97,5202032
97,5202033
97,5202034
97,5202035
97,5202036
109,5202037
109,5202038
109,5202039
109,5202040
109,5202041
119,5202042
119,5202043
119,5202044
119,5202045
119,5202046
126,5202047
126,5202048
126,5202049
126,5202050
126,5202051
134,5202052
134,5202053
134,5202054
134,5202055
134,5202056
142,5202057
142,5202058
142,5202059
142,5202060
142,5202061
150,5202062
150,5202063
150,5202064
150,5202065
150,5202066
158,5202067
158,5202068
158,5202069
158,5202070
158,5202071
166,5202072
166,5202073
166,5202074
166,5202075
166,5202076
174,5202077
174,5202078
174,5202079
174,5202080
174,5202081
181,5202082
181,5202083
181,5202084
181,5202085
181,5202086
188,5202087
188,5202088
188,5202089
188,5202090
188,5202091
67,5231001
73,5231001
93,5231001
106,5231001
113,5231001
124,5231001
67,5232001
73,5232001
93,5232001
106,5232001
113,5232001
124,5232001
93,5233001
106,5233001
113,5233001
124,5233001
93,5234001
106,5234001
113,5234001
124,5234001
113,5235001
124,5235001
113,5236001
113,5237001
48,5261001
48,5261002
48,5261003
48,5261004
48,5261005
48,5261006
48,5261007
48,5261008
48,5261009
48,5261010
48,5271001
48,5271002
48,5271003
48,5271004
48,5271005
48,5271006
48,5271007
48,5271008
48,5271009
48,5271010
48,5271011
48,5271012
48,5271013
48,5271014
48,5271015
48,5271016
48,5271017
48,5271018
48,5271019
48,5271020
58,5301001
58,5301002
58,5301003
58,5301004
58,5301005
58,5301006
58,5301007
58,5301008
58,5301009
58,5301010
58,5301011
58,5301012
58,5301013
58,5301014
58,5301015
58,5301016
58,5301017
58,5301018
58,5301019
58,5301020
58,5301021
58,5301022
58,5301023
58,5301024
58,5301025
73,5391001
93,5461001
106,5491001
115,5511001
124,5541001
132,5561001
140,5581001
147,5601001
156,5631001
164,5651001
172,5671001
179,5691001
186,5711001
63,6022001
53,6022002
63,6022003
53,6022004
63,6022005
53,6022006
63,6026007
53,6026008
63,6026009
53,6026010
63,6026011
53,6026012
63,6029013
53,6029014
63,6029015
53,6029016
63,6029017
53,6029018
63,6032019
53,6032020
63,6032021
53,6032022
63,6032023
53,6032024
63,6035025
53,6035026
63,6035027
53,6035028
63,6035029
53,6035030
63,6038031
53,6038032
63,6038033
53,6038034
63,6038035
53,6038036
63,6041037
53,6041038
63,6041039
53,6041040
63,6041041
53,6041042
63,6041043
53,6041044
63,6044053
53,6044054
63,6044055
53,6044056
63,6044057
53,6044058
63,6044059
53,6044060
